Academic Concept (EN),Academic Concept (AR),Concept URL (EN),Concept URL (AR),Subcategory,Reference Title,Reference URL,Citation (EN),Citation (AR)
"Cognitive Behavioral Psychology: Thought Patterns, Distortions, and Therapy",علم النفس السلوكي المعرفي: أنماط التفكير، التشوهات، والعلاج.,https://smarticle.tech/en/article/cognitive-behavioral-psychology-thought-patterns-distortions-and-therapy-202605130119,https://smarticle.tech/ar/article/cognitive-behavioral-psychology-thought-patterns-distortions-and-therapy-202605130119,Psychology,Mental Helth Workbook,https://openlibrary.org/works/OL31118330W,Mental Helth Workbook. by Social World Press. (2021). — Independently Published. ISBN: 9798540341547,Mental Helth Workbook. بقلم Social World Press. (2021). — Independently Published. ردمك: 9798540341547
"Cognitive Behavioral Psychology: Thought Patterns, Distortions, and Therapy",علم النفس السلوكي المعرفي: أنماط التفكير، التشوهات، والعلاج.,https://smarticle.tech/en/article/cognitive-behavioral-psychology-thought-patterns-distortions-and-therapy-202605130119,https://smarticle.tech/ar/article/cognitive-behavioral-psychology-thought-patterns-distortions-and-therapy-202605130119,Psychology,Anxiety Management Workbook,https://openlibrary.org/works/OL30295449W,Anxiety Management Workbook. by From Dyzamora. (2019). — Independently Published. ISBN: 9781705361146,Anxiety Management Workbook. بقلم From Dyzamora. (2019). — Independently Published. ردمك: 9781705361146
"Cognitive Behavioral Psychology: Thought Patterns, Distortions, and Therapy",علم النفس السلوكي المعرفي: أنماط التفكير، التشوهات، والعلاج.,https://smarticle.tech/en/article/cognitive-behavioral-psychology-thought-patterns-distortions-and-therapy-202605130119,https://smarticle.tech/ar/article/cognitive-behavioral-psychology-thought-patterns-distortions-and-therapy-202605130119,Psychology,Cognitive-Behavioral Treatment for Generalized Anxiety Disorder,https://openlibrary.org/works/OL21227968W,"Cognitive-Behavioral Treatment for Generalized Anxiety Disorder. by Michel J. Dugas, Melisa Robichaud. (2006). — Brunner-Routledge. ISBN: 9781138888067",Cognitive-Behavioral Treatment for Generalized Anxiety Disorder. بقلم Michel J. Dugas، Melisa Robichaud. (2006). — Brunner-Routledge. ردمك: 9781138888067
"Cognitive Behavioral Psychology: Thought Patterns, Distortions, and Therapy",علم النفس السلوكي المعرفي: أنماط التفكير، التشوهات، والعلاج.,https://smarticle.tech/en/article/cognitive-behavioral-psychology-thought-patterns-distortions-and-therapy-202605130119,https://smarticle.tech/ar/article/cognitive-behavioral-psychology-thought-patterns-distortions-and-therapy-202605130119,Psychology,Cognitive Behaviour Therapy,https://openlibrary.org/works/OL6031979W,Cognitive Behaviour Therapy. by Michael Neenan. (2002). — Whurr Publishers. ISBN: 9781317648406,Cognitive Behaviour Therapy. بقلم Michael Neenan. (2002). — Whurr Publishers. ردمك: 9781317648406
"Cognitive Behavioral Psychology: Thought Patterns, Distortions, and Therapy",علم النفس السلوكي المعرفي: أنماط التفكير، التشوهات، والعلاج.,https://smarticle.tech/en/article/cognitive-behavioral-psychology-thought-patterns-distortions-and-therapy-202605130119,https://smarticle.tech/ar/article/cognitive-behavioral-psychology-thought-patterns-distortions-and-therapy-202605130119,Psychology,Overcoming teenage low mood and depression,https://archive.org/details/overcomingteenag0000dumm,"Overcoming teenage low mood and depression. by Nicky Dummett, Christoper Williams. (2008). — Routledge. ISBN: 1444167499",Overcoming teenage low mood and depression. بقلم Nicky Dummett، Christoper Williams. (2008). — Routledge. ردمك: 1444167499
"Cognitive Behavioral Psychology: Thought Patterns, Distortions, and Therapy",علم النفس السلوكي المعرفي: أنماط التفكير، التشوهات، والعلاج.,https://smarticle.tech/en/article/cognitive-behavioral-psychology-thought-patterns-distortions-and-therapy-202605130119,https://smarticle.tech/ar/article/cognitive-behavioral-psychology-thought-patterns-distortions-and-therapy-202605130119,Psychology,The psychological treatment of depression,https://archive.org/details/psychologicaltre0000will,The psychological treatment of depression. by J. Mark G. Williams. (1984). — Free Press. ISBN: 1280070714,The psychological treatment of depression. بقلم J. Mark G. Williams. (1984). — Free Press. ردمك: 1280070714
"Cognitive Behavioral Psychology: Thought Patterns, Distortions, and Therapy",علم النفس السلوكي المعرفي: أنماط التفكير، التشوهات، والعلاج.,https://smarticle.tech/en/article/cognitive-behavioral-psychology-thought-patterns-distortions-and-therapy-202605130119,https://smarticle.tech/ar/article/cognitive-behavioral-psychology-thought-patterns-distortions-and-therapy-202605130119,Psychology,Introducing Cognitive Behavioral Therapy,https://openlibrary.org/works/OL29599098W,Introducing Cognitive Behavioral Therapy. by Daniel Anderson. (2019). — Independently Published. ISBN: 9781796879117,Introducing Cognitive Behavioral Therapy. بقلم Daniel Anderson. (2019). — Independently Published. ردمك: 9781796879117
"Cognitive Behavioral Psychology: Thought Patterns, Distortions, and Therapy",علم النفس السلوكي المعرفي: أنماط التفكير، التشوهات، والعلاج.,https://smarticle.tech/en/article/cognitive-behavioral-psychology-thought-patterns-distortions-and-therapy-202605130119,https://smarticle.tech/ar/article/cognitive-behavioral-psychology-thought-patterns-distortions-and-therapy-202605130119,Psychology,The role of moral disengagement and cognitive distortions toward children among sex offenders,https://doi.org/10.1080/13218719.2018.1506718,"D’Urso, G., Petruccelli, I., Costantino, V., Zappulla, C., & Pace, U. ""The role of moral disengagement and cognitive distortions toward children among sex offenders"". semantic_scholar_foundational, 2018.","دور الانفصال الأخلاقي والتشوهات المعرفية تجاه الأطفال بين الجناة في الجرائم الجنسية. د’أورسو، ج.، بيتروتشيلي، إ.، كوستانتينو، ف.، زابولا، ك.، وبيس، و. ""دور الانفصال الأخلاقي والتشوهات المعرفية تجاه الأطفال بين الجناة في الجرائم الجنسية"". *semantic_scholar_foundational*، 2018."
"Cognitive Behavioral Psychology: Thought Patterns, Distortions, and Therapy",علم النفس السلوكي المعرفي: أنماط التفكير، التشوهات، والعلاج.,https://smarticle.tech/en/article/cognitive-behavioral-psychology-thought-patterns-distortions-and-therapy-202605130119,https://smarticle.tech/ar/article/cognitive-behavioral-psychology-thought-patterns-distortions-and-therapy-202605130119,Psychology,"The Cognitive, Ecological, and Developmental Origins of Self-Disturbance in Borderline Personality Disorder",https://doi.org/10.3389/fpsyt.2021.707091,"Baptista, A., Cohen, D., Jacquet, P., Chambon, V. ""The Cognitive, Ecological, and Developmental Origins of Self-Disturbance in Borderline Personality Disorder"". Frontiers in Psychiatry, 2021.","الأصول المعرفية والبيئية والنمائية لاضطراب الذات في اضطراب الشخصية الحدية. بابتيستا، أ.، كوهين، د.، جاكيت، ب.، شامبون، ف. ""الأصول المعرفية والبيئية والنمائية لاضطراب الذات في اضطراب الشخصية الحدية"". *Frontiers in Psychiatry*، 2021."
"Cognitive Behavioral Psychology: Thought Patterns, Distortions, and Therapy",علم النفس السلوكي المعرفي: أنماط التفكير، التشوهات، والعلاج.,https://smarticle.tech/en/article/cognitive-behavioral-psychology-thought-patterns-distortions-and-therapy-202605130119,https://smarticle.tech/ar/article/cognitive-behavioral-psychology-thought-patterns-distortions-and-therapy-202605130119,Psychology,Understanding and Managing Cognitive Distortions in Individuals With Schizophrenia,https://doi.org/10.7759/cureus.45268,"K. Verma. ""Understanding and Managing Cognitive Distortions in Individuals With Schizophrenia"". Cureus, 2023.","فهم وإدارة التشوهات المعرفية لدى الأفراد المصابين بالفصام. فيرما، ك. ""فهم وإدارة التشوهات المعرفية لدى الأفراد المصابين بالفصام"". *Cureus*، 2023."
"Developmental Psychology: Piaget, Vygotsky, and Stages of Human Development",علم النفس التطوري: بياجيه، فيغوتسكي، ومراحل التطور البشري.,https://smarticle.tech/en/article/developmental-psychology-piaget-vygotsky-and-stages-of-human-development-202605130133,https://smarticle.tech/ar/article/developmental-psychology-piaget-vygotsky-and-stages-of-human-development-202605130133,Psychology,Représentation du monde chez l'enfant,https://archive.org/details/childsconception01piag,Représentation du monde chez l'enfant. by Jean Piaget. (1929). — Littlefield Adams Quality Paperbacks. ISBN: 0742559513,Représentation du monde chez l'enfant. بقلم Jean Piaget. (1929). — Littlefield Adams Quality Paperbacks. ردمك: 0742559513
"Developmental Psychology: Piaget, Vygotsky, and Stages of Human Development",علم النفس التطوري: بياجيه، فيغوتسكي، ومراحل التطور البشري.,https://smarticle.tech/en/article/developmental-psychology-piaget-vygotsky-and-stages-of-human-development-202605130133,https://smarticle.tech/ar/article/developmental-psychology-piaget-vygotsky-and-stages-of-human-development-202605130133,Psychology,Child development,https://archive.org/details/childdevelopment0007sant,Child development. by John W. Santrock. (1989). — Brown & Benchmark Publishers. ISBN: 9780072967432,Child development. بقلم John W. Santrock. (1989). — Brown & Benchmark Publishers. ردمك: 9780072967432
"Developmental Psychology: Piaget, Vygotsky, and Stages of Human Development",علم النفس التطوري: بياجيه، فيغوتسكي، ومراحل التطور البشري.,https://smarticle.tech/en/article/developmental-psychology-piaget-vygotsky-and-stages-of-human-development-202605130133,https://smarticle.tech/ar/article/developmental-psychology-piaget-vygotsky-and-stages-of-human-development-202605130133,Psychology,How children develop,https://archive.org/details/howchildrendevel0000sieg,"How children develop. by Robert S. Siegler, Nancy Eisenberg, Judy S. Deloache. (2002). — FREEMAN MACMILLAN. ISBN: 9781429272681",How children develop. بقلم Robert S. Siegler، Nancy Eisenberg، Judy S. Deloache. (2002). — FREEMAN MACMILLAN. ردمك: 9781429272681
"Developmental Psychology: Piaget, Vygotsky, and Stages of Human Development",علم النفس التطوري: بياجيه، فيغوتسكي، ومراحل التطور البشري.,https://smarticle.tech/en/article/developmental-psychology-piaget-vygotsky-and-stages-of-human-development-202605130133,https://smarticle.tech/ar/article/developmental-psychology-piaget-vygotsky-and-stages-of-human-development-202605130133,Psychology,Human Growth and Development,https://archive.org/details/humangrowthdevel0000sudb,Human Growth and Development. by John Sudbery. (2009). — Taylor & Francis Group. ISBN: 9781135275549,Human Growth and Development. بقلم John Sudbery. (2009). — Taylor & Francis Group. ردمك: 9781135275549
"Developmental Psychology: Piaget, Vygotsky, and Stages of Human Development",علم النفس التطوري: بياجيه، فيغوتسكي، ومراحل التطور البشري.,https://smarticle.tech/en/article/developmental-psychology-piaget-vygotsky-and-stages-of-human-development-202605130133,https://smarticle.tech/ar/article/developmental-psychology-piaget-vygotsky-and-stages-of-human-development-202605130133,Psychology,The education of children,https://archive.org/details/b29932026,The education of children. by Alfred Adler. (1930). — Taylor & Francis Group. ISBN: 9780786102730,The education of children. بقلم Alfred Adler. (1930). — Taylor & Francis Group. ردمك: 9780786102730
"Developmental Psychology: Piaget, Vygotsky, and Stages of Human Development",علم النفس التطوري: بياجيه، فيغوتسكي، ومراحل التطور البشري.,https://smarticle.tech/en/article/developmental-psychology-piaget-vygotsky-and-stages-of-human-development-202605130133,https://smarticle.tech/ar/article/developmental-psychology-piaget-vygotsky-and-stages-of-human-development-202605130133,Psychology,Psychologische Typen,https://archive.org/details/typespsychologiq0000jung,Psychologische Typen. by Carl Gustav Jung. (1921). — Georg. ISBN: 0691097704,Psychologische Typen. بقلم Carl Gustav Jung. (1921). — Georg. ردمك: 0691097704
"Developmental Psychology: Piaget, Vygotsky, and Stages of Human Development",علم النفس التطوري: بياجيه، فيغوتسكي، ومراحل التطور البشري.,https://smarticle.tech/en/article/developmental-psychology-piaget-vygotsky-and-stages-of-human-development-202605130133,https://smarticle.tech/ar/article/developmental-psychology-piaget-vygotsky-and-stages-of-human-development-202605130133,Psychology,Human Behavior in the Social Environment,https://openlibrary.org/works/OL20709583W,Human Behavior in the Social Environment. by Anissa Taun Rogers. (2016). — Taylor & Francis Group. ISBN: 9781317243526,Human Behavior in the Social Environment. بقلم Anissa Taun Rogers. (2016). — Taylor & Francis Group. ردمك: 9781317243526
"Developmental Psychology: Piaget, Vygotsky, and Stages of Human Development",علم النفس التطوري: بياجيه، فيغوتسكي، ومراحل التطور البشري.,https://smarticle.tech/en/article/developmental-psychology-piaget-vygotsky-and-stages-of-human-development-202605130133,https://smarticle.tech/ar/article/developmental-psychology-piaget-vygotsky-and-stages-of-human-development-202605130133,Psychology,"Play, Cognitive Development, and the Social World: Piaget, Vygotsky, and Beyond",https://doi.org/10.1159/000277285,"Ageliki Nicolopoulou. ""Play, Cognitive Development, and the Social World: Piaget, Vygotsky, and Beyond"". crossref, 2010.","أنجيليكي نيكولوبولو. ""اللعب، التطور المعرفي، والعالم الاجتماعي: بياجيه، فيجوتسكي، وما وراءهما"". كروسريف، 2010."
"Developmental Psychology: Piaget, Vygotsky, and Stages of Human Development",علم النفس التطوري: بياجيه، فيغوتسكي، ومراحل التطور البشري.,https://smarticle.tech/en/article/developmental-psychology-piaget-vygotsky-and-stages-of-human-development-202605130133,https://smarticle.tech/ar/article/developmental-psychology-piaget-vygotsky-and-stages-of-human-development-202605130133,Psychology,"Vygotsky, Piaget, and Bandura: Perspectives on the Relations between the Social World and Cognitive Development",https://doi.org/10.1159/000277297,"Jonathan R.H. Tudge, Paul A. Winterhoff. ""Vygotsky, Piaget, and Bandura: Perspectives on the Relations between the Social World and Cognitive Development"". crossref, 2010.","جوناثان آر. إتش. تودج، بول إيه. وينترفوف. ""فيجوتسكي، بياجيه، وباندورا: وجهات نظر حول العلاقات بين العالم الاجتماعي والتطور المعرفي"". كروسريف، 2010."
"Developmental Psychology: Piaget, Vygotsky, and Stages of Human Development",علم النفس التطوري: بياجيه، فيغوتسكي، ومراحل التطور البشري.,https://smarticle.tech/en/article/developmental-psychology-piaget-vygotsky-and-stages-of-human-development-202605130133,https://smarticle.tech/ar/article/developmental-psychology-piaget-vygotsky-and-stages-of-human-development-202605130133,Psychology,"Vygotsky, Piaget and the Dialectic of Development",https://doi.org/10.1159/000276332,"Thomas Bidell. ""Vygotsky, Piaget and the Dialectic of Development"". crossref, 2010.","توماس بيديل. ""فيجوتسكي، بياجيه، والديالكتيك التطور"". كروسريف، 2010."
"Psychoanalysis and Depth Psychology: Freud, Jung, and the Unconscious",التحليل النفسي وعلم النفس العميق: فرويد، يونغ، واللاوعي.,https://smarticle.tech/en/article/psychoanalysis-and-depth-psychology-freud-jung-and-the-unconscious-202605130139,https://smarticle.tech/ar/article/psychoanalysis-and-depth-psychology-freud-jung-and-the-unconscious-202605130139,Psychology,Scientific Reference,https://archive.org/details/aionresearchesin0009_part2,"Aion. by Carl Gustav Jung, Gerhard Adler, R. F.C. Hull. (1951). — Routledge and Kegan Paul. ISBN: 9780710062949",Aion. بقلم Carl Gustav Jung، Gerhard Adler، R. F.C. Hull. (1951). — Routledge and Kegan Paul. ردمك: 9780710062949
"Psychoanalysis and Depth Psychology: Freud, Jung, and the Unconscious",التحليل النفسي وعلم النفس العميق: فرويد، يونغ، واللاوعي.,https://smarticle.tech/en/article/psychoanalysis-and-depth-psychology-freud-jung-and-the-unconscious-202605130139,https://smarticle.tech/ar/article/psychoanalysis-and-depth-psychology-freud-jung-and-the-unconscious-202605130139,Psychology,Wisdom of the Psyche,https://openlibrary.org/works/OL21297560W,Wisdom of the Psyche. by Ginette Paris. (2013). — Routledge. ISBN: 9781138900868,Wisdom of the Psyche. بقلم Ginette Paris. (2013). — Routledge. ردمك: 9781138900868
"Psychoanalysis and Depth Psychology: Freud, Jung, and the Unconscious",التحليل النفسي وعلم النفس العميق: فرويد، يونغ، واللاوعي.,https://smarticle.tech/en/article/psychoanalysis-and-depth-psychology-freud-jung-and-the-unconscious-202605130139,https://smarticle.tech/ar/article/psychoanalysis-and-depth-psychology-freud-jung-and-the-unconscious-202605130139,Psychology,Descent of the Soul and the Archaic,https://openlibrary.org/works/OL27808224W,"Descent of the Soul and the Archaic. by Paul Bishop, Terence Dawson, Leslie Gardner. (2022). — Taylor & Francis Group. ISBN: 9780367515010",Descent of the Soul and the Archaic. بقلم Paul Bishop، Terence Dawson، Leslie Gardner. (2022). — Taylor & Francis Group. ردمك: 9780367515010
"Psychoanalysis and Depth Psychology: Freud, Jung, and the Unconscious",التحليل النفسي وعلم النفس العميق: فرويد، يونغ، واللاوعي.,https://smarticle.tech/en/article/psychoanalysis-and-depth-psychology-freud-jung-and-the-unconscious-202605130139,https://smarticle.tech/ar/article/psychoanalysis-and-depth-psychology-freud-jung-and-the-unconscious-202605130139,Psychology,Depth Psychology and Climate Change,https://openlibrary.org/works/OL21710565W,Depth Psychology and Climate Change. by Dale Mathers. (2020). — Taylor & Francis Group. ISBN: 1000264459,Depth Psychology and Climate Change. بقلم Dale Mathers. (2020). — Taylor & Francis Group. ردمك: 1000264459
"Psychoanalysis and Depth Psychology: Freud, Jung, and the Unconscious",التحليل النفسي وعلم النفس العميق: فرويد، يونغ، واللاوعي.,https://smarticle.tech/en/article/psychoanalysis-and-depth-psychology-freud-jung-and-the-unconscious-202605130139,https://smarticle.tech/ar/article/psychoanalysis-and-depth-psychology-freud-jung-and-the-unconscious-202605130139,Psychology,"Jungian Analysis, Depth Psychology, and Soul",https://openlibrary.org/works/OL21328854W,"Jungian Analysis, Depth Psychology, and Soul. by Thomas B. Kirsch. (2017). — Taylor & Francis Group. ISBN: 113868869X","Jungian Analysis, Depth Psychology, and Soul. بقلم Thomas B. Kirsch. (2017). — Taylor & Francis Group. ردمك: 113868869X"
"Psychoanalysis and Depth Psychology: Freud, Jung, and the Unconscious",التحليل النفسي وعلم النفس العميق: فرويد، يونغ، واللاوعي.,https://smarticle.tech/en/article/psychoanalysis-and-depth-psychology-freud-jung-and-the-unconscious-202605130139,https://smarticle.tech/ar/article/psychoanalysis-and-depth-psychology-freud-jung-and-the-unconscious-202605130139,Psychology,Tiefenpsychologie und neue Ethik,https://archive.org/details/depthpsychologya0000neum,"Tiefenpsychologie und neue Ethik. by Erich Neumann, Juan Pérez Ruiz, Juan Pérez Ruiz. (1949). — Harper Torchbooks. ISBN: 9780061317774",Tiefenpsychologie und neue Ethik. بقلم Erich Neumann، Juan Pérez Ruiz، Juan Pérez Ruiz. (1949). — Harper Torchbooks. ردمك: 9780061317774
"Psychoanalysis and Depth Psychology: Freud, Jung, and the Unconscious",التحليل النفسي وعلم النفس العميق: فرويد، يونغ، واللاوعي.,https://smarticle.tech/en/article/psychoanalysis-and-depth-psychology-freud-jung-and-the-unconscious-202605130139,https://smarticle.tech/ar/article/psychoanalysis-and-depth-psychology-freud-jung-and-the-unconscious-202605130139,Psychology,Sigmund Freud and Carl Jung on Myths and Archetypes of the Collective Unconscious: Unnoticed Similarity,https://doi.org/10.18523/2617-1678.2021.8.25-37,"Menzhulin, Vadym. ""Sigmund Freud and Carl Jung on Myths and Archetypes of the Collective Unconscious: Unnoticed Similarity"". semantic_scholar_foundational, 2021.","مينزهولين، فاديم. ""سيغموند فرويد وكارل يونغ حول الأساطير والأشكال البدئية لللاوعي الجمعي: تشابه غير ملحوظ"". semantic_scholar_foundational، 2021."
"Psychoanalysis and Depth Psychology: Freud, Jung, and the Unconscious",التحليل النفسي وعلم النفس العميق: فرويد، يونغ، واللاوعي.,https://smarticle.tech/en/article/psychoanalysis-and-depth-psychology-freud-jung-and-the-unconscious-202605130139,https://smarticle.tech/ar/article/psychoanalysis-and-depth-psychology-freud-jung-and-the-unconscious-202605130139,Psychology,"Multitemporal materialism. History and unconscious memory, between Freud and Benjamin",https://doi.org/10.1080/00207578.2020.1772074,"Leandro Drivet. ""Multitemporal materialism. History and unconscious memory, between Freud and Benjamin"". semantic_scholar_foundational, 2020.","ليفاندرو دريفيت. ""المادية متعددة الأزمنة. التاريخ والذاكرة اللاواعية، بين فرويد وبنجامين"". semantic_scholar_foundational، 2020."
"Psychoanalysis and Depth Psychology: Freud, Jung, and the Unconscious",التحليل النفسي وعلم النفس العميق: فرويد، يونغ، واللاوعي.,https://smarticle.tech/en/article/psychoanalysis-and-depth-psychology-freud-jung-and-the-unconscious-202605130139,https://smarticle.tech/ar/article/psychoanalysis-and-depth-psychology-freud-jung-and-the-unconscious-202605130139,Psychology,Discovering the Freud wars: Henri F. Ellenberger and the polarized history of psychotherapy in France (circa 1970).,https://doi.org/10.1037/hop0000281,"Forner, E., Amouroux, R., Aronov, M., Serina, F. ""Discovering the Freud wars: Henri F. Ellenberger and the polarized history of psychotherapy in France (circa 1970)"". semantic_scholar_foundational, 2025.","فورنر، إي.، أمورو، ر.، أرنوف، م.، سيرينا، ف. ""اكتشاف حروب فرويد: هنري ف. إلينبرغر والتاريخ المتحيز للعلاج النفسي في فرنسا (حوالي 1970)"". semantic_scholar_foundational، 2025."
"Psychoanalysis and Depth Psychology: Freud, Jung, and the Unconscious",التحليل النفسي وعلم النفس العميق: فرويد، يونغ، واللاوعي.,https://smarticle.tech/en/article/psychoanalysis-and-depth-psychology-freud-jung-and-the-unconscious-202605130139,https://smarticle.tech/ar/article/psychoanalysis-and-depth-psychology-freud-jung-and-the-unconscious-202605130139,Psychology,"Dress, Dreams, and Desire",https://doi.org/10.5040/9781350428218,"V. Steele. ""Dress, Dreams, and Desire"". semantic_scholar_foundational, 2023.","في. ستيلي. ""الملابس، الأحلام، والرغبة"". semantic_scholar_foundational، 2023."
"Social Stratification: Class, Status, Power, and Inequality",الطبقية الاجتماعية: الطبقة، الوضع، السلطة، وعدم المساواة.,https://smarticle.tech/en/article/social-stratification-class-status-power-and-inequality-202605130146,https://smarticle.tech/ar/article/social-stratification-class-status-power-and-inequality-202605130146,Sociology,Caste,https://openlibrary.org/works/OL20878310W,"Caste. by Isabel Wilkerson, Antonio Francisco Rodríguez Esteban. (2020). — Delacorte Press. ISBN: 0593427963",Caste. بقلم Isabel Wilkerson، Antonio Francisco Rodríguez Esteban. (2020). — Delacorte Press. ردمك: 0593427963
"Social Stratification: Class, Status, Power, and Inequality",الطبقية الاجتماعية: الطبقة، الوضع، السلطة، وعدم المساواة.,https://smarticle.tech/en/article/social-stratification-class-status-power-and-inequality-202605130146,https://smarticle.tech/ar/article/social-stratification-class-status-power-and-inequality-202605130146,Sociology,"Class, status and power",https://archive.org/details/classstatuspower0000rein_u3f6,"Class, status and power. by Reinhard Bendix, Seymour Martin Lipset. (1953). — Free Press. ISBN: 9788424002718","Class, status and power. بقلم Reinhard Bendix، Seymour Martin Lipset. (1953). — Free Press. ردمك: 9788424002718"
"Social Stratification: Class, Status, Power, and Inequality",الطبقية الاجتماعية: الطبقة، الوضع، السلطة، وعدم المساواة.,https://smarticle.tech/en/article/social-stratification-class-status-power-and-inequality-202605130146,https://smarticle.tech/ar/article/social-stratification-class-status-power-and-inequality-202605130146,Sociology,Social Stratification and Inequality,https://archive.org/details/socialstratifica00kerb,Social Stratification and Inequality. by Harold R. Kerbo. (1983). — McGraw-Hill Education. ISBN: 0072997699,Social Stratification and Inequality. بقلم Harold R. Kerbo. (1983). — McGraw-Hill Education. ردمك: 0072997699
"Social Stratification: Class, Status, Power, and Inequality",الطبقية الاجتماعية: الطبقة، الوضع، السلطة، وعدم المساواة.,https://smarticle.tech/en/article/social-stratification-class-status-power-and-inequality-202605130146,https://smarticle.tech/ar/article/social-stratification-class-status-power-and-inequality-202605130146,Sociology,End of Social Inequality?,https://openlibrary.org/works/OL39207385W,End of Social Inequality?. by David Lane. (2024). — Taylor & Francis Group. ISBN: 9781032880594,End of Social Inequality?. بقلم David Lane. (2024). — Taylor & Francis Group. ردمك: 9781032880594
"Social Stratification: Class, Status, Power, and Inequality",الطبقية الاجتماعية: الطبقة، الوضع، السلطة، وعدم المساواة.,https://smarticle.tech/en/article/social-stratification-class-status-power-and-inequality-202605130146,https://smarticle.tech/ar/article/social-stratification-class-status-power-and-inequality-202605130146,Sociology,The Gender Division of Welfare,https://archive.org/details/genderdivisionof00mary,The Gender Division of Welfare. by Mary Daly. (2000). — Cambridge University Press. ISBN: 0521623316,The Gender Division of Welfare. بقلم Mary Daly. (2000). — Cambridge University Press. ردمك: 0521623316
"Social Stratification: Class, Status, Power, and Inequality",الطبقية الاجتماعية: الطبقة، الوضع، السلطة، وعدم المساواة.,https://smarticle.tech/en/article/social-stratification-class-status-power-and-inequality-202605130146,https://smarticle.tech/ar/article/social-stratification-class-status-power-and-inequality-202605130146,Sociology,Random family,https://archive.org/details/zomaarfamilielie0000lebl,Random family. by Adrian Nicole LeBlanc. (2003). — EDITIONS DE L'OLIVIER. ISBN: 9780965617475,Random family. بقلم Adrian Nicole LeBlanc. (2003). — EDITIONS DE L'OLIVIER. ردمك: 9780965617475
"Social Stratification: Class, Status, Power, and Inequality",الطبقية الاجتماعية: الطبقة، الوضع، السلطة، وعدم المساواة.,https://smarticle.tech/en/article/social-stratification-class-status-power-and-inequality-202605130146,https://smarticle.tech/ar/article/social-stratification-class-status-power-and-inequality-202605130146,Sociology,Jude the Obscure,https://archive.org/details/judeobscure0000unse_r5l3,Jude the Obscure. by Thomas Hardy. (1895). — Houghton Mifflin. ISBN: 9780497261672,Jude the Obscure. بقلم Thomas Hardy. (1895). — Houghton Mifflin. ردمك: 9780497261672
"Social Stratification: Class, Status, Power, and Inequality",الطبقية الاجتماعية: الطبقة، الوضع، السلطة، وعدم المساواة.,https://smarticle.tech/en/article/social-stratification-class-status-power-and-inequality-202605130146,https://smarticle.tech/ar/article/social-stratification-class-status-power-and-inequality-202605130146,Sociology,Great Expectations,https://archive.org/details/dickenswork14dick,Great Expectations. by Charles Dickens. (1861). — Race Point Publishing. ISBN: 0862250862,Great Expectations. بقلم Charles Dickens. (1861). — Race Point Publishing. ردمك: 0862250862
"Social Stratification: Class, Status, Power, and Inequality",الطبقية الاجتماعية: الطبقة، الوضع، السلطة، وعدم المساواة.,https://smarticle.tech/en/article/social-stratification-class-status-power-and-inequality-202605130146,https://smarticle.tech/ar/article/social-stratification-class-status-power-and-inequality-202605130146,Sociology,Gunnm last order,https://archive.org/details/battleangelalita0009kish,Gunnm last order. by Yukito Kishiro. (1994). — Viz Communications. ISBN: 9781591162810,Gunnm last order. بقلم Yukito Kishiro. (1994). — Viz Communications. ردمك: 9781591162810
"Social Stratification: Class, Status, Power, and Inequality",الطبقية الاجتماعية: الطبقة، الوضع، السلطة، وعدم المساواة.,https://smarticle.tech/en/article/social-stratification-class-status-power-and-inequality-202605130146,https://smarticle.tech/ar/article/social-stratification-class-status-power-and-inequality-202605130146,Sociology,Iron Gold,https://archive.org/details/realjesusofnazar0000unse,Iron Gold. by Pierce Brown. (2018). — publisher not identified. ISBN: 9781473646551,Iron Gold. بقلم Pierce Brown. (2018). — publisher not identified. ردمك: 9781473646551
"Social Institutions and Collective Behavior: Norms, Deviance, and Social Control",المؤسسات الاجتماعية والسلوك الجمعي: المعايير، الانحراف، والرقابة الاجتماعية.,https://smarticle.tech/en/article/social-institutions-and-collective-behavior-norms-deviance-and-social-contr-202605130154,https://smarticle.tech/ar/article/social-institutions-and-collective-behavior-norms-deviance-and-social-contr-202605130154,Sociology,De la démocratie en Amérique,https://archive.org/details/democracyiname01tocq,"De la démocratie en Amérique. by Alexis de Tocqueville, Gustave de Beaumont. (1835). — Blackstone Pub. ISBN: 0451603621",De la démocratie en Amérique. بقلم Alexis de Tocqueville، Gustave de Beaumont. (1835). — Blackstone Pub. ردمك: 0451603621
"Social Institutions and Collective Behavior: Norms, Deviance, and Social Control",المؤسسات الاجتماعية والسلوك الجمعي: المعايير، الانحراف، والرقابة الاجتماعية.,https://smarticle.tech/en/article/social-institutions-and-collective-behavior-norms-deviance-and-social-contr-202605130154,https://smarticle.tech/ar/article/social-institutions-and-collective-behavior-norms-deviance-and-social-contr-202605130154,Sociology,Nicomachean Ethics,https://archive.org/details/nicomacheanethic1865aris,Nicomachean Ethics. by Aristotle. (1558). — Harvard University Press. ISBN: 1015407412,Nicomachean Ethics. بقلم Aristotle. (1558). — Harvard University Press. ردمك: 1015407412
"Social Institutions and Collective Behavior: Norms, Deviance, and Social Control",المؤسسات الاجتماعية والسلوك الجمعي: المعايير، الانحراف، والرقابة الاجتماعية.,https://smarticle.tech/en/article/social-institutions-and-collective-behavior-norms-deviance-and-social-contr-202605130154,https://smarticle.tech/ar/article/social-institutions-and-collective-behavior-norms-deviance-and-social-contr-202605130154,Sociology,Manifest der Kommunistischen Partei,https://archive.org/details/communistmanifes00marx_490,"Manifest der Kommunistischen Partei. by Karl Marx, Friedrich Engels. (1848). — Office der Bildungs-Gesellschaft für Arbeiter. ISBN: 2209057930",Manifest der Kommunistischen Partei. بقلم Karl Marx، Friedrich Engels. (1848). — Office der Bildungs-Gesellschaft für Arbeiter. ردمك: 2209057930
"Social Institutions and Collective Behavior: Norms, Deviance, and Social Control",المؤسسات الاجتماعية والسلوك الجمعي: المعايير، الانحراف، والرقابة الاجتماعية.,https://smarticle.tech/en/article/social-institutions-and-collective-behavior-norms-deviance-and-social-contr-202605130154,https://smarticle.tech/ar/article/social-institutions-and-collective-behavior-norms-deviance-and-social-contr-202605130154,Sociology,Building Communism and Policing Deviance in the Soviet Union,https://openlibrary.org/works/OL25763918W,Building Communism and Policing Deviance in the Soviet Union. by Mirjam Galley. (2020). — Taylor & Francis Group. ISBN: 1000335445,Building Communism and Policing Deviance in the Soviet Union. بقلم Mirjam Galley. (2020). — Taylor & Francis Group. ردمك: 1000335445
"Social Institutions and Collective Behavior: Norms, Deviance, and Social Control",المؤسسات الاجتماعية والسلوك الجمعي: المعايير، الانحراف، والرقابة الاجتماعية.,https://smarticle.tech/en/article/social-institutions-and-collective-behavior-norms-deviance-and-social-contr-202605130154,https://smarticle.tech/ar/article/social-institutions-and-collective-behavior-norms-deviance-and-social-contr-202605130154,Sociology,"From Norm Violations to Norm Development: Deviance, International Institutions, and the Torture Prohibition",https://doi.org/10.1093/isq/sqad043,"Lesch, Max. ""From Norm Violations to Norm Development: Deviance, International Institutions, and the Torture Prohibition"". International Studies Quarterly, 2023.","ليش، ماكس. ""من انتهاكات المعايير إلى تطور المعايير: الانحراف، المؤسسات الدولية، وحظر التعذيب"". *الدورية الدولية للدراسات*، 2023."
"Social Institutions and Collective Behavior: Norms, Deviance, and Social Control",المؤسسات الاجتماعية والسلوك الجمعي: المعايير، الانحراف، والرقابة الاجتماعية.,https://smarticle.tech/en/article/social-institutions-and-collective-behavior-norms-deviance-and-social-contr-202605130154,https://smarticle.tech/ar/article/social-institutions-and-collective-behavior-norms-deviance-and-social-contr-202605130154,Sociology,The emergence of deviance: Experiments testing the personal effects of violating a social norm,https://doi.org/10.31234/osf.io/xk3zw,"Gomila, Robin, and Elizabeth Levy Paluck. ""The emergence of deviance: Experiments testing the personal effects of violating a social norm"". crossref, 2020.","غوميلا، روبن، وإليزابيث ليفي بالوك. ""ظهور الانحراف: تجارب تختبر الآثار الشخصية لانتهاك المعيار الاجتماعي"". *كروسريف*، 2020."
"Social Institutions and Collective Behavior: Norms, Deviance, and Social Control",المؤسسات الاجتماعية والسلوك الجمعي: المعايير، الانحراف، والرقابة الاجتماعية.,https://smarticle.tech/en/article/social-institutions-and-collective-behavior-norms-deviance-and-social-contr-202605130154,https://smarticle.tech/ar/article/social-institutions-and-collective-behavior-norms-deviance-and-social-contr-202605130154,Sociology,Deviance or norm? Exploring corporate social responsibility,https://doi.org/10.1108/09555341011056177,"Ralston, Ekaterina S. ""Deviance or norm? Exploring corporate social responsibility"". crossref, 2010.","رالستون، إكاتيرينا إس. ""الانحراف أم المعيار؟ استكشاف مسؤولية الشركات الاجتماعية"". *كروسريف*، 2010."
"Social Institutions and Collective Behavior: Norms, Deviance, and Social Control",المؤسسات الاجتماعية والسلوك الجمعي: المعايير، الانحراف، والرقابة الاجتماعية.,https://smarticle.tech/en/article/social-institutions-and-collective-behavior-norms-deviance-and-social-contr-202605130154,https://smarticle.tech/ar/article/social-institutions-and-collective-behavior-norms-deviance-and-social-contr-202605130154,Sociology,The nature of collective behavior.,https://doi.org/10.1037/14412-004,"Smelser, Neil J. ""The nature of collective behavior"". crossref, 1962.","سميلسر، نيل ج. ""طبيعة السلوك الجماعي"". *كروسريف*، 1962."
"Social Institutions and Collective Behavior: Norms, Deviance, and Social Control",المؤسسات الاجتماعية والسلوك الجمعي: المعايير، الانحراف، والرقابة الاجتماعية.,https://smarticle.tech/en/article/social-institutions-and-collective-behavior-norms-deviance-and-social-contr-202605130154,https://smarticle.tech/ar/article/social-institutions-and-collective-behavior-norms-deviance-and-social-contr-202605130154,Sociology,Theory of collective behavior.,https://doi.org/10.1037/14412-000,"Smelser, Neil J. ""Theory of collective behavior"". crossref, 1963.","سميلسر، نيل ج. ""نظرية السلوك الجماعي"". *كروسريف*، 1963."
"Urban Sociology: Cities, Urbanization, and Metropolitan Social Dynamics",علم الاجتماع الحضري: المدن، التحضر، وديناميات المجتمع المتروبوليتاني.,https://smarticle.tech/en/article/urban-sociology-cities-urbanization-and-metropolitan-social-dynamics-202605130202,https://smarticle.tech/ar/article/urban-sociology-cities-urbanization-and-metropolitan-social-dynamics-202605130202,Sociology,The Gold coast and slum,https://archive.org/details/rareharveywzorba0000harv,The Gold coast and slum. by Harvey Warren Zorbaugh. (1929). — Chicago U.P.. ISBN: 9780226989457,The Gold coast and slum. بقلم Harvey Warren Zorbaugh. (1929). — Chicago U.P.. ردمك: 9780226989457
"Urban Sociology: Cities, Urbanization, and Metropolitan Social Dynamics",علم الاجتماع الحضري: المدن، التحضر، وديناميات المجتمع المتروبوليتاني.,https://smarticle.tech/en/article/urban-sociology-cities-urbanization-and-metropolitan-social-dynamics-202605130202,https://smarticle.tech/ar/article/urban-sociology-cities-urbanization-and-metropolitan-social-dynamics-202605130202,Sociology,"The Muqaddimah, an introduction to history",https://archive.org/details/muqaddimatalalla008800,"The Muqaddimah, an introduction to history. by Ibn Khaldūn, عبد الرحمن ابن خلدون Abdel Rahman Ibn Khaldun. (1858). — Sindbad. ISBN: 9780710016829","The Muqaddimah, an introduction to history. بقلم Ibn Khaldūn، عبد الرحمن ابن خلدون Abdel Rahman Ibn Khaldun. (1858). — Sindbad. ردمك: 9780710016829"
"Urban Sociology: Cities, Urbanization, and Metropolitan Social Dynamics",علم الاجتماع الحضري: المدن، التحضر، وديناميات المجتمع المتروبوليتاني.,https://smarticle.tech/en/article/urban-sociology-cities-urbanization-and-metropolitan-social-dynamics-202605130202,https://smarticle.tech/ar/article/urban-sociology-cities-urbanization-and-metropolitan-social-dynamics-202605130202,Sociology,La Société du spectacle,https://archive.org/details/introductionalas0000voye,La Société du spectacle. by Guy Debord. (1967). — Gallimard. ISBN: 2070394433,La Société du spectacle. بقلم Guy Debord. (1967). — Gallimard. ردمك: 2070394433
"Urban Sociology: Cities, Urbanization, and Metropolitan Social Dynamics",علم الاجتماع الحضري: المدن، التحضر، وديناميات المجتمع المتروبوليتاني.,https://smarticle.tech/en/article/urban-sociology-cities-urbanization-and-metropolitan-social-dynamics-202605130202,https://smarticle.tech/ar/article/urban-sociology-cities-urbanization-and-metropolitan-social-dynamics-202605130202,Sociology,Schumpeterian Dynamics and Metropolitan-Scale Productivity,https://openlibrary.org/works/OL21329649W,Schumpeterian Dynamics and Metropolitan-Scale Productivity. by Yeonwoo Lee. (2017). — Taylor & Francis Group. ISBN: 9781138718944,Schumpeterian Dynamics and Metropolitan-Scale Productivity. بقلم Yeonwoo Lee. (2017). — Taylor & Francis Group. ردمك: 9781138718944
"Urban Sociology: Cities, Urbanization, and Metropolitan Social Dynamics",علم الاجتماع الحضري: المدن، التحضر، وديناميات المجتمع المتروبوليتاني.,https://smarticle.tech/en/article/urban-sociology-cities-urbanization-and-metropolitan-social-dynamics-202605130202,https://smarticle.tech/ar/article/urban-sociology-cities-urbanization-and-metropolitan-social-dynamics-202605130202,Sociology,"Modeling social heterogeneity, neighborhoods and local influences on urban real estate prices",https://openlibrary.org/works/OL18634157W,"Modeling social heterogeneity, neighborhoods and local influences on urban real estate prices. by Bernardo Alves Furtado. (2009). — Faculteit Geowetenschappen Universiteit Utrecht. ISBN: 9068094289","Modeling social heterogeneity, neighborhoods and local influences on urban real estate prices. بقلم Bernardo Alves Furtado. (2009). — Faculteit Geowetenschappen Universiteit Utrecht. ردمك: 9068094289"
"Urban Sociology: Cities, Urbanization, and Metropolitan Social Dynamics",علم الاجتماع الحضري: المدن، التحضر، وديناميات المجتمع المتروبوليتاني.,https://smarticle.tech/en/article/urban-sociology-cities-urbanization-and-metropolitan-social-dynamics-202605130202,https://smarticle.tech/ar/article/urban-sociology-cities-urbanization-and-metropolitan-social-dynamics-202605130202,Sociology,The American nation,https://archive.org/details/shorthistoryofam0002garr,"The American nation. by John Arthur Garraty, Mark C. Carnes. (1966). — HarperCollins. ISBN: 9780060422660",The American nation. بقلم John Arthur Garraty، Mark C. Carnes. (1966). — HarperCollins. ردمك: 9780060422660
"Urban Sociology: Cities, Urbanization, and Metropolitan Social Dynamics",علم الاجتماع الحضري: المدن، التحضر، وديناميات المجتمع المتروبوليتاني.,https://smarticle.tech/en/article/urban-sociology-cities-urbanization-and-metropolitan-social-dynamics-202605130202,https://smarticle.tech/ar/article/urban-sociology-cities-urbanization-and-metropolitan-social-dynamics-202605130202,Sociology,Sozialgeschichte der Kunst und Literatur,https://archive.org/details/bwb_P3-DUZ-063,"Sozialgeschichte der Kunst und Literatur. by Arnold Hauser, S. Godman, Harris, Jonathan. (1951). — Routledge & K. Paul. ISBN: 9781280172977","Sozialgeschichte der Kunst und Literatur. بقلم Arnold Hauser، S. Godman، Harris, Jonathan. (1951). — Routledge & K. Paul. ردمك: 9781280172977"
"Urban Sociology: Cities, Urbanization, and Metropolitan Social Dynamics",علم الاجتماع الحضري: المدن، التحضر، وديناميات المجتمع المتروبوليتاني.,https://smarticle.tech/en/article/urban-sociology-cities-urbanization-and-metropolitan-social-dynamics-202605130202,https://smarticle.tech/ar/article/urban-sociology-cities-urbanization-and-metropolitan-social-dynamics-202605130202,Sociology,Sociology and the study of cities,https://doi.org/10.1093/med/9780198804949.003.0002,"Orum, Anthony M. ""Sociology and the study of cities"". crossref, 2019.","أورم، أنتوني إم. ""علم الاجتماع ودراسة المدن"". كروسريف، ٢٠١٩."
Educational Psychology and Learning Theories: Behaviorism to Constructivism,علم النفس التربوي ونظريات التعلم: السلوكية إلى البنائية.,https://smarticle.tech/en/article/educational-psychology-and-learning-theories-behaviorism-to-constructivism-202605130210,https://smarticle.tech/ar/article/educational-psychology-and-learning-theories-behaviorism-to-constructivism-202605130210,Education,Summerhill,https://archive.org/details/summerhill0000asne,Summerhill. by A. S. Neill. (1926). — Eumo Editorial SAU. ISBN: 0805512993,Summerhill. بقلم A. S. Neill. (1926). — Eumo Editorial SAU. ردمك: 0805512993
Educational Psychology and Learning Theories: Behaviorism to Constructivism,علم النفس التربوي ونظريات التعلم: السلوكية إلى البنائية.,https://smarticle.tech/en/article/educational-psychology-and-learning-theories-behaviorism-to-constructivism-202605130210,https://smarticle.tech/ar/article/educational-psychology-and-learning-theories-behaviorism-to-constructivism-202605130210,Education,The world of psychology,https://archive.org/details/worldofpsycholog0000wood,"The world of psychology. by Samuel E. Wood, Ellen Green Wood, Denise Boyd. (1992). — Pearson/Allyn and Bacon. ISBN: 0205490166",The world of psychology. بقلم Samuel E. Wood، Ellen Green Wood، Denise Boyd. (1992). — Pearson/Allyn and Bacon. ردمك: 0205490166
Educational Psychology and Learning Theories: Behaviorism to Constructivism,علم النفس التربوي ونظريات التعلم: السلوكية إلى البنائية.,https://smarticle.tech/en/article/educational-psychology-and-learning-theories-behaviorism-to-constructivism-202605130210,https://smarticle.tech/ar/article/educational-psychology-and-learning-theories-behaviorism-to-constructivism-202605130210,Education,Educational psychology,https://archive.org/details/educationalpsych0000wool_q8m9,"Educational psychology. by Anita Woolfolk Hoy, Philip H. Winne, Nancy E. Perry. (1987). — Not Avail. ISBN: 0205155421",Educational psychology. بقلم Anita Woolfolk Hoy، Philip H. Winne، Nancy E. Perry. (1987). — Not Avail. ردمك: 0205155421
Educational Psychology and Learning Theories: Behaviorism to Constructivism,علم النفس التربوي ونظريات التعلم: السلوكية إلى البنائية.,https://smarticle.tech/en/article/educational-psychology-and-learning-theories-behaviorism-to-constructivism-202605130210,https://smarticle.tech/ar/article/educational-psychology-and-learning-theories-behaviorism-to-constructivism-202605130210,Education,"Behaviorism, Constructivism, and Communities of Practice: How Pedagogic Theories Help Us Understand Game-Based Language Learning",https://doi.org/10.1057/9781137005267_4,"Filsecker, Michael, and Judith Bündgens-Kosten. ""Behaviorism, Constructivism, and Communities of Practice: How Pedagogic Theories Help Us Understand Game-Based Language Learning"". *crossref*, 2012.","فيلسيكر، مايكل، وجوديث بوندجنز-كوستن. ""السلوكية والبنائية ومجتمعات الممارسة: كيف تساعدنا النظريات التربوية في فهم تعلم اللغة القائم على الألعاب"". *كروسريف*، 2012."
Educational Psychology and Learning Theories: Behaviorism to Constructivism,علم النفس التربوي ونظريات التعلم: السلوكية إلى البنائية.,https://smarticle.tech/en/article/educational-psychology-and-learning-theories-behaviorism-to-constructivism-202605130210,https://smarticle.tech/ar/article/educational-psychology-and-learning-theories-behaviorism-to-constructivism-202605130210,Education,From Behaviorism to Constructivism: A Philosophical Journey from Drill and Practice to Situated Learning,https://doi.org/10.4324/9780203878842-22,"Ertmer, P. A., & Newby, T. J. ""From Behaviorism to Constructivism: A Philosophical Journey from Drill and Practice to Situated Learning"". crossref, 1993.","إرتمر، ب. أ.، ونيوبي، ت. ج. ""من السلوكية إلى البنائية: رحلة فلسفية من التدريب والممارسة إلى التعلم الموضعي"". *كروسريف*، 1993."
"Curriculum Development: Theory, Design, and Reform",تطوير المناهج: النظرية، التصميم، والإصلاح,https://smarticle.tech/en/article/curriculum-development-theory-design-and-reform-202605130219,https://smarticle.tech/ar/article/curriculum-development-theory-design-and-reform-202605130219,Education,The school and society,https://archive.org/details/schoolsociety00dewerich,The school and society. by John Dewey. (1899). — University of Chicago Press. ISBN: 9781428615168,The school and society. بقلم John Dewey. (1899). — University of Chicago Press. ردمك: 9781428615168
"Curriculum Development: Theory, Design, and Reform",تطوير المناهج: النظرية، التصميم، والإصلاح,https://smarticle.tech/en/article/curriculum-development-theory-design-and-reform-202605130219,https://smarticle.tech/ar/article/curriculum-development-theory-design-and-reform-202605130219,Education,Curriculum development,https://archive.org/details/curriculumdevelo0000wile_z4k9,"Curriculum development. by Jon Wiles, Jon W. Wiles, Joseph C. Bondi. (1979). — Pearson. ISBN: 9780130983534",Curriculum development. بقلم Jon Wiles، Jon W. Wiles، Joseph C. Bondi. (1979). — Pearson. ردمك: 9780130983534
"Curriculum Development: Theory, Design, and Reform",تطوير المناهج: النظرية، التصميم، والإصلاح,https://smarticle.tech/en/article/curriculum-development-theory-design-and-reform-202605130219,https://smarticle.tech/ar/article/curriculum-development-theory-design-and-reform-202605130219,Education,Model programs--childhood education,https://openlibrary.org/works/OL6632202W,Model programs--childhood education. by American Institutes for Research.. (1970),Model programs--childhood education. بقلم American Institutes for Research.. (1970)
"Curriculum Development: Theory, Design, and Reform",تطوير المناهج: النظرية، التصميم، والإصلاح,https://smarticle.tech/en/article/curriculum-development-theory-design-and-reform-202605130219,https://smarticle.tech/ar/article/curriculum-development-theory-design-and-reform-202605130219,Education,Understanding curriculum,https://archive.org/details/understandingcur0000unse_c9h9,"Understanding curriculum. by William Pinar, William F. Pinar, William M. Reynolds. (1995). — Peter Lang Pub Inc. ISBN: 0820426016",Understanding curriculum. بقلم William Pinar، William F. Pinar، William M. Reynolds. (1995). — Peter Lang Pub Inc. ردمك: 0820426016
"Curriculum Development: Theory, Design, and Reform",تطوير المناهج: النظرية، التصميم، والإصلاح,https://smarticle.tech/en/article/curriculum-development-theory-design-and-reform-202605130219,https://smarticle.tech/ar/article/curriculum-development-theory-design-and-reform-202605130219,Education,Het Achterhuis,https://archive.org/details/lp_the-diary-of-a-young-girl_anne-frank-elinor-basescu,Het Achterhuis. by Anne Frank. (1944). — Fischer-Taschenbuch-Verlag. ISBN: 0385508476,Het Achterhuis. بقلم Anne Frank. (1944). — Fischer-Taschenbuch-Verlag. ردمك: 0385508476
"Curriculum Development: Theory, Design, and Reform",تطوير المناهج: النظرية، التصميم، والإصلاح,https://smarticle.tech/en/article/curriculum-development-theory-design-and-reform-202605130219,https://smarticle.tech/ar/article/curriculum-development-theory-design-and-reform-202605130219,Education,Achievement in primary schools,https://archive.org/details/achievementinpri0000grea,"Achievement in primary schools. by Great Britain. Parliament. House of Commons. Education, Science and Arts Committee.. (1984). — H.M.S.O.. ISBN: 9780100085541","Achievement in primary schools. بقلم Great Britain. Parliament. House of Commons. Education, Science and Arts Committee.. (1984). — H.M.S.O.. ردمك: 9780100085541"
"Curriculum Development: Theory, Design, and Reform",تطوير المناهج: النظرية، التصميم، والإصلاح,https://smarticle.tech/en/article/curriculum-development-theory-design-and-reform-202605130219,https://smarticle.tech/ar/article/curriculum-development-theory-design-and-reform-202605130219,Education,A Hand for Spelling,https://openlibrary.org/works/OL9185512W,A Hand for Spelling. by Charles C. Cripps. (1988). — LDA. ISBN: 1855032074,A Hand for Spelling. بقلم Charles C. Cripps. (1988). — LDA. ردمك: 1855032074
"Curriculum Development: Theory, Design, and Reform",تطوير المناهج: النظرية، التصميم، والإصلاح,https://smarticle.tech/en/article/curriculum-development-theory-design-and-reform-202605130219,https://smarticle.tech/ar/article/curriculum-development-theory-design-and-reform-202605130219,Education,Art & Indian children of the Dakotas,https://openlibrary.org/works/OL10385174W,"Art & Indian children of the Dakotas. by Arthur Amiotte. (1982). — U.S. Department of the Interior, Bureau of Indian Affairs, Aberdeen Area Office","Art & Indian children of the Dakotas. بقلم Arthur Amiotte. (1982). — U.S. Department of the Interior, Bureau of Indian Affairs, Aberdeen Area Office"
"Curriculum Development: Theory, Design, and Reform",تطوير المناهج: النظرية، التصميم، والإصلاح,https://smarticle.tech/en/article/curriculum-development-theory-design-and-reform-202605130219,https://smarticle.tech/ar/article/curriculum-development-theory-design-and-reform-202605130219,Education,The ID casebook,https://openlibrary.org/works/OL1915461W,"The ID casebook. by Peggy A. Ertmer, James Quinn. (1998). — Routledge. ISBN: 1138574449",The ID casebook. بقلم Peggy A. Ertmer، James Quinn. (1998). — Routledge. ردمك: 1138574449
"Curriculum Development: Theory, Design, and Reform",تطوير المناهج: النظرية، التصميم، والإصلاح,https://smarticle.tech/en/article/curriculum-development-theory-design-and-reform-202605130219,https://smarticle.tech/ar/article/curriculum-development-theory-design-and-reform-202605130219,Education,"[Papers presented at the 20th Annual Conference of the Ontario Educational Research Council, Toronto, Ontario, December 1-2, 1978]",https://openlibrary.org/works/OL12357435W,"[Papers presented at the 20th Annual Conference of the Ontario Educational Research Council, Toronto, Ontario, December 1-2, 1978]. by Ontario Educational Research Council. Conference. (1966). — Sine nomine","[Papers presented at the 20th Annual Conference of the Ontario Educational Research Council, Toronto, Ontario, December 1-2, 1978]. بقلم Ontario Educational Research Council. Conference. (1966). — Sine nomine"
"Literacy, Critical Pedagogy, and Access to Education",محو الأمية، البيداغوجيا النقدية، والوصول إلى التعليم.,https://smarticle.tech/en/article/literacy-critical-pedagogy-and-access-to-education-202605130228,https://smarticle.tech/ar/article/literacy-critical-pedagogy-and-access-to-education-202605130228,Education,Critical Literacy and Urban Youth,https://archive.org/details/criticalliteracy0000morr,Critical Literacy and Urban Youth. by Ernest Morrell. (2007). — Routledge. ISBN: 9781135599843,Critical Literacy and Urban Youth. بقلم Ernest Morrell. (2007). — Routledge. ردمك: 9781135599843
"Literacy, Critical Pedagogy, and Access to Education",محو الأمية، البيداغوجيا النقدية، والوصول إلى التعليم.,https://smarticle.tech/en/article/literacy-critical-pedagogy-and-access-to-education-202605130228,https://smarticle.tech/ar/article/literacy-critical-pedagogy-and-access-to-education-202605130228,Education,Developing Media Literacy in Cyberspace,https://archive.org/details/developingmedial0000frec,"Developing Media Literacy in Cyberspace. by Julie D. Frechette. (2002). — ABC-CLIO, LLC. ISBN: 9780275975784","Developing Media Literacy in Cyberspace. بقلم Julie D. Frechette. (2002). — ABC-CLIO, LLC. ردمك: 9780275975784"
"Literacy, Critical Pedagogy, and Access to Education",محو الأمية، البيداغوجيا النقدية، والوصول إلى التعليم.,https://smarticle.tech/en/article/literacy-critical-pedagogy-and-access-to-education-202605130228,https://smarticle.tech/ar/article/literacy-critical-pedagogy-and-access-to-education-202605130228,Education,Authority in language,https://openlibrary.org/works/OL1892734W,"Authority in language. by James Milroy, Lesley Milroy. (1927). — Routledge & K. Paul. ISBN: 9781136446184",Authority in language. بقلم James Milroy، Lesley Milroy. (1927). — Routledge & K. Paul. ردمك: 9781136446184
"Literacy, Critical Pedagogy, and Access to Education",محو الأمية، البيداغوجيا النقدية، والوصول إلى التعليم.,https://smarticle.tech/en/article/literacy-critical-pedagogy-and-access-to-education-202605130228,https://smarticle.tech/ar/article/literacy-critical-pedagogy-and-access-to-education-202605130228,Education,"[Papers presented at the 20th Annual Conference of the Ontario Educational Research Council, Toronto, Ontario, December 1-2, 1978]",https://openlibrary.org/works/OL12357435W,"[Papers presented at the 20th Annual Conference of the Ontario Educational Research Council, Toronto, Ontario, December 1-2, 1978]. by Ontario Educational Research Council. Conference. (1966). — Sine nomine","[Papers presented at the 20th Annual Conference of the Ontario Educational Research Council, Toronto, Ontario, December 1-2, 1978]. بقلم Ontario Educational Research Council. Conference. (1966). — Sine nomine"
"Literacy, Critical Pedagogy, and Access to Education",محو الأمية، البيداغوجيا النقدية، والوصول إلى التعليم.,https://smarticle.tech/en/article/literacy-critical-pedagogy-and-access-to-education-202605130228,https://smarticle.tech/ar/article/literacy-critical-pedagogy-and-access-to-education-202605130228,Education,The Pedagogy of Critical Enjoyment: Teaching and Reaching the Hearts and Minds of Adolescent Learners Through Media Literacy Education,https://doi.org/10.23860/jmle-4-2-2,"Redmond, Theresa. ""The Pedagogy of Critical Enjoyment: Teaching and Reaching the Hearts and Minds of Adolescent Learners Through Media Literacy Education"". *Journal of Media Literacy Education*, 2012.","ريدموند، تيريزا. ""تربوية المتعة النقدية: التعليم والتواصل مع قلوب وعقول المتعلمين المراهقين من خلال تعليم محو الأمية الإعلامية"". *مجلة تعليم محو الأمية الإعلامية*، 2012."
"Literacy, Critical Pedagogy, and Access to Education",محو الأمية، البيداغوجيا النقدية، والوصول إلى التعليم.,https://smarticle.tech/en/article/literacy-critical-pedagogy-and-access-to-education-202605130228,https://smarticle.tech/ar/article/literacy-critical-pedagogy-and-access-to-education-202605130228,Education,A Critical History of Art Education: Dangerous Memories and Critical Consciousness,https://doi.org/10.4324/9780203054192-4,"A Critical History of Art Education: Dangerous Memories and Critical Consciousness. crossref, 2012.",التاريخ النقدي لتعليم الفن: ذكريات خطيرة والوعي النقدي. كروسرف، 2012.
"Literacy, Critical Pedagogy, and Access to Education",محو الأمية، البيداغوجيا النقدية، والوصول إلى التعليم.,https://smarticle.tech/en/article/literacy-critical-pedagogy-and-access-to-education-202605130228,https://smarticle.tech/ar/article/literacy-critical-pedagogy-and-access-to-education-202605130228,Education,Critical Pedagogy and Postcolonial Education (Saudi Arabia),https://doi.org/10.4324/9781315092584-7,"Taylor, S. ""Critical Pedagogy and Postcolonial Education (Saudi Arabia)"". crossref, 2017.","تايلور، س. ""تربوية نقدية وتعليم ما بعد الاستعمار (السعودية)"". كروسرف، 2017."
"Literacy, Critical Pedagogy, and Access to Education",محو الأمية، البيداغوجيا النقدية، والوصول إلى التعليم.,https://smarticle.tech/en/article/literacy-critical-pedagogy-and-access-to-education-202605130228,https://smarticle.tech/ar/article/literacy-critical-pedagogy-and-access-to-education-202605130228,Education,Critical Education and Pedagogy,https://doi.org/10.4324/9781315633640-9,"Taylor & Francis. ""Critical Education and Pedagogy"". crossref, 2015.","تايلور وفرانسيس. ""التعليم النقدي والتربوية النقدية"". كروسرف، 2015."
"Literacy, Critical Pedagogy, and Access to Education",محو الأمية، البيداغوجيا النقدية، والوصول إلى التعليم.,https://smarticle.tech/en/article/literacy-critical-pedagogy-and-access-to-education-202605130228,https://smarticle.tech/ar/article/literacy-critical-pedagogy-and-access-to-education-202605130228,Education,"﻿Introduction: Critical Pedagogy, Social Justice, and Transformative Change﻿",https://doi.org/10.5771/9781666946352-1,"Introduction: Critical Pedagogy, Social Justice, and Transformative Change"". *crossref*, 2024.",المقدمة: التربية النقدية، العدالة الاجتماعية، والتغيير التحويلي. *كروسرف*، 2024.
"Literacy, Critical Pedagogy, and Access to Education",محو الأمية، البيداغوجيا النقدية، والوصول إلى التعليم.,https://smarticle.tech/en/article/literacy-critical-pedagogy-and-access-to-education-202605130228,https://smarticle.tech/ar/article/literacy-critical-pedagogy-and-access-to-education-202605130228,Education,Chapter Ninteen: A Critical Pedagogy of Care and Respect: What Queer Literacy Pedagogy Can Teach Us About Education for Freedom,https://doi.org/10.3726/978-1-4539-1564-6/32,"Miller, J. ""Chapter Nineteen: A Critical Pedagogy of Care and Respect: What Queer Literacy Pedagogy Can Teach Us About Education for Freedom"". crossref, 2015.","ميلر، ج. ""الفصل التاسع عشر: تربوية نقدية للرعاية والاحترام: ماذا يمكن أن تعلمنا تربوية محو الأمية الكويرية عن التعليم من أجل الحرية"". كروسرف، 2015."
"Macroeconomics: GDP, Fiscal Policy, and Business Cycles",الاقتصاد الكلي: الناتج المحلي الإجمالي، السياسة المالية، ودورات الأعمال.,https://smarticle.tech/en/article/macroeconomics-gdp-fiscal-policy-and-business-cycles-202605130238,https://smarticle.tech/ar/article/macroeconomics-gdp-fiscal-policy-and-business-cycles-202605130238,Economics,Principles of Macroeconomics,https://archive.org/details/isbn_9781337920674,"Principles of Macroeconomics. by N. Gregory Mankiw, Robin Stonecash, Joshua Gans. (1996). — Nelson, Thomson Learning. ISBN: 0030445981","Principles of Macroeconomics. بقلم N. Gregory Mankiw، Robin Stonecash، Joshua Gans. (1996). — Nelson, Thomson Learning. ردمك: 0030445981"
"Macroeconomics: GDP, Fiscal Policy, and Business Cycles",الاقتصاد الكلي: الناتج المحلي الإجمالي، السياسة المالية، ودورات الأعمال.,https://smarticle.tech/en/article/macroeconomics-gdp-fiscal-policy-and-business-cycles-202605130238,https://smarticle.tech/ar/article/macroeconomics-gdp-fiscal-policy-and-business-cycles-202605130238,Economics,Economics Today,https://archive.org/details/economicstoday100mill,Economics Today. by Roger LeRoy Miller. (1973). — Pearson/Addison-Wesley. ISBN: 9780060444877,Economics Today. بقلم Roger LeRoy Miller. (1973). — Pearson/Addison-Wesley. ردمك: 9780060444877
"Macroeconomics: GDP, Fiscal Policy, and Business Cycles",الاقتصاد الكلي: الناتج المحلي الإجمالي، السياسة المالية، ودورات الأعمال.,https://smarticle.tech/en/article/macroeconomics-gdp-fiscal-policy-and-business-cycles-202605130238,https://smarticle.tech/ar/article/macroeconomics-gdp-fiscal-policy-and-business-cycles-202605130238,Economics,Economics,https://archive.org/details/economics0000lips_e5d8,"Economics. by Richard G. Lipsey, Christopher Ragan, Paul Courant. (1966). — Longman. ISBN: 9780201360127",Economics. بقلم Richard G. Lipsey، Christopher Ragan، Paul Courant. (1966). — Longman. ردمك: 9780201360127
"Macroeconomics: GDP, Fiscal Policy, and Business Cycles",الاقتصاد الكلي: الناتج المحلي الإجمالي، السياسة المالية، ودورات الأعمال.,https://smarticle.tech/en/article/macroeconomics-gdp-fiscal-policy-and-business-cycles-202605130238,https://smarticle.tech/ar/article/macroeconomics-gdp-fiscal-policy-and-business-cycles-202605130238,Economics,"Economics, an introductory analysis",https://archive.org/details/lccn_61007584,"Economics, an introductory analysis. by Paul Anthony Samuelson, Nordhaus, William D., William D. Nordhaus. (1948). — Universidad del País Vasco. ISBN: 0070548889","Economics, an introductory analysis. بقلم Paul Anthony Samuelson، Nordhaus, William D.، William D. Nordhaus. (1948). — Universidad del País Vasco. ردمك: 0070548889"
"Macroeconomics: GDP, Fiscal Policy, and Business Cycles",الاقتصاد الكلي: الناتج المحلي الإجمالي، السياسة المالية، ودورات الأعمال.,https://smarticle.tech/en/article/macroeconomics-gdp-fiscal-policy-and-business-cycles-202605130238,https://smarticle.tech/ar/article/macroeconomics-gdp-fiscal-policy-and-business-cycles-202605130238,Economics,Économie internationale,https://archive.org/details/economieinternat0000krug_h6w1,"Économie internationale. by Paul R. Krugman, Maurice Obstfeld, Marc J. Melitz. (1987). — Pearson Education, Limited. ISBN: 9780316504751","Économie internationale. بقلم Paul R. Krugman، Maurice Obstfeld، Marc J. Melitz. (1987). — Pearson Education, Limited. ردمك: 9780316504751"
"Macroeconomics: GDP, Fiscal Policy, and Business Cycles",الاقتصاد الكلي: الناتج المحلي الإجمالي، السياسة المالية، ودورات الأعمال.,https://smarticle.tech/en/article/macroeconomics-gdp-fiscal-policy-and-business-cycles-202605130238,https://smarticle.tech/ar/article/macroeconomics-gdp-fiscal-policy-and-business-cycles-202605130238,Economics,"“When it rains, it pours”: Fiscal policy, credit constraints and business cycles in emerging and developed economies",https://doi.org/10.1016/j.jmacro.2021.103319,"Krastina Dzhambova. ""“When it rains, it pours”: Fiscal policy, credit constraints and business cycles in emerging and developed economies"". *crossref*, 2021.","كراستينا جامبوفا. ""عندما تمطر، تمطر بغزارة"": السياسة المالية، قيود الائتمان ودورات الأعمال في الاقتصادات الناشئة والمتطورة"". *كروسريف*، 2021."
"Macroeconomics: GDP, Fiscal Policy, and Business Cycles",الاقتصاد الكلي: الناتج المحلي الإجمالي، السياسة المالية، ودورات الأعمال.,https://smarticle.tech/en/article/macroeconomics-gdp-fiscal-policy-and-business-cycles-202605130238,https://smarticle.tech/ar/article/macroeconomics-gdp-fiscal-policy-and-business-cycles-202605130238,Economics,"Business Cycles, Fiscal Policy, and Budget Deficits",https://doi.org/10.1007/978-94-011-1364-9_5,"Day, Richard H. ""Business Cycles, Fiscal Policy, and Budget Deficits"". crossref, 1994.","ريتشارد إتش. داي. ""دورات الأعمال، السياسة المالية، وعجز الميزانية"". كروسريف، 1994."
"Macroeconomics: GDP, Fiscal Policy, and Business Cycles",الاقتصاد الكلي: الناتج المحلي الإجمالي، السياسة المالية، ودورات الأعمال.,https://smarticle.tech/en/article/macroeconomics-gdp-fiscal-policy-and-business-cycles-202605130238,https://smarticle.tech/ar/article/macroeconomics-gdp-fiscal-policy-and-business-cycles-202605130238,Economics,On asymmetric business cycles and the effectiveness of counter-cyclical fiscal policies,https://doi.org/10.1016/j.jmacro.2007.02.008,"Magud, Nicolas E. ""On asymmetric business cycles and the effectiveness of counter-cyclical fiscal policies"". Journal of Macroeconomics, 2008.","نيكولاس إي. ماجود. ""حول الدورات الاقتصادية غير المتماثلة وفعالية السياسات المالية المضادة للدورات"". *مجلة الاقتصاد الكلي*، 2008."
"Macroeconomics: GDP, Fiscal Policy, and Business Cycles",الاقتصاد الكلي: الناتج المحلي الإجمالي، السياسة المالية، ودورات الأعمال.,https://smarticle.tech/en/article/macroeconomics-gdp-fiscal-policy-and-business-cycles-202605130238,https://smarticle.tech/ar/article/macroeconomics-gdp-fiscal-policy-and-business-cycles-202605130238,Economics,"Inequality, Business Cycles, and Monetary-Fiscal Policy",https://doi.org/10.3386/w24710,"Bhandari, Anmol et al. ""Inequality, Business Cycles, and Monetary-Fiscal Policy"". crossref, 2018.","أنمول بهانداري وآخرون. ""عدم المساواة، دورات الأعمال، والسياسة النقدية-المالية"". *كروسريف*، 2018."
"Macroeconomics: GDP, Fiscal Policy, and Business Cycles",الاقتصاد الكلي: الناتج المحلي الإجمالي، السياسة المالية، ودورات الأعمال.,https://smarticle.tech/en/article/macroeconomics-gdp-fiscal-policy-and-business-cycles-202605130238,https://smarticle.tech/ar/article/macroeconomics-gdp-fiscal-policy-and-business-cycles-202605130238,Economics,Fiscal Policy and Public Debt,https://doi.org/10.1093/oso/9780198825371.003.0008,"Christopher Tsoukis. ""Fiscal Policy and Public Debt"". *crossref*, 2020.","كريستوفر تسوكيس. ""السياسة المالية والدين العام"". *كروسريف*، 2020."
"Microeconomics: Supply, Demand, Market Equilibrium, and Firm Theory",الاقتصاد الجزئي: العرض، الطلب، توازن السوق، ونظرية الشركة.,https://smarticle.tech/en/article/microeconomics-supply-demand-market-equilibrium-and-firm-theory-202605130251,https://smarticle.tech/ar/article/microeconomics-supply-demand-market-equilibrium-and-firm-theory-202605130251,Economics,Economics,https://archive.org/details/economicsintrodu0000bach_t6a7,Economics. by George Leland Bach. (1954). — Prentice-Hall. ISBN: 9780135427125,Economics. بقلم George Leland Bach. (1954). — Prentice-Hall. ردمك: 9780135427125
"Microeconomics: Supply, Demand, Market Equilibrium, and Firm Theory",الاقتصاد الجزئي: العرض، الطلب، توازن السوق، ونظرية الشركة.,https://smarticle.tech/en/article/microeconomics-supply-demand-market-equilibrium-and-firm-theory-202605130251,https://smarticle.tech/ar/article/microeconomics-supply-demand-market-equilibrium-and-firm-theory-202605130251,Economics,"Economics, an introductory analysis",https://archive.org/details/lccn_61007584,"Economics, an introductory analysis. by Paul Anthony Samuelson, Nordhaus, William D., William D. Nordhaus. (1948). — Universidad del País Vasco. ISBN: 0070548889","Economics, an introductory analysis. بقلم Paul Anthony Samuelson، Nordhaus, William D.، William D. Nordhaus. (1948). — Universidad del País Vasco. ردمك: 0070548889"
"Microeconomics: Supply, Demand, Market Equilibrium, and Firm Theory",الاقتصاد الجزئي: العرض، الطلب، توازن السوق، ونظرية الشركة.,https://smarticle.tech/en/article/microeconomics-supply-demand-market-equilibrium-and-firm-theory-202605130251,https://smarticle.tech/ar/article/microeconomics-supply-demand-market-equilibrium-and-firm-theory-202605130251,Economics,The economics of information technology,https://archive.org/details/economicsofinfor0000vari,"The economics of information technology. by Hal R. Varian, Joseph Farrell, Carl Shapiro. (2000). — Cambridge University Press. ISBN: 0511754167",The economics of information technology. بقلم Hal R. Varian، Joseph Farrell، Carl Shapiro. (2000). — Cambridge University Press. ردمك: 0511754167
"Microeconomics: Supply, Demand, Market Equilibrium, and Firm Theory",الاقتصاد الجزئي: العرض، الطلب، توازن السوق، ونظرية الشركة.,https://smarticle.tech/en/article/microeconomics-supply-demand-market-equilibrium-and-firm-theory-202605130251,https://smarticle.tech/ar/article/microeconomics-supply-demand-market-equilibrium-and-firm-theory-202605130251,Economics,Foundations of Real-World Economics,https://openlibrary.org/works/OL20520854W,Foundations of Real-World Economics. by John Komlos. (2019). — Routledge. ISBN: 1351584693,Foundations of Real-World Economics. بقلم John Komlos. (2019). — Routledge. ردمك: 1351584693
"Microeconomics: Supply, Demand, Market Equilibrium, and Firm Theory",الاقتصاد الجزئي: العرض، الطلب، توازن السوق، ونظرية الشركة.,https://smarticle.tech/en/article/microeconomics-supply-demand-market-equilibrium-and-firm-theory-202605130251,https://smarticle.tech/ar/article/microeconomics-supply-demand-market-equilibrium-and-firm-theory-202605130251,Economics,Foundations of Organisational Economics,https://openlibrary.org/works/OL25766449W,Foundations of Organisational Economics. by Paul Walker. (2021). — Taylor & Francis Group. ISBN: 1003128475,Foundations of Organisational Economics. بقلم Paul Walker. (2021). — Taylor & Francis Group. ردمك: 1003128475
"Microeconomics: Supply, Demand, Market Equilibrium, and Firm Theory",الاقتصاد الجزئي: العرض، الطلب، توازن السوق، ونظرية الشركة.,https://smarticle.tech/en/article/microeconomics-supply-demand-market-equilibrium-and-firm-theory-202605130251,https://smarticle.tech/ar/article/microeconomics-supply-demand-market-equilibrium-and-firm-theory-202605130251,Economics,Economics of Crime,https://openlibrary.org/works/OL21652654W,Economics of Crime. by Harold Winter. (2008). — Taylor & Francis Group. ISBN: 9781135982409,Economics of Crime. بقلم Harold Winter. (2008). — Taylor & Francis Group. ردمك: 9781135982409
"Microeconomics: Supply, Demand, Market Equilibrium, and Firm Theory",الاقتصاد الجزئي: العرض، الطلب، توازن السوق، ونظرية الشركة.,https://smarticle.tech/en/article/microeconomics-supply-demand-market-equilibrium-and-firm-theory-202605130251,https://smarticle.tech/ar/article/microeconomics-supply-demand-market-equilibrium-and-firm-theory-202605130251,Economics,Microfoundations and Macroeconomics,https://openlibrary.org/works/OL4308686W,"Microfoundations and Macroeconomics. by Steven Horwitz. (2000). — Taylor & Francis, Inc.. ISBN: 9780415197625","Microfoundations and Macroeconomics. بقلم Steven Horwitz. (2000). — Taylor & Francis, Inc.. ردمك: 9780415197625"
"Microeconomics: Supply, Demand, Market Equilibrium, and Firm Theory",الاقتصاد الجزئي: العرض، الطلب، توازن السوق، ونظرية الشركة.,https://smarticle.tech/en/article/microeconomics-supply-demand-market-equilibrium-and-firm-theory-202605130251,https://smarticle.tech/ar/article/microeconomics-supply-demand-market-equilibrium-and-firm-theory-202605130251,Economics,Foundations of microeconomics,https://archive.org/details/foundationsofmic0000bade,Foundations of microeconomics. by Robin Bade. (2003). — Pearson/Addison Wesley. ISBN: 9780321522504,Foundations of microeconomics. بقلم Robin Bade. (2003). — Pearson/Addison Wesley. ردمك: 9780321522504
"Microeconomics: Supply, Demand, Market Equilibrium, and Firm Theory",الاقتصاد الجزئي: العرض، الطلب، توازن السوق، ونظرية الشركة.,https://smarticle.tech/en/article/microeconomics-supply-demand-market-equilibrium-and-firm-theory-202605130251,https://smarticle.tech/ar/article/microeconomics-supply-demand-market-equilibrium-and-firm-theory-202605130251,Economics,Managerial economics,https://archive.org/details/managerialeconom0000thom_u6h4,"Managerial economics. by Christopher R. Thomas, Christopher R. Thomas, S. Charles Maurice. (2000). — McGraw-Hill Education. ISBN: 0072871741",Managerial economics. بقلم Christopher R. Thomas، Christopher R. Thomas، S. Charles Maurice. (2000). — McGraw-Hill Education. ردمك: 0072871741
"Microeconomics: Supply, Demand, Market Equilibrium, and Firm Theory",الاقتصاد الجزئي: العرض، الطلب، توازن السوق، ونظرية الشركة.,https://smarticle.tech/en/article/microeconomics-supply-demand-market-equilibrium-and-firm-theory-202605130251,https://smarticle.tech/ar/article/microeconomics-supply-demand-market-equilibrium-and-firm-theory-202605130251,Economics,Transaction costs and the contractual theory of the firm,https://doi.org/10.1017/cbo9780511625930.011,"Williamson, O. E. ""Transaction costs and the contractual theory of the firm"". *crossref*, 1999.","ويليامسون، أوليفر إي. ""تكاليف المعاملات والنظرية التعاقدية للمؤسسة"". *كروسريف*، ١٩٩٩."
"International Trade Theory: Comparative Advantage, Tariffs, and Trade Agreements",نظرية التجارة الدولية: الميزة النسبية، التعريفات، والاتفاقيات التجارية.,https://smarticle.tech/en/article/international-trade-theory-comparative-advantage-tariffs-and-trade-agreemen-202605130301,https://smarticle.tech/ar/article/international-trade-theory-comparative-advantage-tariffs-and-trade-agreemen-202605130301,Economics,Économie internationale,https://archive.org/details/economieinternat0000krug_h6w1,"Économie internationale. by Paul R. Krugman, Maurice Obstfeld, Marc J. Melitz. (1987). — Pearson Education, Limited. ISBN: 9780316504751","Économie internationale. بقلم Paul R. Krugman، Maurice Obstfeld، Marc J. Melitz. (1987). — Pearson Education, Limited. ردمك: 9780316504751"
"International Trade Theory: Comparative Advantage, Tariffs, and Trade Agreements",نظرية التجارة الدولية: الميزة النسبية، التعريفات، والاتفاقيات التجارية.,https://smarticle.tech/en/article/international-trade-theory-comparative-advantage-tariffs-and-trade-agreemen-202605130301,https://smarticle.tech/ar/article/international-trade-theory-comparative-advantage-tariffs-and-trade-agreemen-202605130301,Economics,Introduction to International Economics,https://archive.org/details/introductiontoin0000salv,Introduction to International Economics. by Dominick Salvatore. (2004). — John Wiley [distributor]. ISBN: 0471202266,Introduction to International Economics. بقلم Dominick Salvatore. (2004). — John Wiley [distributor]. ردمك: 0471202266
"International Trade Theory: Comparative Advantage, Tariffs, and Trade Agreements",نظرية التجارة الدولية: الميزة النسبية، التعريفات، والاتفاقيات التجارية.,https://smarticle.tech/en/article/international-trade-theory-comparative-advantage-tariffs-and-trade-agreemen-202605130301,https://smarticle.tech/ar/article/international-trade-theory-comparative-advantage-tariffs-and-trade-agreemen-202605130301,Economics,Canada's comparative advantage and the Free Trade Agreement,https://openlibrary.org/works/OL9493885W,"Canada's comparative advantage and the Free Trade Agreement. by Joseph A. Stevano. (1989). — Dept. of Economics, York University","Canada's comparative advantage and the Free Trade Agreement. بقلم Joseph A. Stevano. (1989). — Dept. of Economics, York University"
"International Trade Theory: Comparative Advantage, Tariffs, and Trade Agreements",نظرية التجارة الدولية: الميزة النسبية، التعريفات، والاتفاقيات التجارية.,https://smarticle.tech/en/article/international-trade-theory-comparative-advantage-tariffs-and-trade-agreemen-202605130301,https://smarticle.tech/ar/article/international-trade-theory-comparative-advantage-tariffs-and-trade-agreemen-202605130301,Economics,Comparative Advantage and the Labor Theory of Value,https://doi.org/10.1215/00182702-1430301,"Jorge Morales Meoqui. ""Comparative Advantage and the Labor Theory of Value"". crossref, 2011.","خورخي موراليس ميوكي. ""الميزة النسبية ونظرية القيمة للعمل"". Crossref، 2011."
"International Trade Theory: Comparative Advantage, Tariffs, and Trade Agreements",نظرية التجارة الدولية: الميزة النسبية، التعريفات، والاتفاقيات التجارية.,https://smarticle.tech/en/article/international-trade-theory-comparative-advantage-tariffs-and-trade-agreemen-202605130301,https://smarticle.tech/ar/article/international-trade-theory-comparative-advantage-tariffs-and-trade-agreemen-202605130301,Economics,Trade Agreements: Theoretical Foundations,https://doi.org/10.1093/acrefore/9780190625979.013.324,"Beshkar, Mostafa, and Eric Bond. ""Trade Agreements: Theoretical Foundations"". Oxford Research Encyclopedia of Economics and Finance, 2019.","مصطفى بشكار وإريك بوند. ""اتفاقيات التجارة: الأسس النظرية"". موسوعة أوكسفورد للأبحاث في الاقتصاد والتمويل، 2019."
"International Trade Theory: Comparative Advantage, Tariffs, and Trade Agreements",نظرية التجارة الدولية: الميزة النسبية، التعريفات، والاتفاقيات التجارية.,https://smarticle.tech/en/article/international-trade-theory-comparative-advantage-tariffs-and-trade-agreemen-202605130301,https://smarticle.tech/ar/article/international-trade-theory-comparative-advantage-tariffs-and-trade-agreemen-202605130301,Economics,The World Trade Organization’s International Trade Agreements – A Synopsis of the Other Multilateral and the Plurilateral Agreements,https://doi.org/10.4324/9781351259002-2,"Baber, Graeme. ""The World Trade Organization’s International Trade Agreements – A Synopsis of the Other Multilateral and the Plurilateral Agreements"". crossref, 2018.","غرايمل بابر. ""اتفاقيات التجارة الدولية لمنظمة التجارة العالمية – ملخص للاتفاقيات المتعددة الأطراف وللاتفاقيات متعددة الأطراف"". Crossref، 2018."
"International Trade Theory: Comparative Advantage, Tariffs, and Trade Agreements",نظرية التجارة الدولية: الميزة النسبية، التعريفات، والاتفاقيات التجارية.,https://smarticle.tech/en/article/international-trade-theory-comparative-advantage-tariffs-and-trade-agreemen-202605130301,https://smarticle.tech/ar/article/international-trade-theory-comparative-advantage-tariffs-and-trade-agreemen-202605130301,Economics,The World Trade Organization’s International Trade Agreements – The General Agreement on Tariffs and Trade,https://doi.org/10.4324/9781351259002-1,"Baber, Graeme. ""The World Trade Organization’s International Trade Agreements – The General Agreement on Tariffs and Trade"". crossref, 2018.","غرايمل بابر. ""اتفاقيات التجارة الدولية لمنظمة التجارة العالمية – الاتفاق العام بشأن التعريفات الجمركية والتجارة"". Crossref، 2018."
"International Trade Theory: Comparative Advantage, Tariffs, and Trade Agreements",نظرية التجارة الدولية: الميزة النسبية، التعريفات، والاتفاقيات التجارية.,https://smarticle.tech/en/article/international-trade-theory-comparative-advantage-tariffs-and-trade-agreemen-202605130301,https://smarticle.tech/ar/article/international-trade-theory-comparative-advantage-tariffs-and-trade-agreemen-202605130301,Economics,A Political Economy Theory of International Trade Agreements,https://doi.org/10.23943/princeton/9780691135298.003.0002,"Mansfield, Edward D., and Helen V. Milner. ""A Political Economy Theory of International Trade Agreements"". *crossref*, 2012.","إدوارد د. مانسفيلد وهيلين ف. ميلنر. ""نظرية الاقتصاد السياسي لاتفاقيات التجارة الدولية"". Crossref، 2012."
"International Trade Theory: Comparative Advantage, Tariffs, and Trade Agreements",نظرية التجارة الدولية: الميزة النسبية، التعريفات، والاتفاقيات التجارية.,https://smarticle.tech/en/article/international-trade-theory-comparative-advantage-tariffs-and-trade-agreemen-202605130301,https://smarticle.tech/ar/article/international-trade-theory-comparative-advantage-tariffs-and-trade-agreemen-202605130301,Economics,The spread of international trade agreements,https://doi.org/10.4324/9781351046954-5,"Zakaria Sorgho. ""The spread of international trade agreements"". crossref, 2018.","زكريا سورغو. ""انتشار اتفاقيات التجارة الدولية"". Crossref، 2018."
"Political Science: Governance Systems, State Theory, and Political Authority",العلوم السياسية: أنظمة الحكم، نظرية الدولة، والسلطة السياسية.,https://smarticle.tech/en/article/political-science-governance-systems-state-theory-and-political-authority-202605130322,https://smarticle.tech/ar/article/political-science-governance-systems-state-theory-and-political-authority-202605130322,Politics,The Prince,https://archive.org/details/machiavelli00machuoft,"The Prince. by Niccolò Machiavelli. (1515). — Penguin Books, Limited. ISBN: 9781975853143","The Prince. بقلم Niccolò Machiavelli. (1515). — Penguin Books, Limited. ردمك: 9781975853143"
"Political Science: Governance Systems, State Theory, and Political Authority",العلوم السياسية: أنظمة الحكم، نظرية الدولة، والسلطة السياسية.,https://smarticle.tech/en/article/political-science-governance-systems-state-theory-and-political-authority-202605130322,https://smarticle.tech/ar/article/political-science-governance-systems-state-theory-and-political-authority-202605130322,Politics,πολιτεία,https://archive.org/details/republicofplat00plat,πολιτεία. by Πλάτων. (1554). — Namaskar Books. ISBN: 9603520950,πολιτεία. بقلم Πλάτων. (1554). — Namaskar Books. ردمك: 9603520950
"Political Science: Governance Systems, State Theory, and Political Authority",العلوم السياسية: أنظمة الحكم، نظرية الدولة، والسلطة السياسية.,https://smarticle.tech/en/article/political-science-governance-systems-state-theory-and-political-authority-202605130322,https://smarticle.tech/ar/article/political-science-governance-systems-state-theory-and-political-authority-202605130322,Politics,On Liberty,https://archive.org/details/onliberty00mill,On Liberty. by John Stuart Mill. (1859). — Atlantic Monthly Press. ISBN: 1792105355,On Liberty. بقلم John Stuart Mill. (1859). — Atlantic Monthly Press. ردمك: 1792105355
"Political Science: Governance Systems, State Theory, and Political Authority",العلوم السياسية: أنظمة الحكم، نظرية الدولة، والسلطة السياسية.,https://smarticle.tech/en/article/political-science-governance-systems-state-theory-and-political-authority-202605130322,https://smarticle.tech/ar/article/political-science-governance-systems-state-theory-and-political-authority-202605130322,Politics,Utopia,https://archive.org/details/TheUtopia,Utopia. by Thomas More. (1518). — Editorial Porrúa. ISBN: 143321265X,Utopia. بقلم Thomas More. (1518). — Editorial Porrúa. ردمك: 143321265X
"Political Science: Governance Systems, State Theory, and Political Authority",العلوم السياسية: أنظمة الحكم، نظرية الدولة، والسلطة السياسية.,https://smarticle.tech/en/article/political-science-governance-systems-state-theory-and-political-authority-202605130322,https://smarticle.tech/ar/article/political-science-governance-systems-state-theory-and-political-authority-202605130322,Politics,The Art of War,https://archive.org/details/artofwaroldestmi00suntuoft,"The Art of War. by 孙武 (Sun Tzu), Stephen F. Kaufman, Lionel Giles. (1900). — Distributed in the United States by Random House. ISBN: 0344892581",The Art of War. بقلم 孙武 (Sun Tzu)، Stephen F. Kaufman، Lionel Giles. (1900). — Distributed in the United States by Random House. ردمك: 0344892581
"Political Science: Governance Systems, State Theory, and Political Authority",العلوم السياسية: أنظمة الحكم، نظرية الدولة، والسلطة السياسية.,https://smarticle.tech/en/article/political-science-governance-systems-state-theory-and-political-authority-202605130322,https://smarticle.tech/ar/article/political-science-governance-systems-state-theory-and-political-authority-202605130322,Politics,The Autobiography of Benjamin Franklin,https://archive.org/details/autobiographyofb0000fran_s6g2,The Autobiography of Benjamin Franklin. by Benjamin Franklin. (1791). — Printed for Cushing and Carlton. ISBN: 1534829741,The Autobiography of Benjamin Franklin. بقلم Benjamin Franklin. (1791). — Printed for Cushing and Carlton. ردمك: 1534829741
"Political Science: Governance Systems, State Theory, and Political Authority",العلوم السياسية: أنظمة الحكم، نظرية الدولة، والسلطة السياسية.,https://smarticle.tech/en/article/political-science-governance-systems-state-theory-and-political-authority-202605130322,https://smarticle.tech/ar/article/political-science-governance-systems-state-theory-and-political-authority-202605130322,Politics,Walden,https://archive.org/details/waldenorlifei00thor,Walden. by Henry David Thoreau. (1854). — Harper & Row. ISBN: 1719479283,Walden. بقلم Henry David Thoreau. (1854). — Harper & Row. ردمك: 1719479283
"Political Science: Governance Systems, State Theory, and Political Authority",العلوم السياسية: أنظمة الحكم، نظرية الدولة، والسلطة السياسية.,https://smarticle.tech/en/article/political-science-governance-systems-state-theory-and-political-authority-202605130322,https://smarticle.tech/ar/article/political-science-governance-systems-state-theory-and-political-authority-202605130322,Politics,La Divina Commedia,https://archive.org/details/commedi03dant,La Divina Commedia. by Dante Alighieri. (1472). — Dent Dutton. ISBN: 1790482976,La Divina Commedia. بقلم Dante Alighieri. (1472). — Dent Dutton. ردمك: 1790482976
"Political Science: Governance Systems, State Theory, and Political Authority",العلوم السياسية: أنظمة الحكم، نظرية الدولة، والسلطة السياسية.,https://smarticle.tech/en/article/political-science-governance-systems-state-theory-and-political-authority-202605130322,https://smarticle.tech/ar/article/political-science-governance-systems-state-theory-and-political-authority-202605130322,Politics,The modern state and the concept of authority,https://doi.org/10.4337/9781784711627.00009,"Troper, Michel. ""The modern state and the concept of authority"". crossref, 2016.","ترُوبِير، ميشيل. ""الدولة الحديثة ومفهوم السلطة"". كروسريف، 2016."
"Political Science: Governance Systems, State Theory, and Political Authority",العلوم السياسية: أنظمة الحكم، نظرية الدولة، والسلطة السياسية.,https://smarticle.tech/en/article/political-science-governance-systems-state-theory-and-political-authority-202605130322,https://smarticle.tech/ar/article/political-science-governance-systems-state-theory-and-political-authority-202605130322,Politics,Synthesizing governance themes from political and management theory,https://doi.org/10.4324/9780203390122-15,"Synthesizing governance themes from political and management theory. ""Synthesizing governance themes from political and management theory"". crossref, 2013.","""توليف موضوعات الحوكمة من نظريات السياسة والإدارة"". كروسريف، 2013."
"Democratic Theory: Elections, Representation, and Legitimacy",نظرية الديمقراطية: الانتخابات والتمثيل والشرعية,https://smarticle.tech/en/article/democratic-theory-elections-representation-and-legitimacy-202605191033,https://smarticle.tech/ar/article/democratic-theory-elections-representation-and-legitimacy-202605191033,Politics,"To hell with culture, and other essays on art and society",https://archive.org/details/tohellwithcultur00read_0,"To hell with culture, and other essays on art and society. by Herbert Edward Read. (1941). — Routledge. ISBN: 1134438303","To hell with culture, and other essays on art and society. بقلم Herbert Edward Read. (1941). — Routledge. ردمك: 1134438303"
"Democratic Theory: Elections, Representation, and Legitimacy",نظرية الديمقراطية: الانتخابات والتمثيل والشرعية,https://smarticle.tech/en/article/democratic-theory-elections-representation-and-legitimacy-202605191033,https://smarticle.tech/ar/article/democratic-theory-elections-representation-and-legitimacy-202605191033,Politics,"Hayek, Mill, and the liberal tradition",https://openlibrary.org/works/OL16964730W,"Hayek, Mill, and the liberal tradition. by Andrew Farrant. (2010). — Routledge. ISBN: 9781136853302","Hayek, Mill, and the liberal tradition. بقلم Andrew Farrant. (2010). — Routledge. ردمك: 9781136853302"
"Democratic Theory: Elections, Representation, and Legitimacy",نظرية الديمقراطية: الانتخابات والتمثيل والشرعية,https://smarticle.tech/en/article/democratic-theory-elections-representation-and-legitimacy-202605191033,https://smarticle.tech/ar/article/democratic-theory-elections-representation-and-legitimacy-202605191033,Politics,Social capital and democratisation,https://archive.org/details/socialcapitaldem0000aber,"Social capital and democratisation. by Martin Åberg, Mikael Sandberg. (2003). — ASHGATE. ISBN: 9781351899727",Social capital and democratisation. بقلم Martin Åberg، Mikael Sandberg. (2003). — ASHGATE. ردمك: 9781351899727
"Democratic Theory: Elections, Representation, and Legitimacy",نظرية الديمقراطية: الانتخابات والتمثيل والشرعية,https://smarticle.tech/en/article/democratic-theory-elections-representation-and-legitimacy-202605191033,https://smarticle.tech/ar/article/democratic-theory-elections-representation-and-legitimacy-202605191033,Politics,Perfecting Parliament,https://openlibrary.org/works/OL21027391W,Perfecting Parliament. by Roger D. Congleton. (2010). — Cambridge University Press. ISBN: 9780511911668,Perfecting Parliament. بقلم Roger D. Congleton. (2010). — Cambridge University Press. ردمك: 9780511911668
"Democratic Theory: Elections, Representation, and Legitimacy",نظرية الديمقراطية: الانتخابات والتمثيل والشرعية,https://smarticle.tech/en/article/democratic-theory-elections-representation-and-legitimacy-202605191033,https://smarticle.tech/ar/article/democratic-theory-elections-representation-and-legitimacy-202605191033,Politics,Democracy and democratization,https://openlibrary.org/works/OL2089545W,"Democracy and democratization. by Georg Sørensen, Georg Srensen, Georg Sorensen. (1992). — Westview Press. ISBN: 9780429974953",Democracy and democratization. بقلم Georg Sørensen، Georg Srensen، Georg Sorensen. (1992). — Westview Press. ردمك: 9780429974953
"Democratic Theory: Elections, Representation, and Legitimacy",نظرية الديمقراطية: الانتخابات والتمثيل والشرعية,https://smarticle.tech/en/article/democratic-theory-elections-representation-and-legitimacy-202605191033,https://smarticle.tech/ar/article/democratic-theory-elections-representation-and-legitimacy-202605191033,Politics,Theories of Democracy,https://archive.org/details/theoriesdemocrac00cunn,Theories of Democracy. by F. Cunningham. (2001). — Routledge. ISBN: 9780415228787,Theories of Democracy. بقلم F. Cunningham. (2001). — Routledge. ردمك: 9780415228787
"Democratic Theory: Elections, Representation, and Legitimacy",نظرية الديمقراطية: الانتخابات والتمثيل والشرعية,https://smarticle.tech/en/article/democratic-theory-elections-representation-and-legitimacy-202605191033,https://smarticle.tech/ar/article/democratic-theory-elections-representation-and-legitimacy-202605191033,Politics,Legitimacy and Representation beyond Elections (Part One),https://doi.org/10.23943/princeton/9780691181998.003.0004,"Hélène Landemore. ""Legitimacy and Representation beyond Elections (Part One)"". crossref, 2020.","Hélène Landemore. ""Legitimacy and Representation beyond Elections (Part One)"". crossref, 2020."
"Democratic Theory: Elections, Representation, and Legitimacy",نظرية الديمقراطية: الانتخابات والتمثيل والشرعية,https://smarticle.tech/en/article/democratic-theory-elections-representation-and-legitimacy-202605191033,https://smarticle.tech/ar/article/democratic-theory-elections-representation-and-legitimacy-202605191033,Politics,Winning Isn't Everything: Losers' Consent and Democratic Legitimacy,https://doi.org/10.1093/0199276382.003.0001,"Christopher J. Anderson, André Blais, Shaun Bowler, Todd Donovan, Ola Listhaug. ""Winning Isn't Everything: Losers' Consent and Democratic Legitimacy"". crossref, 2005.","Christopher J. Anderson, André Blais, Shaun Bowler, Todd Donovan, Ola Listhaug. ""Winning Isn't Everything: Losers' Consent and Democratic Legitimacy"". crossref, 2005."
"Democratic Theory: Elections, Representation, and Legitimacy",نظرية الديمقراطية: الانتخابات والتمثيل والشرعية,https://smarticle.tech/en/article/democratic-theory-elections-representation-and-legitimacy-202605191033,https://smarticle.tech/ar/article/democratic-theory-elections-representation-and-legitimacy-202605191033,Politics,EU Democratic Deficit(s) and Legitimacy; System Versus Sub-System Level,https://doi.org/10.1007/978-3-319-08774-0_10,"Alexander Katsaitis. ""EU Democratic Deficit(s) and Legitimacy; System Versus Sub-System Level"". crossref, 2014.","Alexander Katsaitis. ""EU Democratic Deficit(s) and Legitimacy; System Versus Sub-System Level"". crossref, 2014."
"Democratic Theory: Elections, Representation, and Legitimacy",نظرية الديمقراطية: الانتخابات والتمثيل والشرعية,https://smarticle.tech/en/article/democratic-theory-elections-representation-and-legitimacy-202605191033,https://smarticle.tech/ar/article/democratic-theory-elections-representation-and-legitimacy-202605191033,Politics,Chapter 2. Are American Elections Sufficiently Democratic?,https://doi.org/10.9783/9780812208177.26,"""Chapter 2. Are American Elections Sufficiently Democratic?"". crossref, 2013.","""Chapter 2. Are American Elections Sufficiently Democratic?"". crossref, 2013."
"International Relations: Realism, Liberalism, and Global Power Dynamics",العلاقات الدولية: الواقعية، الليبرالية، وديناميات القوة العالمية.,https://smarticle.tech/en/article/international-relations-realism-liberalism-and-global-power-dynamics-202605191105,https://smarticle.tech/ar/article/international-relations-realism-liberalism-and-global-power-dynamics-202605191105,Politics,The Art of War,https://archive.org/details/artofwaroldestmi00suntuoft,"The Art of War. by 孙武 (Sun Tzu), Stephen F. Kaufman, Lionel Giles. (1900). — Distributed in the United States by Random House. ISBN: 0344892581",The Art of War. بقلم 孙武 (Sun Tzu)، Stephen F. Kaufman، Lionel Giles. (1900). — Distributed in the United States by Random House. ردمك: 0344892581
"International Relations: Realism, Liberalism, and Global Power Dynamics",العلاقات الدولية: الواقعية، الليبرالية، وديناميات القوة العالمية.,https://smarticle.tech/en/article/international-relations-realism-liberalism-and-global-power-dynamics-202605191105,https://smarticle.tech/ar/article/international-relations-realism-liberalism-and-global-power-dynamics-202605191105,Politics,"Comparative Aanalysis of National Security Strategies of Armenia in the Context of Political Realism, Liberalism, and Marxism",https://doi.org/10.46991/jops/2023.2.6.011,"V. Atoyan, Logan Brosius, Vahram Hovyan. ""Comparative Aanalysis of National Security Strategies of Armenia in the Context of Political Realism, Liberalism, and Marxism"". semantic_scholar_foundational, 2023.","ف. أتويان، لوغان بروسيوس، فahrام هوفيان. ""تحليل مقارن لاستراتيجيات الأمن القومي لأرمينيا في سياق الواقعية السياسية، الليبرالية، والماركسية"". semantic_scholar_foundational، 2023."
"International Relations: Realism, Liberalism, and Global Power Dynamics",العلاقات الدولية: الواقعية، الليبرالية، وديناميات القوة العالمية.,https://smarticle.tech/en/article/international-relations-realism-liberalism-and-global-power-dynamics-202605191105,https://smarticle.tech/ar/article/international-relations-realism-liberalism-and-global-power-dynamics-202605191105,Politics,"A Reflexive Critique of Inter-paradigm Divisions in International Relations Theory: On Anarchy, Hierarchy and Pre-1919 Theory",https://doi.org/10.1177/00208817221102050,"Ganchev, Ivo. ""A Reflexive Critique of Inter-paradigm Divisions in International Relations Theory: On Anarchy, Hierarchy and Pre-1919 Theory"". semantic_scholar_foundational, 2022.","غانتشيف، إيفو. ""نقد تأملي لتقسيمات ما بين النماذج في نظرية العلاقات الدولية: حول الفوضى، التسلسل الهرمي، والنظرية قبل عام 1919"". semantic_scholar_foundational، 2022."
Pope Francis Populism Critique Mechanism Exposes Religious Weaponization,آلية نقد البابا فرنسيس للشعبوية تكشف عن تسليح الدين.,https://smarticle.tech/en/article/pope-francis-populism-critique-mechanism-exposes-religious-weaponization-202605241102,https://smarticle.tech/ar/article/pope-francis-populism-critique-mechanism-exposes-religious-weaponization-202605241102,Politics,“How Can We Abandon Them?” The Legacy of Pope Francis on Right-Wing Populism,https://doi.org/10.55476/001c.155051,"How Can We Abandon Them?” The Legacy of Pope Francis on Right-Wing Populism. doaj, 2026.",كيف يمكننا التخلي عنهم؟” إرث البابا فرنسيس إزاء الشعبوية اليمينية المتطرفة.
Pope Francis Populism Critique Mechanism Exposes Religious Weaponization,آلية نقد البابا فرنسيس للشعبوية تكشف عن تسليح الدين.,https://smarticle.tech/en/article/pope-francis-populism-critique-mechanism-exposes-religious-weaponization-202605241102,https://smarticle.tech/ar/article/pope-francis-populism-critique-mechanism-exposes-religious-weaponization-202605241102,Politics,Pope Francis and populism – resemblances and differences,https://doi.org/10.4324/9781003349099-4,"Pope Francis and populism – resemblances and differences"".",البابا فرنسيس والشعبوية – أوجه التشابه والاختلاف.
Pope Francis Populism Critique Mechanism Exposes Religious Weaponization,آلية نقد البابا فرنسيس للشعبوية تكشف عن تسليح الدين.,https://smarticle.tech/en/article/pope-francis-populism-critique-mechanism-exposes-religious-weaponization-202605241102,https://smarticle.tech/ar/article/pope-francis-populism-critique-mechanism-exposes-religious-weaponization-202605241102,Politics,Culture War: Exploring the Backing from the Portuguese Catholic Church and Christian Movements to Populist Party Chega,https://doi.org/10.3390/rel15121436,"Culture War: Exploring the Backing from the Portuguese Catholic Church and Christian Movements to Populist Party Chega"".",الحرب الثقافية: استكشاف الدعم من الكنيسة الكاثوليكية البرتغالية والحركات المسيحية للحزب الشعبوي شينغا.
Pope Francis Populism Critique Mechanism Exposes Religious Weaponization,آلية نقد البابا فرنسيس للشعبوية تكشف عن تسليح الدين.,https://smarticle.tech/en/article/pope-francis-populism-critique-mechanism-exposes-religious-weaponization-202605241102,https://smarticle.tech/ar/article/pope-francis-populism-critique-mechanism-exposes-religious-weaponization-202605241102,Politics,Culture War: Exploring the Influence of the Christian Religion and the Catholic Church Backing on Populist Party CHEGA,https://doi.org/10.20944/preprints202404.1287.v1,Culture War: Exploring the Influence of the Christian Religion and the Catholic Church Backing on Populist Party CHEGA.,الحرب الثقافية: استكشاف تأثير الدين المسيحي ودعم الكنيسة الكاثوليكية على الحزب الشعبوي شينغا.
A Bounded-Confidence Model of Opinion Dynamics with Adaptive Interaction Probabilities,نموذج ثقة محدودة لديناميكيات الرأي مع احتمالات تفاعل تكيفية.,https://smarticle.tech/en/article/a-bounded-confidence-model-of-opinion-dynamics-with-adaptive-interaction-pr-202605250834,https://smarticle.tech/ar/article/a-bounded-confidence-model-of-opinion-dynamics-with-adaptive-interaction-pr-202605250834,Sociology,A Bounded-Confidence Model of Opinion Dynamics with Adaptive Interaction Probabilities,https://arxiv.org/abs/2605.20418,"Thompsky, Leila et al. ""A Bounded-Confidence Model of Opinion Dynamics with Adaptive Interaction Probabilities"". arxiv, 2026.","تومبسكاي، ليلى وآخرون. ""نموذج ثقة محدودة لديناميكيات الرأي مع احتمالات تفاعل متكيفة"". أركسف، 2026."
A Bounded-Confidence Model of Opinion Dynamics with Adaptive Interaction Probabilities,نموذج ثقة محدودة لديناميكيات الرأي مع احتمالات تفاعل تكيفية.,https://smarticle.tech/en/article/a-bounded-confidence-model-of-opinion-dynamics-with-adaptive-interaction-pr-202605250834,https://smarticle.tech/ar/article/a-bounded-confidence-model-of-opinion-dynamics-with-adaptive-interaction-pr-202605250834,Sociology,Analysis of Opinion Evolution Based on Hegselmann–Krause Model with Historical Opinion,https://doi.org/10.3390/e28050541,"Analysis of Opinion Evolution Based on Hegselmann–Krause Model with Historical Opinion"".","تحليل تطور الرأي بناءً على نموذج هيغلسمان-كراوس مع الرأي التاريخي""."
A Bounded-Confidence Model of Opinion Dynamics with Adaptive Interaction Probabilities,نموذج ثقة محدودة لديناميكيات الرأي مع احتمالات تفاعل تكيفية.,https://smarticle.tech/en/article/a-bounded-confidence-model-of-opinion-dynamics-with-adaptive-interaction-pr-202605250834,https://smarticle.tech/ar/article/a-bounded-confidence-model-of-opinion-dynamics-with-adaptive-interaction-pr-202605250834,Sociology,Mathematical Modeling of Opinion Dynamics under Algorithmic Amplifications: A Bifurcation Analysis,https://doi.org/10.34248/bsengineering.1882307,Mathematical Modeling of Opinion Dynamics under Algorithmic Amplifications: A Bifurcation Analysis.,"النمذجة الرياضية لديناميكيات الرأي تحت التضخيم الخوارزمي: تحليل bifurcation""."
A Bounded-Confidence Model of Opinion Dynamics with Adaptive Interaction Probabilities,نموذج ثقة محدودة لديناميكيات الرأي مع احتمالات تفاعل تكيفية.,https://smarticle.tech/en/article/a-bounded-confidence-model-of-opinion-dynamics-with-adaptive-interaction-pr-202605250834,https://smarticle.tech/ar/article/a-bounded-confidence-model-of-opinion-dynamics-with-adaptive-interaction-pr-202605250834,Sociology,A Utility-Driven Bounded-Confidence Model for Opinion Dynamics,https://arxiv.org/abs/2605.21844,"A Utility-Driven Bounded-Confidence Model for Opinion Dynamics"".","""نموذج ثقة محدودة مدفوع بالمنفعة لديناميكيات الرأي""."
A Bounded-Confidence Model of Opinion Dynamics with Adaptive Interaction Probabilities,نموذج ثقة محدودة لديناميكيات الرأي مع احتمالات تفاعل تكيفية.,https://smarticle.tech/en/article/a-bounded-confidence-model-of-opinion-dynamics-with-adaptive-interaction-pr-202605250834,https://smarticle.tech/ar/article/a-bounded-confidence-model-of-opinion-dynamics-with-adaptive-interaction-pr-202605250834,Sociology,Opinion Dynamics With Social Confirmation Effect: An Adaptive Hegselmann-Krause Model,https://doi.org/10.1109/TCSS.2025.3611520,"Opinion Dynamics With Social Confirmation Effect: An Adaptive Hegselmann-Krause Model"".","ديناميكيات الرأي مع تأثير التأكيد الاجتماعي: نموذج هيغلسمان-كراوس متكيف""."
Conceptualizing and Defining the Circular Space Economy,تصور وتعريف الاقتصاد الدائري الفضائي (CSE),https://smarticle.tech/en/article/conceptualizing-and-defining-the-circular-space-economy-202605251136,https://smarticle.tech/ar/article/conceptualizing-and-defining-the-circular-space-economy-202605251136,Economics,Conceptualizing and Defining the Circular Space Economy,https://arxiv.org/abs/2605.23740,"Jonas Bahlmann et al. ""Conceptualizing and Defining the Circular Space Economy"". arxiv, 2026.","جوناس باهلمان وآخرون. ""ت conceptualizing and Defining the Circular Space Economy"". أركسف، 2026."
Conceptualizing and Defining the Circular Space Economy,تصور وتعريف الاقتصاد الدائري الفضائي (CSE),https://smarticle.tech/en/article/conceptualizing-and-defining-the-circular-space-economy-202605251136,https://smarticle.tech/ar/article/conceptualizing-and-defining-the-circular-space-economy-202605251136,Economics,A Systematic Review of Circularity and Sustainability Strategies in the Space Industry,https://doi.org/10.3390/engproc2026133016,"A Systematic Review of Circularity and Sustainability Strategies in the Space Industry"". *Engineering Proceedings*, 2023.","""A Systematic Review of Circularity and Sustainability Strategies in the Space Industry"". *ceedings الهندسية*، 2023."
Conceptualizing and Defining the Circular Space Economy,تصور وتعريف الاقتصاد الدائري الفضائي (CSE),https://smarticle.tech/en/article/conceptualizing-and-defining-the-circular-space-economy-202605251136,https://smarticle.tech/ar/article/conceptualizing-and-defining-the-circular-space-economy-202605251136,Economics,The circular economy concept and the headline definition of a circular economy,https://doi.org/10.18356/9789213586686c007,"The circular economy concept and the headline definition of a circular economy"".","""مفهوم الاقتصاد الدائري والتعريف الرئيسي للاقتصاد الدائري""."
Conceptualizing and Defining the Circular Space Economy,تصور وتعريف الاقتصاد الدائري الفضائي (CSE),https://smarticle.tech/en/article/conceptualizing-and-defining-the-circular-space-economy-202605251136,https://smarticle.tech/ar/article/conceptualizing-and-defining-the-circular-space-economy-202605251136,Economics,The Circular Economy: Conceptual Definition and Framing for Socially Responsible Stakeholders,https://doi.org/10.46852/0424-2513.2.2024.22,"The Circular Economy: Conceptual Definition and Framing for Socially Responsible Stakeholders"".","""الاقتصاد الدائري: التعريف المفاهيمي والإطار لأصحاب المصلحة المسؤولين اجتماعياً""."
Unravelling Nature's Models for Transportation Network: Considering a Biomimicry Framework,كشف نماذج الطبيعة لشبكات النقل: إطار عمل التقليد الحيوي.,https://smarticle.tech/en/article/unravelling-nature-s-models-for-transportation-network-considering-a-biomim-202605251142,https://smarticle.tech/ar/article/unravelling-nature-s-models-for-transportation-network-considering-a-biomim-202605251142,Psychology,Unravelling Nature's Models for Transportation Network: Considering a Biomimicry Framework,https://arxiv.org/abs/2605.23766,"Sofiane Madmar et al. ""Unravelling Nature's Models for Transportation Network: Considering a Biomimicry Framework"". arxiv, 2026.","سفيان مدمر وآخرون، ""فهم نماذج الطبيعة لشبكات النقل: النظر في إطار المحاكاة الحيوية"". أرخايف، 2026."
Unravelling Nature's Models for Transportation Network: Considering a Biomimicry Framework,كشف نماذج الطبيعة لشبكات النقل: إطار عمل التقليد الحيوي.,https://smarticle.tech/en/article/unravelling-nature-s-models-for-transportation-network-considering-a-biomim-202605251142,https://smarticle.tech/ar/article/unravelling-nature-s-models-for-transportation-network-considering-a-biomim-202605251142,Psychology,"Nature-Inspired Solutions for Sustainable Mining: Applications of NIAs, Swarm Robotics, and Other Biomimicry-Based Technologies",https://doi.org/10.3390/biomimetics10030181,"Nature-Inspired Solutions for Sustainable Mining: Applications of NIAs, Swarm Robotics, and Other Biomimicry-Based Technologies"".",الحلول الملهمة من الطبيعة للتعدين المستدام: تطبيقات NIAs، وروبوتات السرب، وغيرها من التقنيات القائمة على المحاكاة الحيوية.
Unravelling Nature's Models for Transportation Network: Considering a Biomimicry Framework,كشف نماذج الطبيعة لشبكات النقل: إطار عمل التقليد الحيوي.,https://smarticle.tech/en/article/unravelling-nature-s-models-for-transportation-network-considering-a-biomim-202605251142,https://smarticle.tech/ar/article/unravelling-nature-s-models-for-transportation-network-considering-a-biomim-202605251142,Psychology,Towards a Platform of Investigative Tools for Biomimicry as a New Approach for Energy-Efficient Building Design,https://doi.org/10.3390/buildings7010019,"Towards a Platform of Investigative Tools for Biomimicry as a New Approach for Energy-Efficient Building Design"". *Buildings*, 2017.","""نحو منصة لأدوات التحقيق في المحاكاة الحيوية كنهج جديد لتصميم المباني الموفرة للطاقة"". *المباني*، 2017."
Unravelling Nature's Models for Transportation Network: Considering a Biomimicry Framework,كشف نماذج الطبيعة لشبكات النقل: إطار عمل التقليد الحيوي.,https://smarticle.tech/en/article/unravelling-nature-s-models-for-transportation-network-considering-a-biomim-202605251142,https://smarticle.tech/ar/article/unravelling-nature-s-models-for-transportation-network-considering-a-biomim-202605251142,Psychology,A review of drag reduction methods and principles in bionic interface,https://doi.org/10.26599/FRICT.2025.9441033,"A review of drag reduction methods and principles in bionic interface"".","""مراجعة لطرق وتقنيات تقليل السحب في الواجهات الحيوية""."
Unravelling Nature's Models for Transportation Network: Considering a Biomimicry Framework,كشف نماذج الطبيعة لشبكات النقل: إطار عمل التقليد الحيوي.,https://smarticle.tech/en/article/unravelling-nature-s-models-for-transportation-network-considering-a-biomim-202605251142,https://smarticle.tech/ar/article/unravelling-nature-s-models-for-transportation-network-considering-a-biomim-202605251142,Psychology,Can the built environment function like nature?,http://journals.openedition.org/factsreports/7186,"Can the built environment function like nature?"".","""هل يمكن للبيئة المبنية أن تعمل مثل الطبيعة؟"""
Payoff-Driven Coevolution Creates Oscillatory Dynamics in Hypergraphs,التطور المتزامن المدفوع بالمكافآت يولد ديناميات تذبذبية في الرسوم فوق العقدية.,https://smarticle.tech/en/article/payoff-driven-coevolution-creates-oscillatory-dynamics-in-hypergraphs-202605260735,https://smarticle.tech/ar/article/payoff-driven-coevolution-creates-oscillatory-dynamics-in-hypergraphs-202605260735,Sociology,Payoff-Driven Coevolution and Oscillatory Dynamics in Hypergraph,https://arxiv.org/abs/2605.25016,"Yichao Yao, Yuji Zhang, Juan Wu, Minyu Feng, Attila Szolnoki. ""Payoff-Driven Coevolution and Oscillatory Dynamics in Hypergraph"". arxiv, 2026.","Yichao Yao, Yuji Zhang, Juan Wu, Minyu Feng, Attila Szolnoki. ""Payoff-Driven Coevolution and Oscillatory Dynamics in Hypergraph"". arxiv, 2026."
Payoff-Driven Coevolution Creates Oscillatory Dynamics in Hypergraphs,التطور المتزامن المدفوع بالمكافآت يولد ديناميات تذبذبية في الرسوم فوق العقدية.,https://smarticle.tech/en/article/payoff-driven-coevolution-creates-oscillatory-dynamics-in-hypergraphs-202605260735,https://smarticle.tech/ar/article/payoff-driven-coevolution-creates-oscillatory-dynamics-in-hypergraphs-202605260735,Sociology,Oscillatory and Excitable Dynamics in an Opinion Model with Group Opinions,https://arxiv.org/abs/2408.13336,"""Oscillatory and Excitable Dynamics in an Opinion Model with Group Opinions"". , .","""Oscillatory and Excitable Dynamics in an Opinion Model with Group Opinions"". , ."
Payoff-Driven Coevolution Creates Oscillatory Dynamics in Hypergraphs,التطور المتزامن المدفوع بالمكافآت يولد ديناميات تذبذبية في الرسوم فوق العقدية.,https://smarticle.tech/en/article/payoff-driven-coevolution-creates-oscillatory-dynamics-in-hypergraphs-202605260735,https://smarticle.tech/ar/article/payoff-driven-coevolution-creates-oscillatory-dynamics-in-hypergraphs-202605260735,Sociology,Models of competition and social dilemmas on graphs and hypergraphs,https://core.ac.uk/download/603253690.pdf,Models of competition and social dilemmas on graphs and hypergraphs.,Models of competition and social dilemmas on graphs and hypergraphs.
Payoff-Driven Coevolution Creates Oscillatory Dynamics in Hypergraphs,التطور المتزامن المدفوع بالمكافآت يولد ديناميات تذبذبية في الرسوم فوق العقدية.,https://smarticle.tech/en/article/payoff-driven-coevolution-creates-oscillatory-dynamics-in-hypergraphs-202605260735,https://smarticle.tech/ar/article/payoff-driven-coevolution-creates-oscillatory-dynamics-in-hypergraphs-202605260735,Sociology,Voter Models,https://doi.org/10.3389/fcpxs.2023.1298265,"Voter Models. ""Voter Models"". 2023.","Voter Models. ""Voter Models"". 2023."
Payoff-Driven Coevolution Creates Oscillatory Dynamics in Hypergraphs,التطور المتزامن المدفوع بالمكافآت يولد ديناميات تذبذبية في الرسوم فوق العقدية.,https://smarticle.tech/en/article/payoff-driven-coevolution-creates-oscillatory-dynamics-in-hypergraphs-202605260735,https://smarticle.tech/ar/article/payoff-driven-coevolution-creates-oscillatory-dynamics-in-hypergraphs-202605260735,Sociology,"Public goods games played on hypergraphs, by agents with bounded learning and planning",https://doi.org/10.1016/j.csfx.2023.100099,"Public goods games played on hypergraphs, by agents with bounded learning and planning"".","Public goods games played on hypergraphs, by agents with bounded learning and planning""."
Spatial Activity Opportunity Fairness among Elderly Residents in Nagoya: A Comparative Analysis across Three Wards with Different Rent Levels,العدالة في فرص النشاط المكاني بين كبار السن في ناغويا: تحليل مقارن عبر ثلاث أحياء ذات مستويات إيجار مختلفة.,https://smarticle.tech/en/article/spatial-activity-opportunity-fairness-among-elderly-residents-in-nagoya-a-c-202605260756,https://smarticle.tech/ar/article/spatial-activity-opportunity-fairness-among-elderly-residents-in-nagoya-a-c-202605260756,Sociology,Spatial Activity Opportunity Fairness among Elderly Residents in Nagoya: A Comparative Analysis across Three Wards with Different Rent Levels,https://arxiv.org/abs/2605.20280,"Shi, Jianhao and Tomio Miwa. ""Spatial Activity Opportunity Fairness among Elderly Residents in Nagoya: A Comparative Analysis across Three Wards with Different Rent Levels"". arxiv, 2026.","Shi, Jianhao و Tomio Miwa. ""العدالة في فرص النشاط المكاني بين المقيمين المسنين في ناغويا: تحليل مقارن عبر ثلاثة أحياء مختلفة بمستويات إيجارات مختلفة"". arxiv، 2026."
A Utility-Driven Bounded-Confidence Model for Opinion Dynamics,نموذج الثقة المحدودة القائم على الفائدة لتطور الآراء.,https://smarticle.tech/en/article/a-utility-driven-bounded-confidence-model-for-opinion-dynamics-202605260804,https://smarticle.tech/ar/article/a-utility-driven-bounded-confidence-model-for-opinion-dynamics-202605260804,Sociology,A Utility-Driven Bounded-Confidence Model for Opinion Dynamics,https://arxiv.org/abs/2605.21844,"Siebenmorgen, A., Restrepo, J. G. ""A Utility-Driven Bounded-Confidence Model for Opinion Dynamics"". arxiv, 2026.","زيبنمورغن، أ.، رستربو، ج. ج. ""نموذج الثقة المحدودة المدفوع بالمنفعة لديناميكيات الآراء"". أركسف، 2026."
A Utility-Driven Bounded-Confidence Model for Opinion Dynamics,نموذج الثقة المحدودة القائم على الفائدة لتطور الآراء.,https://smarticle.tech/en/article/a-utility-driven-bounded-confidence-model-for-opinion-dynamics-202605260804,https://smarticle.tech/ar/article/a-utility-driven-bounded-confidence-model-for-opinion-dynamics-202605260804,Sociology,An Adaptive Bounded-Confidence Model of Opinion Dynamics on Networks,https://doi.org/10.31235/osf.io/gcxnf,"An Adaptive Bounded-Confidence Model of Opinion Dynamics on Networks"".","""نموذج الثقة المحدودة التكيفي لديناميكيات الآراء على الشبكات""."
A Utility-Driven Bounded-Confidence Model for Opinion Dynamics,نموذج الثقة المحدودة القائم على الفائدة لتطور الآراء.,https://smarticle.tech/en/article/a-utility-driven-bounded-confidence-model-for-opinion-dynamics-202605260804,https://smarticle.tech/ar/article/a-utility-driven-bounded-confidence-model-for-opinion-dynamics-202605260804,Sociology,A Bounded-Confidence Model of Opinion Dynamics with Heterogeneous Node-Activity Levels,https://doi.org/10.31235/osf.io/r6asm,"A Bounded-Confidence Model of Opinion Dynamics with Heterogeneous Node-Activity Levels"".","""نموذج الثقة المحدودة لديناميكيات الآراء مع مستويات نشاط عقدة غير متجانسة""."
A Utility-Driven Bounded-Confidence Model for Opinion Dynamics,نموذج الثقة المحدودة القائم على الفائدة لتطور الآراء.,https://smarticle.tech/en/article/a-utility-driven-bounded-confidence-model-for-opinion-dynamics-202605260804,https://smarticle.tech/ar/article/a-utility-driven-bounded-confidence-model-for-opinion-dynamics-202605260804,Sociology,Triadic Transitions of Opinion Dynamics in a Bounded Confidence Model,https://doi.org/10.18564/jasss.5634,"Triadic Transitions of Opinion Dynamics in a Bounded Confidence Model"".","""التحولات الثلاثية لديناميكيات الآراء في نموذج الثقة المحدودة""."
A Utility-Driven Bounded-Confidence Model for Opinion Dynamics,نموذج الثقة المحدودة القائم على الفائدة لتطور الآراء.,https://smarticle.tech/en/article/a-utility-driven-bounded-confidence-model-for-opinion-dynamics-202605260804,https://smarticle.tech/ar/article/a-utility-driven-bounded-confidence-model-for-opinion-dynamics-202605260804,Sociology,Adaptive bounded-confidence model for opinion maximization,https://doi.org/10.31979/etd.rmwc-8wjy,"Adaptive bounded-confidence model for opinion maximization"".","""نموذج الثقة المحدودة التكيفي لتعظيم الآراء""."
How Local Network Rules Create Multiple Shortest Paths,كيف تُنشئ قواعد الشبكة المحلية مسارات أقصر متعددة.,https://smarticle.tech/en/article/how-local-network-rules-create-multiple-shortest-paths-202605260815,https://smarticle.tech/ar/article/how-local-network-rules-create-multiple-shortest-paths-202605260815,Sociology,Local network evolution rules drive shortest path multiplicity,https://arxiv.org/abs/2605.25237,"Vazquez, Alexei. ""Local network evolution rules drive shortest path multiplicity"". arxiv, 2026.","فاسكيز، أليكسي. ""قواعد تطور الشبكات المحلية تدفع تعددية المسار الأقصر"". أركسف، 2026."
How Local Network Rules Create Multiple Shortest Paths,كيف تُنشئ قواعد الشبكة المحلية مسارات أقصر متعددة.,https://smarticle.tech/en/article/how-local-network-rules-create-multiple-shortest-paths-202605260815,https://smarticle.tech/ar/article/how-local-network-rules-create-multiple-shortest-paths-202605260815,Sociology,Local Interaction Rules Drive Global Organization of the Human Connectome,https://doi.org/10.20944/preprints202601.0075.v1,"Local Interaction Rules Drive Global Organization of the Human Connectome"". preprints, 2026.","""القواعد المحلية للتفاعل تدفع التنظيم العالمي للاتصال البشري"". بروبرنتس، 2026."
How Local Network Rules Create Multiple Shortest Paths,كيف تُنشئ قواعد الشبكة المحلية مسارات أقصر متعددة.,https://smarticle.tech/en/article/how-local-network-rules-create-multiple-shortest-paths-202605260815,https://smarticle.tech/ar/article/how-local-network-rules-create-multiple-shortest-paths-202605260815,Sociology,"Ants find shortest paths using simple, local rules",https://doi.org/10.3758/s13420-023-00580-6,"Ants find shortest paths using simple, local rules"".","""النمل يجد المسارات الأقصر باستخدام قواعد محلية وبسيطة""."
LLM-Guided Agent Model for Residential Solar Adoption Dynamics,نموذج وكيل موجه بالـ LLM لديناميكيات تبني الطاقة الشمسية السكنية.,https://smarticle.tech/en/article/llm-guided-agent-model-for-residential-solar-adoption-dynamics-202605260835,https://smarticle.tech/ar/article/llm-guided-agent-model-for-residential-solar-adoption-dynamics-202605260835,Economics,An Analytics Framework for Modeling Residential Photovoltaic Adoption and Decision Dynamics,https://arxiv.org/abs/2605.22699,"Canigó Callau-Boix, Raúl Toral, Pere Colet. ""An Analytics Framework for Modeling Residential Photovoltaic Adoption and Decision Dynamics"". arxiv, 2026.","كانيجو كالاو-بويكس، راؤول تورال، بير كولي. ""إطار تحليلي لنمذجة اعتماد وتفاعلات القرار الخاصة بالطاقة الكهروضوئية السكنية"". أركسف، 2026."
LLM-Guided Agent Model for Residential Solar Adoption Dynamics,نموذج وكيل موجه بالـ LLM لديناميكيات تبني الطاقة الشمسية السكنية.,https://smarticle.tech/en/article/llm-guided-agent-model-for-residential-solar-adoption-dynamics-202605260835,https://smarticle.tech/ar/article/llm-guided-agent-model-for-residential-solar-adoption-dynamics-202605260835,Economics,PVAdoptAgent: Simulating Residential Photovoltaic Adoption via an LLM Framework with Dynamic Decision Intervals,https://doi.org/10.1109/gaiis69281.2026.11519129,PVAdoptAgent: Simulating Residential Photovoltaic Adoption via an LLM Framework with Dynamic Decision Intervals.,PVAdoptAgent: محاكاة اعتماد الطاقة الكهروضوئية السكنية عبر إطار عمل نماذج اللغة الكبيرة بفترات قرار ديناميكية.
LLM-Guided Agent Model for Residential Solar Adoption Dynamics,نموذج وكيل موجه بالـ LLM لديناميكيات تبني الطاقة الشمسية السكنية.,https://smarticle.tech/en/article/llm-guided-agent-model-for-residential-solar-adoption-dynamics-202605260835,https://smarticle.tech/ar/article/llm-guided-agent-model-for-residential-solar-adoption-dynamics-202605260835,Economics,Modeling residential photovoltaic adoption: A system dynamics approach for solar energy expansion,https://doi.org/10.1016/j.enpol.2024.114133,"Modeling residential photovoltaic adoption: A system dynamics approach for solar energy expansion. Energy Policy, 2024.","""نمذجة اعتماد الطاقة الكهروضوئية السكنية: نهج ديناميكا الأنظمة لتوسيع الطاقة الشمسية"". سياسات الطاقة، 2024."
LLM-Guided Agent Model for Residential Solar Adoption Dynamics,نموذج وكيل موجه بالـ LLM لديناميكيات تبني الطاقة الشمسية السكنية.,https://smarticle.tech/en/article/llm-guided-agent-model-for-residential-solar-adoption-dynamics-202605260835,https://smarticle.tech/ar/article/llm-guided-agent-model-for-residential-solar-adoption-dynamics-202605260835,Economics,Spatial pattern analysis and modeling of residential adoption of photovoltaic system in Florida,https://doi.org/10.1007/s43937-025-00112-5,"Spatial pattern analysis and modeling of residential adoption of photovoltaic system in Florida"".","""التحليل النمطي المكاني ونمذجة اعتماد الأنظمة الكهروضوئية السكنية في فلوريدا""."
LLM-Guided Agent Model for Residential Solar Adoption Dynamics,نموذج وكيل موجه بالـ LLM لديناميكيات تبني الطاقة الشمسية السكنية.,https://smarticle.tech/en/article/llm-guided-agent-model-for-residential-solar-adoption-dynamics-202605260835,https://smarticle.tech/ar/article/llm-guided-agent-model-for-residential-solar-adoption-dynamics-202605260835,Economics,PVactVal: A Validation Approach for Agent-based Modeling of Residential Photovoltaic Adoption,https://doi.org/10.1109/eem54602.2022.9921039,"PVactVal: A Validation Approach for Agent-based Modeling of Residential Photovoltaic Adoption"".","""PVactVal: نهج للتحقق من نماذج العوامل المؤثرة في اعتماد الطاقة الكهروضوئية السكنية""."
Ordonomic Framework for AI Governance and Incentive-Compatible Rules,إطار أوردونومي لحوكمة الذكاء الاصطناعي والقواعد المتوافقة مع الحوافز.,https://smarticle.tech/en/article/ordonomic-framework-for-ai-governance-and-incentive-compatible-rules-202605261031,https://smarticle.tech/ar/article/ordonomic-framework-for-ai-governance-and-incentive-compatible-rules-202605261031,Economics,"Artificial Intelligence as a Socio-Economic Dilemma: Ordonomic Diagnosis–Reflection–Design for Education, Work and Governance",https://doi.org/10.5771/2944-3741-2026-1-30,"Pape, J., Homann, K., & Suchanek, A. ""Artificial Intelligence as a Socio-Economic Dilemma: Ordonomic Diagnosis–Reflection–Design for Education, Work and Governance"". doaj, 2026.","باب، ج.، هومان، ك.، وسوخانيك، أ. ""الذكاء الاصطناعي كمعضلة اجتماعية اقتصادية: التشخيص Ordonomic – التأمل – التصميم للتعليم والعمل والحكم"". دواج، 2026."
Ordonomic Framework for AI Governance and Incentive-Compatible Rules,إطار أوردونومي لحوكمة الذكاء الاصطناعي والقواعد المتوافقة مع الحوافز.,https://smarticle.tech/en/article/ordonomic-framework-for-ai-governance-and-incentive-compatible-rules-202605261031,https://smarticle.tech/ar/article/ordonomic-framework-for-ai-governance-and-incentive-compatible-rules-202605261031,Economics,Dimensions of the AI Divide: Digital Inequality and Psychological Consequences,https://doi.org/10.1002/aiv2.70002,"Dimensions of the AI Divide: Digital Inequality and Psychological Consequences"".",أبعاد الفجوة في الذكاء الاصطناعي: عدم المساواة الرقمية والعواقب النفسية.
Ordonomic Framework for AI Governance and Incentive-Compatible Rules,إطار أوردونومي لحوكمة الذكاء الاصطناعي والقواعد المتوافقة مع الحوافز.,https://smarticle.tech/en/article/ordonomic-framework-for-ai-governance-and-incentive-compatible-rules-202605261031,https://smarticle.tech/ar/article/ordonomic-framework-for-ai-governance-and-incentive-compatible-rules-202605261031,Economics,Preference Drift in AI Agents: How Work Design Affects Behavioral Alignment,https://doi.org/10.70175/hclreview.2020.33.4.5,Preference Drift in AI Agents: How Work Design Affects Behavioral Alignment.,انحراف التفضيلات في وكلاء الذكاء الاصطناعي: كيف يؤثر تصميم العمل على محاذاة السلوك.
Ordonomic Framework for AI Governance and Incentive-Compatible Rules,إطار أوردونومي لحوكمة الذكاء الاصطناعي والقواعد المتوافقة مع الحوافز.,https://smarticle.tech/en/article/ordonomic-framework-for-ai-governance-and-incentive-compatible-rules-202605261031,https://smarticle.tech/ar/article/ordonomic-framework-for-ai-governance-and-incentive-compatible-rules-202605261031,Economics,Artificial intelligence is creating a new global linguistic hierarchy,https://arxiv.org/abs/2602.12018,"Artificial intelligence is creating a new global linguistic hierarchy"".",الذكاء الاصطناعي يخلق تسلسلاً لغوياً عالمياً جديداً.
Ordonomic Framework for AI Governance and Incentive-Compatible Rules,إطار أوردونومي لحوكمة الذكاء الاصطناعي والقواعد المتوافقة مع الحوافز.,https://smarticle.tech/en/article/ordonomic-framework-for-ai-governance-and-incentive-compatible-rules-202605261031,https://smarticle.tech/ar/article/ordonomic-framework-for-ai-governance-and-incentive-compatible-rules-202605261031,Economics,"AI-Augmented Mobile and Data-Driven Decision Making in Business: Mapping Global Research Trends for Decent Work, Economic Growth, and Innovation",https://doi.org/10.3991/ijim.v20i07.61107,"AI-Augmented Mobile and Data-Driven Decision Making in Business: Mapping Global Research Trends for Decent Work, Economic Growth, and Innovation.",اتخاذ القرارات في الأعمال التجارية المعززة بالذكاء الاصطناعي والبيانات: رسم خرائط للاتجاهات البحث العالمية للعمل اللائق والنمو الاقتصادي والابتكار.
Social Media as an Effective Solution to Dealing with Violations of the Professional Code of Ethics: An Overview of Violations of the Police Code of Ethics,وسائل التواصل الاجتماعي كحل فعال للتعامل مع انتهاكات مدونة الأخلاق المهنية: نظرة عامة على انتهاكات مدونة أخلاق الشرطة.,https://smarticle.tech/en/article/social-media-as-an-effective-solution-to-dealing-with-violations-of-the-pro-202605261046,https://smarticle.tech/ar/article/social-media-as-an-effective-solution-to-dealing-with-violations-of-the-pro-202605261046,Law,Social Media as an Effective Solution to Dealing with Violations of the Professional Code of Ethics: An Overview of Violations of the Police Code of E,https://doi.org/10.15294/imrev.v2i2.69254,"Social Media as an Effective Solution to Dealing with Violations of the Professional Code of Ethics: An Overview of Violations of the Police Code of Ethics. *doaj*, 2023.",النصوص:
Social Media as an Effective Solution to Dealing with Violations of the Professional Code of Ethics: An Overview of Violations of the Police Code of Ethics,وسائل التواصل الاجتماعي كحل فعال للتعامل مع انتهاكات مدونة الأخلاق المهنية: نظرة عامة على انتهاكات مدونة أخلاق الشرطة.,https://smarticle.tech/en/article/social-media-as-an-effective-solution-to-dealing-with-violations-of-the-pro-202605261046,https://smarticle.tech/ar/article/social-media-as-an-effective-solution-to-dealing-with-violations-of-the-pro-202605261046,Law,IMPLEMENTATION OF POLICE REGULATION NUMBER 7 OF 2022 CONCERNING THE PROFESSIONAL CODE OF ETHICS AND THE POLICE CODE OF ETHICS COMMISSION AGAINST VIOLA,https://doi.org/10.31435/rsglobal_ijitss/30092022/7865,"IMPLEMENTATION OF POLICE REGULATION NUMBER 7 OF 2022 CONCERNING THE PROFESSIONAL CODE OF ETHICS AND THE POLICE CODE OF ETHICS COMMISSION AGAINST VIOLATIONS BY POLICE MEMBERS"".",وسائل التواصل الاجتماعي كحل فعال للتعامل مع انتهاكات مدونة الأخلاقيات المهنية: نظرة عامة على انتهاكات مدونة أخلاقيات الشرطة. *doaj*، 2023.
Social Media as an Effective Solution to Dealing with Violations of the Professional Code of Ethics: An Overview of Violations of the Police Code of Ethics,وسائل التواصل الاجتماعي كحل فعال للتعامل مع انتهاكات مدونة الأخلاق المهنية: نظرة عامة على انتهاكات مدونة أخلاق الشرطة.,https://smarticle.tech/en/article/social-media-as-an-effective-solution-to-dealing-with-violations-of-the-pro-202605261046,https://smarticle.tech/ar/article/social-media-as-an-effective-solution-to-dealing-with-violations-of-the-pro-202605261046,Law,Testing the effect of police forces' social media use,https://doi.org/10.1257/rct.17173,Testing the effect of police forces' social media use.,تنفيذ اللائحة التنظيمية للشرطة رقم 7 لعام 2022 بشأن مدونة الأخلاقيات المهنية ومدونة أخلاقيات الشرطة ولجنة الأخلاقيات ضد انتهاكات أعضاء الشرطة.
Social Media as an Effective Solution to Dealing with Violations of the Professional Code of Ethics: An Overview of Violations of the Police Code of Ethics,وسائل التواصل الاجتماعي كحل فعال للتعامل مع انتهاكات مدونة الأخلاق المهنية: نظرة عامة على انتهاكات مدونة أخلاق الشرطة.,https://smarticle.tech/en/article/social-media-as-an-effective-solution-to-dealing-with-violations-of-the-pro-202605261046,https://smarticle.tech/ar/article/social-media-as-an-effective-solution-to-dealing-with-violations-of-the-pro-202605261046,Law,"Social Media, Police–Citizen Interaction on",https://doi.org/10.4135/9781452274102.n317,"Social Media, Police–Citizen Interaction"". SAGE Reference, 2015.",اختبار تأثير استخدام قوات الشرطة لوسائل التواصل الاجتماعي.
Cooperative Packet Recovery Protocol Boosts Video Streaming Reliability,بروتوكول استعادة الحزم التعاوني يعزز موثوقية بث الفيديو.,https://smarticle.tech/en/article/cooperative-packet-recovery-protocol-boosts-video-streaming-reliability-202605261227,https://smarticle.tech/ar/article/cooperative-packet-recovery-protocol-boosts-video-streaming-reliability-202605261227,Media,Modeling and Analysis of Cooperative Packet Recovery Protocol,https://doi.org/10.1109/ACCESS.2024.3389738,"Modeling and Analysis of Cooperative Packet Recovery Protocol. *doaj*, 2024.",نمذجة وتحليل بروتوكول استرداد الحزم التعاوني. *doaj*، 2024.
Cooperative Packet Recovery Protocol Boosts Video Streaming Reliability,بروتوكول استعادة الحزم التعاوني يعزز موثوقية بث الفيديو.,https://smarticle.tech/en/article/cooperative-packet-recovery-protocol-boosts-video-streaming-reliability-202605261227,https://smarticle.tech/ar/article/cooperative-packet-recovery-protocol-boosts-video-streaming-reliability-202605261227,Media,Implementation of a protocol for cooperative packet recovery over hybrid networks,https://doi.org/10.1145/2505469.2505479,Implementation of a protocol for cooperative packet recovery over hybrid networks.,تنفيذ بروتوكول لاسترداد الحزم التعاوني عبر الشبكات الهجينة.
Cooperative Packet Recovery Protocol Boosts Video Streaming Reliability,بروتوكول استعادة الحزم التعاوني يعزز موثوقية بث الفيديو.,https://smarticle.tech/en/article/cooperative-packet-recovery-protocol-boosts-video-streaming-reliability-202605261227,https://smarticle.tech/ar/article/cooperative-packet-recovery-protocol-boosts-video-streaming-reliability-202605261227,Media,A cooperative packet recovery protocol for multicast video,https://doi.org/10.1109/icnp.1997.643726,"A cooperative packet recovery protocol for multicast video"". ICNP, 1997.","بروتوكول استرداد الحزم التعاوني للبث المتعدد للفيديو"". ICNP، 1997."
Cooperative Packet Recovery Protocol Boosts Video Streaming Reliability,بروتوكول استعادة الحزم التعاوني يعزز موثوقية بث الفيديو.,https://smarticle.tech/en/article/cooperative-packet-recovery-protocol-boosts-video-streaming-reliability-202605261227,https://smarticle.tech/ar/article/cooperative-packet-recovery-protocol-boosts-video-streaming-reliability-202605261227,Media,Cooperative wireless communications: Protocol design and performance analysis,https://doi.org/10.33915/etd.2931,"Cooperative wireless communications: Protocol design and performance analysis"".","الاتصالات اللاسلكية التعاونية: تصميم البروتوكول وتحليل الأداء""."
Cooperative Packet Recovery Protocol Boosts Video Streaming Reliability,بروتوكول استعادة الحزم التعاوني يعزز موثوقية بث الفيديو.,https://smarticle.tech/en/article/cooperative-packet-recovery-protocol-boosts-video-streaming-reliability-202605261227,https://smarticle.tech/ar/article/cooperative-packet-recovery-protocol-boosts-video-streaming-reliability-202605261227,Media,Cooperative packet recovery in enterprise WLANs,https://doi.org/10.1109/infcom.2013.6566928,"Cooperative packet recovery in enterprise WLANs"".","استرداد الحزم التعاوني في شبكات WLANs المؤسسية""."
Gender-based differences in the impact of Dark Triad traits on academic dishonesty: The mediating role of moral disengagement in college students,الفروق بين الجنسين في تأثير سمات المثلث المظلم على الغش الأكاديمي: الدور الوسيط للانفصال الأخلاقي لدى طلاب الجامعات.,https://smarticle.tech/en/article/gender-based-differences-in-the-impact-of-dark-triad-traits-on-academic-dis-202605261254,https://smarticle.tech/ar/article/gender-based-differences-in-the-impact-of-dark-triad-traits-on-academic-dis-202605261254,Psychology,Gender-based differences in the impact of Dark Triad traits on academic dishonesty: The mediating role of moral disengagement in college students,https://doi.org/10.1016/j.heliyon.2023.e23322,"Gender-based differences in the impact of Dark Triad traits on academic dishonesty: The mediating role of moral disengagement in college students. *Heliyon*, 2024.",الفروق بين الجنسين في تأثير سمات الثلاثي المظلم على الغش الأكاديمي: الدور الوسيط للانفصال الأخلاقي لدى طلاب الكليات. *هيلييون*، 2024.
Gender-based differences in the impact of Dark Triad traits on academic dishonesty: The mediating role of moral disengagement in college students,الفروق بين الجنسين في تأثير سمات المثلث المظلم على الغش الأكاديمي: الدور الوسيط للانفصال الأخلاقي لدى طلاب الجامعات.,https://smarticle.tech/en/article/gender-based-differences-in-the-impact-of-dark-triad-traits-on-academic-dis-202605261254,https://smarticle.tech/ar/article/gender-based-differences-in-the-impact-of-dark-triad-traits-on-academic-dis-202605261254,Psychology,Unveiling the Nexus between Dark Triad Personality Traits and Academic Dishonesty: The Parallel Mediation of Moral Disengagement and Academic Entitlem,https://doi.org/10.61506/02.00175,"Unveiling the Nexus between Dark Triad Personality Traits and Academic Dishonesty: The Parallel Mediation of Moral Disengagement and Academic Entitlement and Moderating Effect of Perceived Teacher’s Approachability"".",كشف العلاقة بين سمات الشخصية الثلاثي المظلم والغش الأكاديمي: الوساطة المتوازية للانفصال الأخلاقي والاستحقاق الأكاديمي والتأثير المعدل لمدى سهولة 접근 المعلم.
Gender-based differences in the impact of Dark Triad traits on academic dishonesty: The mediating role of moral disengagement in college students,الفروق بين الجنسين في تأثير سمات المثلث المظلم على الغش الأكاديمي: الدور الوسيط للانفصال الأخلاقي لدى طلاب الجامعات.,https://smarticle.tech/en/article/gender-based-differences-in-the-impact-of-dark-triad-traits-on-academic-dis-202605261254,https://smarticle.tech/ar/article/gender-based-differences-in-the-impact-of-dark-triad-traits-on-academic-dis-202605261254,Psychology,"Predicting Academic Dishonesty: The Role of Psychopathic Traits, Perception of Academic Dishonesty, Moral Disengagement and Motivation",https://doi.org/10.1007/s10805-024-09506-x,"Predicting Academic Dishonesty: The Role of Psychopathic Traits, Perception of Academic Dishonesty, Moral Disengagement and Motivation"".",التنبؤ بالغش الأكاديمي: دور سمات الفصام الاجتماعي، وإدراك الغش الأكاديمي، والانفصال الأخلاقي والدافع.
Gender-based differences in the impact of Dark Triad traits on academic dishonesty: The mediating role of moral disengagement in college students,الفروق بين الجنسين في تأثير سمات المثلث المظلم على الغش الأكاديمي: الدور الوسيط للانفصال الأخلاقي لدى طلاب الجامعات.,https://smarticle.tech/en/article/gender-based-differences-in-the-impact-of-dark-triad-traits-on-academic-dis-202605261254,https://smarticle.tech/ar/article/gender-based-differences-in-the-impact-of-dark-triad-traits-on-academic-dis-202605261254,Psychology,Understanding Academic Dishonesty in University Settings: The Interplay of Dark Triad Traits and Moral Disengagement,https://doi.org/10.1080/00221325.2023.2297850,"Understanding Academic Dishonesty in University Settings: The Interplay of Dark Triad Traits and Moral Disengagement"". Journal of Experimental Education, 2023.",فهم الغش الأكاديمي في بيئات الجامعات: التفاعل بين سمات الثلاثي المظلم والانفصال الأخلاقي. *مجلة التربية التجريبية*، 2023.
Communication Strategy Transforms SDG 4 Education Goals,استراتيجية التواصل تحول أهداف التعليم في الهدف الرابع للتنمية المستدامة.,https://smarticle.tech/en/article/communication-strategy-transforms-sdg-4-education-goals-202605281402,https://smarticle.tech/ar/article/communication-strategy-transforms-sdg-4-education-goals-202605281402,Media,Editorial: Towards 2030: sustainable development goal 4: quality education. A communication perspective,https://doi.org/10.3389/fcomm.2023.1328002,"Frontiers in Communication Editorial Board. ""Editorial: Towards 2030: sustainable development goal 4: quality education. A communication perspective"". Frontiers in Communication, 2023.","مجلس تحرير مجلة ""فرونتيرز إن كوميونيكشن"" (Frontiers in Communication). ""مقال افتتاحي: نحو عام 2030: الهدف الرابع من أهداف التنمية المستدامة: التعليم الجيد. منظور اتصالي"". مجلة ""فرونتيرز إن كوميونيكشن"" (Frontiers in Communication)، 2023."
Communication Strategy Transforms SDG 4 Education Goals,استراتيجية التواصل تحول أهداف التعليم في الهدف الرابع للتنمية المستدامة.,https://smarticle.tech/en/article/communication-strategy-transforms-sdg-4-education-goals-202605281402,https://smarticle.tech/ar/article/communication-strategy-transforms-sdg-4-education-goals-202605281402,Media,Facilitator positioning work in a Chinese-U.S. high school virtual exchange: “a way to learn about themselves in the world”,https://doi.org/10.1108/QEA-03-2025-0015,"Facilitator positioning work in a Chinese-U.S. high school virtual exchange: “a way to learn about themselves in the world”"".","العمل على positioning الميسر في تبادل افتراضي بين مدرسة ثانوية صينية وأمريكية: ""طريقة للتعرف على أنفسهم في العالم""."
Communication Strategy Transforms SDG 4 Education Goals,استراتيجية التواصل تحول أهداف التعليم في الهدف الرابع للتنمية المستدامة.,https://smarticle.tech/en/article/communication-strategy-transforms-sdg-4-education-goals-202605281402,https://smarticle.tech/ar/article/communication-strategy-transforms-sdg-4-education-goals-202605281402,Media,Arab countries and the global education agenda 2030: Incomplete path,https://doi.org/10.18502/gespr.v2i1.9306,Arab countries and the global education agenda 2030: Incomplete path.,الدول العربية والجدول الزمني العالمي للتعليم 2030: مسار غير مكتمل.
Communication Strategy Transforms SDG 4 Education Goals,استراتيجية التواصل تحول أهداف التعليم في الهدف الرابع للتنمية المستدامة.,https://smarticle.tech/en/article/communication-strategy-transforms-sdg-4-education-goals-202605281402,https://smarticle.tech/ar/article/communication-strategy-transforms-sdg-4-education-goals-202605281402,Media,Sustainable Development Goals and UNESCO World Heritage Sites in Australia and the Pacific: The Role of Education,https://doi.org/10.1007/978-981-99-3802-5_2,"Sustainable Development Goals and UNESCO World Heritage Sites in Australia and the Pacific: The Role of Education"".",أهداف التنمية المستدامة والمواقع التراثية العالمية لليونسكو في أستراليا والمحيط الهادئ: دور التعليم.
Communication Strategy Transforms SDG 4 Education Goals,استراتيجية التواصل تحول أهداف التعليم في الهدف الرابع للتنمية المستدامة.,https://smarticle.tech/en/article/communication-strategy-transforms-sdg-4-education-goals-202605281402,https://smarticle.tech/ar/article/communication-strategy-transforms-sdg-4-education-goals-202605281402,Media,A Monitoring Strategy for UNESCO&amp;amp;#39;s Sustainable Development Goals on Global Citizenship Education and Education for Sustainable Development,https://doi.org/10.3102/ip.23.2014670,"A Monitoring Strategy for UNESCO's Sustainable Development Goals on Global Citizenship Education and Education for Sustainable Development"".",استراتيجية للرصد لأهداف اليونسكو للتنمية المستدامة المتعلقة بتعليم المواطنة العالمية والتعليم من أجل التنمية المستدامة.
Poland 1989 Hyperinflation: Politically Engineered Price Liberalization Shock,بولندا 1989: التضخم الفائق: صدمة تحرير الأسعار المدبرة سياسياً.,https://smarticle.tech/en/article/poland-1989-hyperinflation-politically-engineered-price-liberalization-shoc-202605281441,https://smarticle.tech/ar/article/poland-1989-hyperinflation-politically-engineered-price-liberalization-shoc-202605281441,Economics,The Puzzle of Hyperinflation in Poland in 1989,https://doi.org/10.15611/pn.2026.1.09,"The Puzzle of Hyperinflation in Poland in 1989. doaj, 2026.","The Puzzle of Hyperinflation in Poland in 1989. doaj, 2026."
Poland 1989 Hyperinflation: Politically Engineered Price Liberalization Shock,بولندا 1989: التضخم الفائق: صدمة تحرير الأسعار المدبرة سياسياً.,https://smarticle.tech/en/article/poland-1989-hyperinflation-politically-engineered-price-liberalization-shoc-202605281441,https://smarticle.tech/ar/article/poland-1989-hyperinflation-politically-engineered-price-liberalization-shoc-202605281441,Economics,In praise of Sorensen’s ‘blockage theory’ on shadows,https://doi.org/10.4013/fsu.2018.192.07,"In praise of Sorensen’s ‘blockage theory’ on shadows"".","In praise of Sorensen’s ‘blockage theory’ on shadows""."
Poland 1989 Hyperinflation: Politically Engineered Price Liberalization Shock,بولندا 1989: التضخم الفائق: صدمة تحرير الأسعار المدبرة سياسياً.,https://smarticle.tech/en/article/poland-1989-hyperinflation-politically-engineered-price-liberalization-shoc-202605281441,https://smarticle.tech/ar/article/poland-1989-hyperinflation-politically-engineered-price-liberalization-shoc-202605281441,Economics,The surprising decline of international mediation in armed conflicts,https://doi.org/10.1177/2053168020917243,"The surprising decline of international mediation in armed conflicts"".","The surprising decline of international mediation in armed conflicts""."
Poland 1989 Hyperinflation: Politically Engineered Price Liberalization Shock,بولندا 1989: التضخم الفائق: صدمة تحرير الأسعار المدبرة سياسياً.,https://smarticle.tech/en/article/poland-1989-hyperinflation-politically-engineered-price-liberalization-shoc-202605281441,https://smarticle.tech/ar/article/poland-1989-hyperinflation-politically-engineered-price-liberalization-shoc-202605281441,Economics,"M. Clavel-Leveque. Puzzle Gauloix. Les Gaules en mémoire. Images. Textes.. Histoire. París. Les Belles Lettres, 1989 (Annales Littéraires de lÚniversi",https://revistas.ucm.es/index.php/GERI/article/view/15537,"Clavel-Leveque, M. ""Puzzle Gauloix. Les Gaules en mémoire. Images. Textes."". Les Belles Lettres, 1989.","Clavel-Leveque, M. ""Puzzle Gauloix. Les Gaules en mémoire. Images. Textes."". Les Belles Lettres, 1989."
Poland 1989 Hyperinflation: Politically Engineered Price Liberalization Shock,بولندا 1989: التضخم الفائق: صدمة تحرير الأسعار المدبرة سياسياً.,https://smarticle.tech/en/article/poland-1989-hyperinflation-politically-engineered-price-liberalization-shoc-202605281441,https://smarticle.tech/ar/article/poland-1989-hyperinflation-politically-engineered-price-liberalization-shoc-202605281441,Economics,"Going Public with Notes on Close Cousins, Food Sovereignty, and Dignity",https://doi.org/10.5304/jafscd.2018.08A.015,"""Going Public with Notes on Close Cousins, Food Sovereignty, and Dignity"". , .","""Going Public with Notes on Close Cousins, Food Sovereignty, and Dignity"". , ."
Epistemic Access Reveals Hidden Inequality in SADC Universities,الوصول المعرفي يكشف عن عدم المساواة الخفي في جامعات SADC.,https://smarticle.tech/en/article/epistemic-access-reveals-hidden-inequality-in-sadc-universities-202606022352,https://smarticle.tech/ar/article/epistemic-access-reveals-hidden-inequality-in-sadc-universities-202606022352,Education,Deconstructing inequalities in higher education institutions within the SADC region,https://doi.org/10.3389/feduc.2026.1745790,"Deconstructing inequalities in higher education institutions within the SADC region. *doaj*, 2026.",تفكيك اللامساواة في مؤسسات التعليم العالي داخل منطقة SADC.
Epistemic Access Reveals Hidden Inequality in SADC Universities,الوصول المعرفي يكشف عن عدم المساواة الخفي في جامعات SADC.,https://smarticle.tech/en/article/epistemic-access-reveals-hidden-inequality-in-sadc-universities-202606022352,https://smarticle.tech/ar/article/epistemic-access-reveals-hidden-inequality-in-sadc-universities-202606022352,Education,Chapter 8 Towards an Enhanced Higher Education System in the SADC,https://doi.org/10.3726/978-3-0353-0461-9/12,"Towards an Enhanced Higher Education System in the SADC"".",نحو نظام تعليم عالي محسّن في منطقة SADC.
Epistemic Access Reveals Hidden Inequality in SADC Universities,الوصول المعرفي يكشف عن عدم المساواة الخفي في جامعات SADC.,https://smarticle.tech/en/article/epistemic-access-reveals-hidden-inequality-in-sadc-universities-202606022352,https://smarticle.tech/ar/article/epistemic-access-reveals-hidden-inequality-in-sadc-universities-202606022352,Education,The Crisis of Extreme Inequality in SADC: Fighting austerity and the pandemic,https://doi.org/10.21201/2022.8793,The Crisis of Extreme Inequality in SADC: Fighting austerity and the pandemic.,أزمة اللامساواة المتطرفة في SADC: مكافحة التقشف وجائحة كورونا.
Epistemic Access Reveals Hidden Inequality in SADC Universities,الوصول المعرفي يكشف عن عدم المساواة الخفي في جامعات SADC.,https://smarticle.tech/en/article/epistemic-access-reveals-hidden-inequality-in-sadc-universities-202606022352,https://smarticle.tech/ar/article/epistemic-access-reveals-hidden-inequality-in-sadc-universities-202606022352,Education,A Comparative Analysis of Language Policy and Planning in the SADC-Region,https://doi.org/10.1163/9789004516724_003,"A Comparative Analysis of Language Policy and Planning in the SADC-Region"".",تحليل مقارن للسياسة والتخطيط اللغويين في منطقة SADC.
Epistemic Access Reveals Hidden Inequality in SADC Universities,الوصول المعرفي يكشف عن عدم المساواة الخفي في جامعات SADC.,https://smarticle.tech/en/article/epistemic-access-reveals-hidden-inequality-in-sadc-universities-202606022352,https://smarticle.tech/ar/article/epistemic-access-reveals-hidden-inequality-in-sadc-universities-202606022352,Education,"Benefits of Distance Education for Overcoming Cultural Disparities, Opening Universities to Persons with Disabilities, and Ensuring Inclusive Higher E",https://doi.org/10.1163/9789004540019_003,"Benefits of Distance Education for Overcoming Cultural Disparities, Opening Universities to Persons with Disabilities, and Ensuring Inclusive Higher Education"".",فوائد التعليم عن بعد للتغلب على الفوارق الثقافية، وفتح الجامعات أمام الأشخاص ذوي الإعاقة، وضمان التعليم العالي الشامل.
