Academic Concept (EN),Academic Concept (AR),Concept URL (EN),Concept URL (AR),Subcategory,Reference Title,Reference URL,Citation (EN),Citation (AR)
History and Evolution of the Arabic Language,التاريخ وتطور اللغة العربية,https://smarticle.tech/en/article/history-and-evolution-of-the-arabic-language-202605120656,https://smarticle.tech/ar/article/history-and-evolution-of-the-arabic-language-202605120656,Arabic Spelling,Middle East patterns,https://archive.org/details/middleeastpatter00held_0,Middle East patterns. by Colbert C. Held. (1989). — Westview Press. ISBN: 0813382211,Middle East patterns. بقلم Colbert C. Held. (1989). — Westview Press. ردمك: 0813382211
History and Evolution of the Arabic Language,التاريخ وتطور اللغة العربية,https://smarticle.tech/en/article/history-and-evolution-of-the-arabic-language-202605120656,https://smarticle.tech/ar/article/history-and-evolution-of-the-arabic-language-202605120656,Arabic Spelling,Language and change in the Arab Middle East,https://openlibrary.org/works/OL889539W,Language and change in the Arab Middle East. by Ami Ayalon. (1987). — Oxford University Press. ISBN: 1280523166,Language and change in the Arab Middle East. بقلم Ami Ayalon. (1987). — Oxford University Press. ردمك: 1280523166
Classical Arabic (Fusha): Linguistic Features and Standardisation,العربية الفصحى (Fusha): الخصائص اللغوية والتوحيد.,https://smarticle.tech/en/article/classical-arabic-fusha-linguistic-features-and-standardisation-202605120703,https://smarticle.tech/ar/article/classical-arabic-fusha-linguistic-features-and-standardisation-202605120703,Arabic Grammar,Lughatuna Al-Fusha : A New Course in Modern Standard Arabic,https://openlibrary.org/works/OL21053291W,Lughatuna Al-Fusha : A New Course in Modern Standard Arabic. by Samia Louis. (2013). — American University in Cairo Press. ISBN: 9789774167126,Lughatuna Al-Fusha : A New Course in Modern Standard Arabic. بقلم Samia Louis. (2013). — American University in Cairo Press. ردمك: 9789774167126
Classical Arabic (Fusha): Linguistic Features and Standardisation,العربية الفصحى (Fusha): الخصائص اللغوية والتوحيد.,https://smarticle.tech/en/article/classical-arabic-fusha-linguistic-features-and-standardisation-202605120703,https://smarticle.tech/ar/article/classical-arabic-fusha-linguistic-features-and-standardisation-202605120703,Arabic Grammar,Lughatuna al-Fusha,https://openlibrary.org/works/OL23400472W,Lughatuna al-Fusha. by Samia Louis. (2014). — The American University in Cairo Press. ISBN: 9789774166198,Lughatuna al-Fusha. بقلم Samia Louis. (2014). — The American University in Cairo Press. ردمك: 9789774166198
Classical Arabic (Fusha): Linguistic Features and Standardisation,العربية الفصحى (Fusha): الخصائص اللغوية والتوحيد.,https://smarticle.tech/en/article/classical-arabic-fusha-linguistic-features-and-standardisation-202605120703,https://smarticle.tech/ar/article/classical-arabic-fusha-linguistic-features-and-standardisation-202605120703,Arabic Grammar,Lughatuna al-fuṣḥa,https://openlibrary.org/works/OL16367856W,Lughatuna al-fuṣḥa. by Samia Louis. (2011). — American University in Cairo Press. ISBN: 9789774163920,Lughatuna al-fuṣḥa. بقلم Samia Louis. (2011). — American University in Cairo Press. ردمك: 9789774163920
Classical Arabic (Fusha): Linguistic Features and Standardisation,العربية الفصحى (Fusha): الخصائص اللغوية والتوحيد.,https://smarticle.tech/en/article/classical-arabic-fusha-linguistic-features-and-standardisation-202605120703,https://smarticle.tech/ar/article/classical-arabic-fusha-linguistic-features-and-standardisation-202605120703,Arabic Grammar,al-Qāmūsīyah al-ʻArabīyah al-ḥadīthah,https://openlibrary.org/works/OL32526720W,al-Qāmūsīyah al-ʻArabīyah al-ḥadīthah. by ʻAbd al-ʻĀlī Wadghīrī. (2019). — al-Markaz al-ʻArabī lil-Abḥāth wa-Dirāsat al-Siyāsāt. ISBN: 6144452931,al-Qāmūsīyah al-ʻArabīyah al-ḥadīthah. بقلم ʻAbd al-ʻĀlī Wadghīrī. (2019). — al-Markaz al-ʻArabī lil-Abḥāth wa-Dirāsat al-Siyāsāt. ردمك: 6144452931
Classical Arabic (Fusha): Linguistic Features and Standardisation,العربية الفصحى (Fusha): الخصائص اللغوية والتوحيد.,https://smarticle.tech/en/article/classical-arabic-fusha-linguistic-features-and-standardisation-202605120703,https://smarticle.tech/ar/article/classical-arabic-fusha-linguistic-features-and-standardisation-202605120703,Arabic Grammar,al-Fuṣḥá wa-al-ʻāmmīyah wa-ʻalāqatuhumā fī istiʻmālāt al-nāṭiqīn al-Jazāʼirīyīn,https://openlibrary.org/works/OL22613933W,al-Fuṣḥá wa-al-ʻāmmīyah wa-ʻalāqatuhumā fī istiʻmālāt al-nāṭiqīn al-Jazāʼirīyīn. by Sihām Mādin. (2011). — Muʼassasat Kunūz al-Ḥikmah. ISBN: 9789931318170,al-Fuṣḥá wa-al-ʻāmmīyah wa-ʻalāqatuhumā fī istiʻmālāt al-nāṭiqīn al-Jazāʼirīyīn. بقلم Sihām Mādin. (2011). — Muʼassasat Kunūz al-Ḥikmah. ردمك: 9789931318170
Classical Arabic (Fusha): Linguistic Features and Standardisation,العربية الفصحى (Fusha): الخصائص اللغوية والتوحيد.,https://smarticle.tech/en/article/classical-arabic-fusha-linguistic-features-and-standardisation-202605120703,https://smarticle.tech/ar/article/classical-arabic-fusha-linguistic-features-and-standardisation-202605120703,Arabic Grammar,اللغة الفصحى والعامية,https://openlibrary.org/works/OL42526387W,اللغة الفصحى والعامية. by عطوات، محمد عبد عبد الله. (2003). — Dār al-Nahḍah al-ʻArabīyah,اللغة الفصحى والعامية. بقلم عطوات، محمد عبد عبد الله. (2003). — Dār al-Nahḍah al-ʻArabīyah
Classical Arabic (Fusha): Linguistic Features and Standardisation,العربية الفصحى (Fusha): الخصائص اللغوية والتوحيد.,https://smarticle.tech/en/article/classical-arabic-fusha-linguistic-features-and-standardisation-202605120703,https://smarticle.tech/ar/article/classical-arabic-fusha-linguistic-features-and-standardisation-202605120703,Arabic Grammar,Qāḍīyat al-taḥawwul ilá al-fuṣḥá fī al-ʻālam al-ʻArabī al-ḥadīth,https://openlibrary.org/works/OL4767272W,Qāḍīyat al-taḥawwul ilá al-fuṣḥá fī al-ʻālam al-ʻArabī al-ḥadīth. by Nuhād Mūsá. (1987). — Dār al-Fikr,Qāḍīyat al-taḥawwul ilá al-fuṣḥá fī al-ʻālam al-ʻArabī al-ḥadīth. بقلم Nuhād Mūsá. (1987). — Dār al-Fikr
Classical Arabic (Fusha): Linguistic Features and Standardisation,العربية الفصحى (Fusha): الخصائص اللغوية والتوحيد.,https://smarticle.tech/en/article/classical-arabic-fusha-linguistic-features-and-standardisation-202605120703,https://smarticle.tech/ar/article/classical-arabic-fusha-linguistic-features-and-standardisation-202605120703,Arabic Grammar,The Classical Arabic Lexicographical Tradition,https://doi.org/10.1093/oxfordhb/9780199764136.013.0023,"Solomon Sara. ""The Classical Arabic Lexicographical Tradition"". *Oxford Handbook of Arabic Linguistics*, 2013.","سليمان سارة. ""التقاليد المعجمية العربية الكلاسيكية"". *دليل أكسفورد لعلم اللغة العربية*، 2013."
Classical Arabic (Fusha): Linguistic Features and Standardisation,العربية الفصحى (Fusha): الخصائص اللغوية والتوحيد.,https://smarticle.tech/en/article/classical-arabic-fusha-linguistic-features-and-standardisation-202605120703,https://smarticle.tech/ar/article/classical-arabic-fusha-linguistic-features-and-standardisation-202605120703,Arabic Grammar,Review of Marogy (2012): The Foundations of Arabic Linguistics: Sībawayhi and Early Arabic Grammatical Theory,https://doi.org/10.1075/sl.37.2.08mar,"Michal Marmorstein; ""Review of Marogy (2012): The Foundations of Arabic Linguistics: Sībawayhi and Early Arabic Grammatical Theory"". crossref, 2013.","ميخال مارمورشتاين؛ ""مراجعة كتاب ماروجي (2012): أسس علم اللغة العربية: سيبويه والنظرية النحوية العربية المبكرة"". *كروسريف*، 2013."
Classical Arabic (Fusha): Linguistic Features and Standardisation,العربية الفصحى (Fusha): الخصائص اللغوية والتوحيد.,https://smarticle.tech/en/article/classical-arabic-fusha-linguistic-features-and-standardisation-202605120703,https://smarticle.tech/ar/article/classical-arabic-fusha-linguistic-features-and-standardisation-202605120703,Arabic Grammar,Lexicography: Classical Arabic,https://doi.org/10.1163/1570-6699_eall_eall_com_vol3_0191,"Encyclopaedia of Islam, Third Edition. ""Lexicography: Classical Arabic"". Encyclopaedia of Islam, Third Edition, 2007.","*الموسوعة الإسلامية*، الطبعة الثالثة. ""المعجمية: العربية الكلاسيكية"". *الموسوعة الإسلامية*، الطبعة الثالثة، 2007."
Quranic Arabic: Distinctive Features and Preservation Across Centuries,العربية القرآنية: السمات المميزة والحفاظ عبر القرون.,https://smarticle.tech/en/article/quranic-arabic-distinctive-features-and-preservation-across-centuries-202605120709,https://smarticle.tech/ar/article/quranic-arabic-distinctive-features-and-preservation-across-centuries-202605120709,Arabic Language,al- Qur'ān al-karīm wa-atharuhu fī al-dirāsāt al-naḥwīyah,https://openlibrary.org/works/OL11108912W,al- Qur'ān al-karīm wa-atharuhu fī al-dirāsāt al-naḥwīyah. by ʻAbd al-ʻĀl Sālim Mukarram. (1968). — Dār al-Ma'ārif,al- Qur'ān al-karīm wa-atharuhu fī al-dirāsāt al-naḥwīyah. بقلم ʻAbd al-ʻĀl Sālim Mukarram. (1968). — Dār al-Ma'ārif
Quranic Arabic: Distinctive Features and Preservation Across Centuries,العربية القرآنية: السمات المميزة والحفاظ عبر القرون.,https://smarticle.tech/en/article/quranic-arabic-distinctive-features-and-preservation-across-centuries-202605120709,https://smarticle.tech/ar/article/quranic-arabic-distinctive-features-and-preservation-across-centuries-202605120709,Arabic Language,New Horizons in Qur'anic Linguistics,https://openlibrary.org/works/OL21277980W,New Horizons in Qur'anic Linguistics. by Hussein Abdul-Raof. (2017). — Taylor & Francis Group. ISBN: 1315670917,New Horizons in Qur'anic Linguistics. بقلم Hussein Abdul-Raof. (2017). — Taylor & Francis Group. ردمك: 1315670917
Quranic Arabic: Distinctive Features and Preservation Across Centuries,العربية القرآنية: السمات المميزة والحفاظ عبر القرون.,https://smarticle.tech/en/article/quranic-arabic-distinctive-features-and-preservation-across-centuries-202605120709,https://smarticle.tech/ar/article/quranic-arabic-distinctive-features-and-preservation-across-centuries-202605120709,Arabic Language,Text Linguistics of Qur'anic Discourse,https://openlibrary.org/works/OL21284844W,Text Linguistics of Qur'anic Discourse. by Hussein Abdul-Raof. (2018). — Taylor & Francis Group. ISBN: 9781138946224,Text Linguistics of Qur'anic Discourse. بقلم Hussein Abdul-Raof. (2018). — Taylor & Francis Group. ردمك: 9781138946224
Quranic Arabic: Distinctive Features and Preservation Across Centuries,العربية القرآنية: السمات المميزة والحفاظ عبر القرون.,https://smarticle.tech/en/article/quranic-arabic-distinctive-features-and-preservation-across-centuries-202605120709,https://smarticle.tech/ar/article/quranic-arabic-distinctive-features-and-preservation-across-centuries-202605120709,Arabic Language,An introduction to Koranic and classical Arabic,https://openlibrary.org/works/OL3454135W,An introduction to Koranic and classical Arabic. by W. M. Thackston. (1994). — Iranbooks. ISBN: 0936347406,An introduction to Koranic and classical Arabic. بقلم W. M. Thackston. (1994). — Iranbooks. ردمك: 0936347406
Quranic Arabic: Distinctive Features and Preservation Across Centuries,العربية القرآنية: السمات المميزة والحفاظ عبر القرون.,https://smarticle.tech/en/article/quranic-arabic-distinctive-features-and-preservation-across-centuries-202605120709,https://smarticle.tech/ar/article/quranic-arabic-distinctive-features-and-preservation-across-centuries-202605120709,Arabic Language,Linguistic Features of the Qur'anic Narratives,https://openlibrary.org/works/OL25744932W,Linguistic Features of the Qur'anic Narratives. by Yehudit Dror. (2017). — Lit Verlag. ISBN: 3643507798,Linguistic Features of the Qur'anic Narratives. بقلم Yehudit Dror. (2017). — Lit Verlag. ردمك: 3643507798
Quranic Arabic: Distinctive Features and Preservation Across Centuries,العربية القرآنية: السمات المميزة والحفاظ عبر القرون.,https://smarticle.tech/en/article/quranic-arabic-distinctive-features-and-preservation-across-centuries-202605120709,https://smarticle.tech/ar/article/quranic-arabic-distinctive-features-and-preservation-across-centuries-202605120709,Arabic Language,Quranic Arabic,https://openlibrary.org/works/OL27034779W,Quranic Arabic. by Marijn Van Putten. (2022). — Brill Academic Pub. ISBN: 9004506241,Quranic Arabic. بقلم Marijn Van Putten. (2022). — Brill Academic Pub. ردمك: 9004506241
Quranic Arabic: Distinctive Features and Preservation Across Centuries,العربية القرآنية: السمات المميزة والحفاظ عبر القرون.,https://smarticle.tech/en/article/quranic-arabic-distinctive-features-and-preservation-across-centuries-202605120709,https://smarticle.tech/ar/article/quranic-arabic-distinctive-features-and-preservation-across-centuries-202605120709,Arabic Language,Quran,https://openlibrary.org/works/OL27805767W,"Quran. by Elie Wardini. (2022). — Gorgias Press, LLC. ISBN: 1463244223","Quran. بقلم Elie Wardini. (2022). — Gorgias Press, LLC. ردمك: 1463244223"
Quranic Arabic: Distinctive Features and Preservation Across Centuries,العربية القرآنية: السمات المميزة والحفاظ عبر القرون.,https://smarticle.tech/en/article/quranic-arabic-distinctive-features-and-preservation-across-centuries-202605120709,https://smarticle.tech/ar/article/quranic-arabic-distinctive-features-and-preservation-across-centuries-202605120709,Arabic Language,al- Kitāb wa-al-Qurʾān,https://openlibrary.org/works/OL11299604W,al- Kitāb wa-al-Qurʾān. by Muḥammad Shuḥrūr. (1990). — Sīnā lil-Nashr. ISBN: 9789775140289,al- Kitāb wa-al-Qurʾān. بقلم Muḥammad Shuḥrūr. (1990). — Sīnā lil-Nashr. ردمك: 9789775140289
Quranic Arabic: Distinctive Features and Preservation Across Centuries,العربية القرآنية: السمات المميزة والحفاظ عبر القرون.,https://smarticle.tech/en/article/quranic-arabic-distinctive-features-and-preservation-across-centuries-202605120709,https://smarticle.tech/ar/article/quranic-arabic-distinctive-features-and-preservation-across-centuries-202605120709,Arabic Language,Lisān Ādam,https://openlibrary.org/works/OL38885351W,Lisān Ādam. by Abdelfattah Kilito. (1995). — Dār Tūbqāl lil-Nashr lil-Nashr. ISBN: 9789981880269,Lisān Ādam. بقلم Abdelfattah Kilito. (1995). — Dār Tūbqāl lil-Nashr lil-Nashr. ردمك: 9789981880269
Quranic Arabic: Distinctive Features and Preservation Across Centuries,العربية القرآنية: السمات المميزة والحفاظ عبر القرون.,https://smarticle.tech/en/article/quranic-arabic-distinctive-features-and-preservation-across-centuries-202605120709,https://smarticle.tech/ar/article/quranic-arabic-distinctive-features-and-preservation-across-centuries-202605120709,Arabic Language,"Notes on Orthography, Phonology and Morphology of the Quranic Consonantal Text",https://doi.org/10.1163/9789004506251_010,"Marijn van Putten. ""Notes on Orthography, Phonology and Morphology of the Quranic Consonantal Text"". crossref, 2022.","ماريجن فان بوتين. ""ملاحظات حول الإملاء والصوتيات وعلم شكل النص الصامت القرآني"". كروسريف، ٢٠٢٢."
Arabic Syntax (Nahw): Sentence Structure and Grammatical Relations,النحو العربي (النَّحْو): بنية الجملة والعلاقات النحوية,https://smarticle.tech/en/article/arabic-syntax-nahw-sentence-structure-and-grammatical-relations-202605120716,https://smarticle.tech/ar/article/arabic-syntax-nahw-sentence-structure-and-grammatical-relations-202605120716,Arabic Grammar,al-Kāfiyah,https://openlibrary.org/works/OL32434710W,al-Kāfiyah. by ʻUthmān ibn ʻUmar Ibn al-Ḥājib. (1825). — [Maṭbaʿat Būlāq],al-Kāfiyah. بقلم ʻUthmān ibn ʻUmar Ibn al-Ḥājib. (1825). — [Maṭbaʿat Būlāq]
Arabic Syntax (Nahw): Sentence Structure and Grammatical Relations,النحو العربي (النَّحْو): بنية الجملة والعلاقات النحوية,https://smarticle.tech/en/article/arabic-syntax-nahw-sentence-structure-and-grammatical-relations-202605120716,https://smarticle.tech/ar/article/arabic-syntax-nahw-sentence-structure-and-grammatical-relations-202605120716,Arabic Grammar,Mabādiʾ al-ʻArabīyah fī al-ṣarf wa-al-naḥw,https://openlibrary.org/works/OL6247536W,Mabādiʾ al-ʻArabīyah fī al-ṣarf wa-al-naḥw. by Rashīd ibn ʻAbd Allāh Shartūnī. (1955). — Dār al-Mashriq. ISBN: 9042907614,Mabādiʾ al-ʻArabīyah fī al-ṣarf wa-al-naḥw. بقلم Rashīd ibn ʻAbd Allāh Shartūnī. (1955). — Dār al-Mashriq. ردمك: 9042907614
Arabic Syntax (Nahw): Sentence Structure and Grammatical Relations,النحو العربي (النَّحْو): بنية الجملة والعلاقات النحوية,https://smarticle.tech/en/article/arabic-syntax-nahw-sentence-structure-and-grammatical-relations-202605120716,https://smarticle.tech/ar/article/arabic-syntax-nahw-sentence-structure-and-grammatical-relations-202605120716,Arabic Grammar,Tahdhīb al-tawḍīḥ,https://openlibrary.org/works/OL12397214W,Tahdhīb al-tawḍīḥ. by Aḥmad Muṣṭafá Marāghī. (1921). — Maktabat al-Rushd Nāshirūn. ISBN: 9782745158178,Tahdhīb al-tawḍīḥ. بقلم Aḥmad Muṣṭafá Marāghī. (1921). — Maktabat al-Rushd Nāshirūn. ردمك: 9782745158178
Arabic Syntax (Nahw): Sentence Structure and Grammatical Relations,النحو العربي (النَّحْو): بنية الجملة والعلاقات النحوية,https://smarticle.tech/en/article/arabic-syntax-nahw-sentence-structure-and-grammatical-relations-202605120716,https://smarticle.tech/ar/article/arabic-syntax-nahw-sentence-structure-and-grammatical-relations-202605120716,Arabic Grammar,Lumaʻ fi al-naḥw,https://openlibrary.org/works/OL15271823W,Lumaʻ fi al-naḥw. by Abū al-Fatḥ ʻUthmān Ibn Jinnī. (1972). — Dār al-Amal,Lumaʻ fi al-naḥw. بقلم Abū al-Fatḥ ʻUthmān Ibn Jinnī. (1972). — Dār al-Amal
Arabic Syntax (Nahw): Sentence Structure and Grammatical Relations,النحو العربي (النَّحْو): بنية الجملة والعلاقات النحوية,https://smarticle.tech/en/article/arabic-syntax-nahw-sentence-structure-and-grammatical-relations-202605120716,https://smarticle.tech/ar/article/arabic-syntax-nahw-sentence-structure-and-grammatical-relations-202605120716,Arabic Grammar,Sharḥ al-Kāfiyah,https://openlibrary.org/works/OL32435917W,Sharḥ al-Kāfiyah. by Raḍī al-Dīn Muḥammad ibn al-Ḥasan Astarābādhī. (1859). — [publisher not identified],Sharḥ al-Kāfiyah. بقلم Raḍī al-Dīn Muḥammad ibn al-Ḥasan Astarābādhī. (1859). — [publisher not identified]
Arabic Syntax (Nahw): Sentence Structure and Grammatical Relations,النحو العربي (النَّحْو): بنية الجملة والعلاقات النحوية,https://smarticle.tech/en/article/arabic-syntax-nahw-sentence-structure-and-grammatical-relations-202605120716,https://smarticle.tech/ar/article/arabic-syntax-nahw-sentence-structure-and-grammatical-relations-202605120716,Arabic Grammar,Durūs fī al-tarkīb,https://openlibrary.org/works/OL33114001W,Durūs fī al-tarkīb. by Muḥammad Shakīrī. (2005). — Dār al-Āmān lil-Nashr wa-al-Tawzīʻ. ISBN: 9981941395,Durūs fī al-tarkīb. بقلم Muḥammad Shakīrī. (2005). — Dār al-Āmān lil-Nashr wa-al-Tawzīʻ. ردمك: 9981941395
Arabic Syntax (Nahw): Sentence Structure and Grammatical Relations,النحو العربي (النَّحْو): بنية الجملة والعلاقات النحوية,https://smarticle.tech/en/article/arabic-syntax-nahw-sentence-structure-and-grammatical-relations-202605120716,https://smarticle.tech/ar/article/arabic-syntax-nahw-sentence-structure-and-grammatical-relations-202605120716,Arabic Grammar,al-Taʻbīr ʻan al-sabab wa-al-ghāyah bayna al-naḥw al-ʻArabī wa-al-lisānīyāt al-muʻāṣirah,https://openlibrary.org/works/OL32304008W,al-Taʻbīr ʻan al-sabab wa-al-ghāyah bayna al-naḥw al-ʻArabī wa-al-lisānīyāt al-muʻāṣirah. by Nājī Kūkī. (2020). — al-Dār al-Mutawassiṭīyah lil-Nashr. ISBN: 9789938230307,al-Taʻbīr ʻan al-sabab wa-al-ghāyah bayna al-naḥw al-ʻArabī wa-al-lisānīyāt al-muʻāṣirah. بقلم Nājī Kūkī. (2020). — al-Dār al-Mutawassiṭīyah lil-Nashr. ردمك: 9789938230307
Arabic Syntax (Nahw): Sentence Structure and Grammatical Relations,النحو العربي (النَّحْو): بنية الجملة والعلاقات النحوية,https://smarticle.tech/en/article/arabic-syntax-nahw-sentence-structure-and-grammatical-relations-202605120716,https://smarticle.tech/ar/article/arabic-syntax-nahw-sentence-structure-and-grammatical-relations-202605120716,Arabic Grammar,مسائل النحو العربي,https://openlibrary.org/works/OL37219663W,مسائل النحو العربي. by Ahmed Moutaouakil. (2009). — Dār al-Kitāb al-Jadīd al-Muttaḥidah. ISBN: 9959294692,مسائل النحو العربي. بقلم Ahmed Moutaouakil. (2009). — Dār al-Kitāb al-Jadīd al-Muttaḥidah. ردمك: 9959294692
Arabic Syntax (Nahw): Sentence Structure and Grammatical Relations,النحو العربي (النَّحْو): بنية الجملة والعلاقات النحوية,https://smarticle.tech/en/article/arabic-syntax-nahw-sentence-structure-and-grammatical-relations-202605120716,https://smarticle.tech/ar/article/arabic-syntax-nahw-sentence-structure-and-grammatical-relations-202605120716,Arabic Grammar,الإقتصاد في العربية وموقعه من المقاصد اللغوية,https://openlibrary.org/works/OL43662389W,الإقتصاد في العربية وموقعه من المقاصد اللغوية. by قطعاني، وليد محمد خير الله. (2018). — ʻĀlam al-Kutub. ISBN: 9789777801201,الإقتصاد في العربية وموقعه من المقاصد اللغوية. بقلم قطعاني، وليد محمد خير الله. (2018). — ʻĀlam al-Kutub. ردمك: 9789777801201
Arabic Syntax (Nahw): Sentence Structure and Grammatical Relations,النحو العربي (النَّحْو): بنية الجملة والعلاقات النحوية,https://smarticle.tech/en/article/arabic-syntax-nahw-sentence-structure-and-grammatical-relations-202605120716,https://smarticle.tech/ar/article/arabic-syntax-nahw-sentence-structure-and-grammatical-relations-202605120716,Arabic Grammar,al- Sayr al-ḥathīth ilá al-istishhād bi-al-Ḥadīth fī al-naḥw al-ʻArabī,https://openlibrary.org/works/OL13235917W,al- Sayr al-ḥathīth ilá al-istishhād bi-al-Ḥadīth fī al-naḥw al-ʻArabī. by Maḥmūd Fajjāl Ibn Yūsuf. (1997). — Aḍwāʾ al-Salaf,al- Sayr al-ḥathīth ilá al-istishhād bi-al-Ḥadīth fī al-naḥw al-ʻArabī. بقلم Maḥmūd Fajjāl Ibn Yūsuf. (1997). — Aḍwāʾ al-Salaf
Arabic Grammatical Cases (I'rab): The Declension System,حالات الإعراب العربية (I'rab): نظام الإعراب,https://smarticle.tech/en/article/arabic-grammatical-cases-i-rab-the-declension-system-202605120723,https://smarticle.tech/ar/article/arabic-grammatical-cases-i-rab-the-declension-system-202605120723,Arabic Grammar,Thematic Structure and Para-Syntax,https://openlibrary.org/works/OL20748270W,Thematic Structure and Para-Syntax. by James Dickins. (2020). — Taylor & Francis Group. ISBN: 0367367505,Thematic Structure and Para-Syntax. بقلم James Dickins. (2020). — Taylor & Francis Group. ردمك: 0367367505
Arabic Grammatical Cases (I'rab): The Declension System,حالات الإعراب العربية (I'rab): نظام الإعراب,https://smarticle.tech/en/article/arabic-grammatical-cases-i-rab-the-declension-system-202605120723,https://smarticle.tech/ar/article/arabic-grammatical-cases-i-rab-the-declension-system-202605120723,Arabic Grammar,Al-kitaab Supplement,https://openlibrary.org/works/OL9913514W,Al-kitaab Supplement. by Ahmed E. Souaiaia. (2001). — BookSurge Publishing. ISBN: 1591095654,Al-kitaab Supplement. بقلم Ahmed E. Souaiaia. (2001). — BookSurge Publishing. ردمك: 1591095654
Arabic Grammatical Cases (I'rab): The Declension System,حالات الإعراب العربية (I'rab): نظام الإعراب,https://smarticle.tech/en/article/arabic-grammatical-cases-i-rab-the-declension-system-202605120723,https://smarticle.tech/ar/article/arabic-grammatical-cases-i-rab-the-declension-system-202605120723,Arabic Grammar,al-Ḥusām al-maslūl li-taḥqīq maʻná qaṣr al-mafʻūl ʻalá al-fāʻil wa-al-fāʻil ʻalá al-mafʻūl,https://openlibrary.org/works/OL31420245W,al-Ḥusām al-maslūl li-taḥqīq maʻná qaṣr al-mafʻūl ʻalá al-fāʻil wa-al-fāʻil ʻalá al-mafʻūl. by Muḥammad ibn Qāsim Ibn Zākūr. (2013). — al-Maṭbaʻah wa-al-Warrāqah al-Waṭanīyah. ISBN: 9954326936,al-Ḥusām al-maslūl li-taḥqīq maʻná qaṣr al-mafʻūl ʻalá al-fāʻil wa-al-fāʻil ʻalá al-mafʻūl. بقلم Muḥammad ibn Qāsim Ibn Zākūr. (2013). — al-Maṭbaʻah wa-al-Warrāqah al-Waṭanīyah. ردمك: 9954326936
Arabic Grammatical Cases (I'rab): The Declension System,حالات الإعراب العربية (I'rab): نظام الإعراب,https://smarticle.tech/en/article/arabic-grammatical-cases-i-rab-the-declension-system-202605120723,https://smarticle.tech/ar/article/arabic-grammatical-cases-i-rab-the-declension-system-202605120723,Arabic Grammar,Sahlawayhi Arabic Grammar for Foreigners Part III,https://openlibrary.org/works/OL39855810W,Sahlawayhi Arabic Grammar for Foreigners Part III. by Ahmed H. Khorshid. (2010). — CreateSpace Independent Publishing Platform. ISBN: 1452869626,Sahlawayhi Arabic Grammar for Foreigners Part III. بقلم Ahmed H. Khorshid. (2010). — CreateSpace Independent Publishing Platform. ردمك: 1452869626
Arabic Grammatical Cases (I'rab): The Declension System,حالات الإعراب العربية (I'rab): نظام الإعراب,https://smarticle.tech/en/article/arabic-grammatical-cases-i-rab-the-declension-system-202605120723,https://smarticle.tech/ar/article/arabic-grammatical-cases-i-rab-the-declension-system-202605120723,Arabic Grammar,Case endings in spoken standard Arabic,https://openlibrary.org/works/OL32652434W,Case endings in spoken standard Arabic. by Andreas Hallberg. (2016). — Lund University. ISBN: 9789187833700,Case endings in spoken standard Arabic. بقلم Andreas Hallberg. (2016). — Lund University. ردمك: 9789187833700
Arabic Conditional and Exceptive Structures (Sharat and Istithna),هياكل الشرط والاستثناء في العربية (Sharat and Istithna).,https://smarticle.tech/en/article/arabic-conditional-and-exceptive-structures-sharat-and-istithna-202605120728,https://smarticle.tech/ar/article/arabic-conditional-and-exceptive-structures-sharat-and-istithna-202605120728,Arabic Grammar,A NOTE ON CLASSICAL ARABIC EXCEPTIVE SENTENCES,https://doi.org/10.1093/jss/xx.1.69,"M. G. CARTER. ""A NOTE ON CLASSICAL ARABIC EXCEPTIVE SENTENCES"". *crossref*, 1975.","م. ج. كارتر. ""ملاحظة حول الجمل الاستثنائية في العربية الفصحى"". *كروسرف*، 1975."
Arabic Conditional and Exceptive Structures (Sharat and Istithna),هياكل الشرط والاستثناء في العربية (Sharat and Istithna).,https://smarticle.tech/en/article/arabic-conditional-and-exceptive-structures-sharat-and-istithna-202605120728,https://smarticle.tech/ar/article/arabic-conditional-and-exceptive-structures-sharat-and-istithna-202605120728,Arabic Grammar,The Particles [ARABIC TEXT] and [ARABIC TEXT],https://doi.org/10.1163/9789004497573_002,"Labuschagne, C. J. ""The Particles [ARABIC TEXT] and [ARABIC TEXT]"". crossref, 1973.","لابوشاغن، س. ج. ""حروف العطف [النص العربي] و[النص العربي]"". *كروسرف*، 1973."
Arabic Conditional and Exceptive Structures (Sharat and Istithna),هياكل الشرط والاستثناء في العربية (Sharat and Istithna).,https://smarticle.tech/en/article/arabic-conditional-and-exceptive-structures-sharat-and-istithna-202605120728,https://smarticle.tech/ar/article/arabic-conditional-and-exceptive-structures-sharat-and-istithna-202605120728,Arabic Grammar,On the syntax of exceptive constructions in Egyptian Arabic*,https://doi.org/10.1075/sal.3.02sol,"Soltan, Usama. ""On the syntax of exceptive constructions in Egyptian Arabic"". crossref, 2016.","أسامة سلطان. ""في تركيب الجمل الاستثنائية في العربية المصرية"". *كروسرف*، 2016."
Arabic Conditional and Exceptive Structures (Sharat and Istithna),هياكل الشرط والاستثناء في العربية (Sharat and Istithna).,https://smarticle.tech/en/article/arabic-conditional-and-exceptive-structures-sharat-and-istithna-202605120728,https://smarticle.tech/ar/article/arabic-conditional-and-exceptive-structures-sharat-and-istithna-202605120728,Arabic Grammar,Connected And Free Exceptive Constructions In Najdi Arabic,https://doi.org/10.18860/ijazarabi.v9i1.36874,"Bader Yousef Alharbi. ""Connected And Free Exceptive Constructions In Najdi Arabic"". crossref, 2025.","بدر يوسف الحربي. ""التركيبات الاستثنائية المتصلة والحرة في اللهجة النجدية"". *كروسرف*، 2025."
Arabic Conditional and Exceptive Structures (Sharat and Istithna),هياكل الشرط والاستثناء في العربية (Sharat and Istithna).,https://smarticle.tech/en/article/arabic-conditional-and-exceptive-structures-sharat-and-istithna-202605120728,https://smarticle.tech/ar/article/arabic-conditional-and-exceptive-structures-sharat-and-istithna-202605120728,Arabic Grammar,The Syntax of ʔiˈða al-fud͡ʒɑːʔiːja ‘If of Surprise’ in Classical Arabic,https://doi.org/10.17507/tpls.1404.12,"Saleem Abdelhady. ""The Syntax of ʔiˈða al-fud͡ʒɑːʔiːja ‘If of Surprise’ in Classical Arabic"". crossref, 2024.","سليم عبد الهادي. ""تركيب 'إذا الفجائية' في العربية الفصحى"". *كروسرف*، 2024."
The Arabic Root-and-Pattern System: Triliteral Roots and Word Derivation,نظام الجذر والوزن في العربية: الجذور الثلاثية وتوليد الكلمات,https://smarticle.tech/en/article/the-arabic-root-and-pattern-system-triliteral-roots-and-word-derivation-202605120734,https://smarticle.tech/ar/article/the-arabic-root-and-pattern-system-triliteral-roots-and-word-derivation-202605120734,Arabic Morphology,Arabic morphology and phonology,https://openlibrary.org/works/OL4439948W,"Arabic morphology and phonology. by Aḥmad ibn ʻAlī Ibn Masʻūd, Ahmad Ibn Ali Ibn Masud, Joyce Akesson. (2001). — Brill Academic Publishers. ISBN: 9004120289",Arabic morphology and phonology. بقلم Aḥmad ibn ʻAlī Ibn Masʻūd، Ahmad Ibn Ali Ibn Masud، Joyce Akesson. (2001). — Brill Academic Publishers. ردمك: 9004120289
The Arabic Root-and-Pattern System: Triliteral Roots and Word Derivation,نظام الجذر والوزن في العربية: الجذور الثلاثية وتوليد الكلمات,https://smarticle.tech/en/article/the-arabic-root-and-pattern-system-triliteral-roots-and-word-derivation-202605120734,https://smarticle.tech/ar/article/the-arabic-root-and-pattern-system-triliteral-roots-and-word-derivation-202605120734,Arabic Morphology,Marāḥ al-arwāḥ,https://openlibrary.org/works/OL4439949W,Marāḥ al-arwāḥ. by Aḥmad ibn ʻAlī Ibn Masʻūd. (1986). — Maktabah Ḥabībīyah. ISBN: 9789004093119,Marāḥ al-arwāḥ. بقلم Aḥmad ibn ʻAlī Ibn Masʻūd. (1986). — Maktabah Ḥabībīyah. ردمك: 9789004093119
The Arabic Root-and-Pattern System: Triliteral Roots and Word Derivation,نظام الجذر والوزن في العربية: الجذور الثلاثية وتوليد الكلمات,https://smarticle.tech/en/article/the-arabic-root-and-pattern-system-triliteral-roots-and-word-derivation-202605120734,https://smarticle.tech/ar/article/the-arabic-root-and-pattern-system-triliteral-roots-and-word-derivation-202605120734,Arabic Morphology,Muʻjam taqālīb al-judhūr al-ʻarabīyah,https://openlibrary.org/works/OL33047141W,Muʻjam taqālīb al-judhūr al-ʻarabīyah. by Maḥmūd Jibālī. (2008). — Maktabat al-Ādāb. ISBN: 9774680286,Muʻjam taqālīb al-judhūr al-ʻarabīyah. بقلم Maḥmūd Jibālī. (2008). — Maktabat al-Ādāb. ردمك: 9774680286
The Arabic Root-and-Pattern System: Triliteral Roots and Word Derivation,نظام الجذر والوزن في العربية: الجذور الثلاثية وتوليد الكلمات,https://smarticle.tech/en/article/the-arabic-root-and-pattern-system-triliteral-roots-and-word-derivation-202605120734,https://smarticle.tech/ar/article/the-arabic-root-and-pattern-system-triliteral-roots-and-word-derivation-202605120734,Arabic Morphology,al-Muʻjam al-ṣarfī li-alfāẓ al-Qurʼān al-karīm,https://openlibrary.org/works/OL32632169W,al-Muʻjam al-ṣarfī li-alfāẓ al-Qurʼān al-karīm. by ʻAwaḍ Muḥammad Baḥr. (2017). — Maktabat al-Ādāb. ISBN: 9789774689352,al-Muʻjam al-ṣarfī li-alfāẓ al-Qurʼān al-karīm. بقلم ʻAwaḍ Muḥammad Baḥr. (2017). — Maktabat al-Ādāb. ردمك: 9789774689352
The Arabic Root-and-Pattern System: Triliteral Roots and Word Derivation,نظام الجذر والوزن في العربية: الجذور الثلاثية وتوليد الكلمات,https://smarticle.tech/en/article/the-arabic-root-and-pattern-system-triliteral-roots-and-word-derivation-202605120734,https://smarticle.tech/ar/article/the-arabic-root-and-pattern-system-triliteral-roots-and-word-derivation-202605120734,Arabic Morphology,Arabic Morphology,https://openlibrary.org/works/OL36455205W,Arabic Morphology. by Sayyid Muhammad Rida Tabataba&apos;i. (2021). — Islamic College for Advanced Studies Publications. ISBN: 9781907905452,Arabic Morphology. بقلم Sayyid Muhammad Rida Tabataba&apos;i. (2021). — Islamic College for Advanced Studies Publications. ردمك: 9781907905452
The Arabic Root-and-Pattern System: Triliteral Roots and Word Derivation,نظام الجذر والوزن في العربية: الجذور الثلاثية وتوليد الكلمات,https://smarticle.tech/en/article/the-arabic-root-and-pattern-system-triliteral-roots-and-word-derivation-202605120734,https://smarticle.tech/ar/article/the-arabic-root-and-pattern-system-triliteral-roots-and-word-derivation-202605120734,Arabic Morphology,Encyclopaedic Cross-Reference Dictionary of the Quran : Arabic-Arabic-English,https://openlibrary.org/works/OL25595489W,Encyclopaedic Cross-Reference Dictionary of the Quran : Arabic-Arabic-English. by Gatie Al-Hilfy. (2021). — Independently Published. ISBN: 9798511536002,Encyclopaedic Cross-Reference Dictionary of the Quran : Arabic-Arabic-English. بقلم Gatie Al-Hilfy. (2021). — Independently Published. ردمك: 9798511536002
The Arabic Root-and-Pattern System: Triliteral Roots and Word Derivation,نظام الجذر والوزن في العربية: الجذور الثلاثية وتوليد الكلمات,https://smarticle.tech/en/article/the-arabic-root-and-pattern-system-triliteral-roots-and-word-derivation-202605120734,https://smarticle.tech/ar/article/the-arabic-root-and-pattern-system-triliteral-roots-and-word-derivation-202605120734,Arabic Morphology,Encyclopaedic Cross-Reference Dictionary of the Quran Arabic Arabic English &#1575;&#1604;&#1605;&#1593;&#1580;&#1605; &#1575;&#1604;&#1605;&#1581;&#1,https://openlibrary.org/works/OL36167578W,Encyclopaedic Cross-Reference Dictionary of the Quran Arabic Arabic English &#1575;&#1604;&#1605;&#1593;&#1580;&#1605; &#1575;&#1604;&#1605;&#1581;&#1610;&#1591; &#1575;&#1604;&#1578;&#1585;&#1580;&#1605;&#1575;&#1606; &#1601;&#1610; &#1605;&#1601;&#1585;&#1583;&#1575;&#1578; &#1608;&#1571;&#1604;&#1601;&#1575;&#1592; &#1575;&#1604;&#1602;&#1585;&#1570;&#1606;. by Gatie Al-Hilfy. (2021). — Independently Published. ISBN: 9798450954073,Encyclopaedic Cross-Reference Dictionary of the Quran Arabic Arabic English &#1575;&#1604;&#1605;&#1593;&#1580;&#1605; &#1575;&#1604;&#1605;&#1581;&#1610;&#1591; &#1575;&#1604;&#1578;&#1585;&#1580;&#1605;&#1575;&#1606; &#1601;&#1610; &#1605;&#1601;&#1585;&#1583;&#1575;&#1578; &#1608;&#1571;&#1604;&#1601;&#1575;&#1592; &#1575;&#1604;&#1602;&#1585;&#1570;&#1606;. بقلم Gatie Al-Hilfy. (2021). — Independently Published. ردمك: 9798450954073
The Arabic Root-and-Pattern System: Triliteral Roots and Word Derivation,نظام الجذر والوزن في العربية: الجذور الثلاثية وتوليد الكلمات,https://smarticle.tech/en/article/the-arabic-root-and-pattern-system-triliteral-roots-and-word-derivation-202605120734,https://smarticle.tech/ar/article/the-arabic-root-and-pattern-system-triliteral-roots-and-word-derivation-202605120734,Arabic Morphology,Encyclopaedic Crossreference Dictionary of the Quran Arabic Arabic English &#1575;&#1604;&#1605;&#1593;&#1580;&#1605; &#1575;&#1604;&#1605;&#1581;&#16,https://openlibrary.org/works/OL26819803W,Encyclopaedic Crossreference Dictionary of the Quran Arabic Arabic English &#1575;&#1604;&#1605;&#1593;&#1580;&#1605; &#1575;&#1604;&#1605;&#1581;&#1610;&#1591; &#1575;&#1604;&#1578;&#1585;&#1580;&#1605;&#1575;&#1606; &#1601;&#1610; &#1605;&#1601;&#1585;&#1583;&#1575;&#1578; &#1608;&#1571;&#1604;&#1601;&#1575;&#1592; &#1575;&#1604;&#1602;&#1585;&#1570;&#1606;. by Gatie Niema Al-Hilfy. (2021). — Independently Published. ISBN: 9798542176291,Encyclopaedic Crossreference Dictionary of the Quran Arabic Arabic English &#1575;&#1604;&#1605;&#1593;&#1580;&#1605; &#1575;&#1604;&#1605;&#1581;&#1610;&#1591; &#1575;&#1604;&#1578;&#1585;&#1580;&#1605;&#1575;&#1606; &#1601;&#1610; &#1605;&#1601;&#1585;&#1583;&#1575;&#1578; &#1608;&#1571;&#1604;&#1601;&#1575;&#1592; &#1575;&#1604;&#1602;&#1585;&#1570;&#1606;. بقلم Gatie Niema Al-Hilfy. (2021). — Independently Published. ردمك: 9798542176291
The Arabic Root-and-Pattern System: Triliteral Roots and Word Derivation,نظام الجذر والوزن في العربية: الجذور الثلاثية وتوليد الكلمات,https://smarticle.tech/en/article/the-arabic-root-and-pattern-system-triliteral-roots-and-word-derivation-202605120734,https://smarticle.tech/ar/article/the-arabic-root-and-pattern-system-triliteral-roots-and-word-derivation-202605120734,Arabic Morphology,Encyclopaedic Cross-Reference Dictionary of the Quran : Arabic - Arabic - English,https://openlibrary.org/works/OL27491572W,Encyclopaedic Cross-Reference Dictionary of the Quran : Arabic - Arabic - English. by Gatie Niema Al-Hilfy. (2021). — Independently Published. ISBN: 9798467984407,Encyclopaedic Cross-Reference Dictionary of the Quran : Arabic - Arabic - English. بقلم Gatie Niema Al-Hilfy. (2021). — Independently Published. ردمك: 9798467984407
The Arabic Root-and-Pattern System: Triliteral Roots and Word Derivation,نظام الجذر والوزن في العربية: الجذور الثلاثية وتوليد الكلمات,https://smarticle.tech/en/article/the-arabic-root-and-pattern-system-triliteral-roots-and-word-derivation-202605120734,https://smarticle.tech/ar/article/the-arabic-root-and-pattern-system-triliteral-roots-and-word-derivation-202605120734,Arabic Morphology,Derivational morphology: the root/pattern system,https://doi.org/10.1017/cbo9781139151016.007,"Haspelmath, Martin. ""Derivational morphology: the root/pattern system"". *Crossref*, 2014.","هاسپلمهاث، مارتن. ""المورفولوجيا الاشتقاقية: نظام الجذر/النمط"". *كروسريف*، ٢٠١٤."
"Arabic Verb Forms (Awzan): Conjugation, Voice, and Derived Stems",صيغ الأفعال العربية (Awzan): التصريف، الصوت، والصيغ المشتقة.,https://smarticle.tech/en/article/arabic-verb-forms-awzan-conjugation-voice-and-derived-stems-202605120740,https://smarticle.tech/ar/article/arabic-verb-forms-awzan-conjugation-voice-and-derived-stems-202605120740,Arabic Morphology,Marāḥ al-arwāḥ,https://openlibrary.org/works/OL32434716W,Marāḥ al-arwāḥ. by Aḥmad ibn ʻAlī Ibn Masʻūd. (1825). — Maṭbaʿat Būlāq,Marāḥ al-arwāḥ. بقلم Aḥmad ibn ʻAlī Ibn Masʻūd. (1825). — Maṭbaʿat Būlāq
"Arabic Verb Forms (Awzan): Conjugation, Voice, and Derived Stems",صيغ الأفعال العربية (Awzan): التصريف، الصوت، والصيغ المشتقة.,https://smarticle.tech/en/article/arabic-verb-forms-awzan-conjugation-voice-and-derived-stems-202605120740,https://smarticle.tech/ar/article/arabic-verb-forms-awzan-conjugation-voice-and-derived-stems-202605120740,Arabic Morphology,al-Marāḥ,https://openlibrary.org/works/OL32435300W,al-Marāḥ. by Aḥmad ibn ʻAlī Ibn Masʻūd. (1841). — al-Maṭbaʻah al-Khudaywīyah [Būlāq],al-Marāḥ. بقلم Aḥmad ibn ʻAlī Ibn Masʻūd. (1841). — al-Maṭbaʻah al-Khudaywīyah [Būlāq]
"Arabic Verb Forms (Awzan): Conjugation, Voice, and Derived Stems",صيغ الأفعال العربية (Awzan): التصريف، الصوت، والصيغ المشتقة.,https://smarticle.tech/en/article/arabic-verb-forms-awzan-conjugation-voice-and-derived-stems-202605120740,https://smarticle.tech/ar/article/arabic-verb-forms-awzan-conjugation-voice-and-derived-stems-202605120740,Arabic Morphology,Jāmiʿ al-muqaddimāt,https://openlibrary.org/works/OL32434675W,Jāmiʿ al-muqaddimāt. by Maḥmūd ibn ʻUmar Zamakhsharī. (1884). — [publisher not identified],Jāmiʿ al-muqaddimāt. بقلم Maḥmūd ibn ʻUmar Zamakhsharī. (1884). — [publisher not identified]
"Arabic Verb Forms (Awzan): Conjugation, Voice, and Derived Stems",صيغ الأفعال العربية (Awzan): التصريف، الصوت، والصيغ المشتقة.,https://smarticle.tech/en/article/arabic-verb-forms-awzan-conjugation-voice-and-derived-stems-202605120740,https://smarticle.tech/ar/article/arabic-verb-forms-awzan-conjugation-voice-and-derived-stems-202605120740,Arabic Morphology,"al- Fiʻl, zamānuhu wa-abniyatuh",https://openlibrary.org/works/OL10990396W,"al- Fiʻl, zamānuhu wa-abniyatuh. by Ibrāhīm Sāmarrāʾī. (1966). — Maṭbaʻat al-ʻĀnī","al- Fiʻl, zamānuhu wa-abniyatuh. بقلم Ibrāhīm Sāmarrāʾī. (1966). — Maṭbaʻat al-ʻĀnī"
"Arabic Verb Forms (Awzan): Conjugation, Voice, and Derived Stems",صيغ الأفعال العربية (Awzan): التصريف، الصوت، والصيغ المشتقة.,https://smarticle.tech/en/article/arabic-verb-forms-awzan-conjugation-voice-and-derived-stems-202605120740,https://smarticle.tech/ar/article/arabic-verb-forms-awzan-conjugation-voice-and-derived-stems-202605120740,Arabic Morphology,501 Arabic verbs,https://archive.org/details/501arabicverbsfu00sche,"501 Arabic verbs. by Raymond P. Scheindlin. (2007). — Barron's Educational Series, Inc.. ISBN: 9781438081014","501 Arabic verbs. بقلم Raymond P. Scheindlin. (2007). — Barron's Educational Series, Inc.. ردمك: 9781438081014"
"Arabic Verb Forms (Awzan): Conjugation, Voice, and Derived Stems",صيغ الأفعال العربية (Awzan): التصريف، الصوت، والصيغ المشتقة.,https://smarticle.tech/en/article/arabic-verb-forms-awzan-conjugation-voice-and-derived-stems-202605120740,https://smarticle.tech/ar/article/arabic-verb-forms-awzan-conjugation-voice-and-derived-stems-202605120740,Arabic Morphology,Alf alf fiʻl-- wa-fiʻl,https://openlibrary.org/works/OL37390026W,Alf alf fiʻl-- wa-fiʻl. by Daniel Reig. (1983). — Maktabat Mīzūnūf Lārūz. ISBN: 2706808462,Alf alf fiʻl-- wa-fiʻl. بقلم Daniel Reig. (1983). — Maktabat Mīzūnūf Lārūz. ردمك: 2706808462
"Arabic Verb Forms (Awzan): Conjugation, Voice, and Derived Stems",صيغ الأفعال العربية (Awzan): التصريف، الصوت، والصيغ المشتقة.,https://smarticle.tech/en/article/arabic-verb-forms-awzan-conjugation-voice-and-derived-stems-202605120740,https://smarticle.tech/ar/article/arabic-verb-forms-awzan-conjugation-voice-and-derived-stems-202605120740,Arabic Morphology,The sequential forms in Late Egyptian and Biblical Hebrew,https://openlibrary.org/works/OL2912948W,The sequential forms in Late Egyptian and Biblical Hebrew. by Antonio Loprieno. (1980). — Undena Publications. ISBN: 9780890030011,The sequential forms in Late Egyptian and Biblical Hebrew. بقلم Antonio Loprieno. (1980). — Undena Publications. ردمك: 9780890030011
"Arabic Verb Forms (Awzan): Conjugation, Voice, and Derived Stems",صيغ الأفعال العربية (Awzan): التصريف، الصوت، والصيغ المشتقة.,https://smarticle.tech/en/article/arabic-verb-forms-awzan-conjugation-voice-and-derived-stems-202605120740,https://smarticle.tech/ar/article/arabic-verb-forms-awzan-conjugation-voice-and-derived-stems-202605120740,Arabic Morphology,The paradigms of the verb forms in Egyptian Arabic dialect,https://openlibrary.org/works/OL13827080W,"The paradigms of the verb forms in Egyptian Arabic dialect. by Nino Ejibadze. (2006). — Gamomcʻemloba ""Intelekʻti"". ISBN: 9789994039838","The paradigms of the verb forms in Egyptian Arabic dialect. بقلم Nino Ejibadze. (2006). — Gamomcʻemloba ""Intelekʻti"". ردمك: 9789994039838"
"Arabic Verb Forms (Awzan): Conjugation, Voice, and Derived Stems",صيغ الأفعال العربية (Awzan): التصريف، الصوت، والصيغ المشتقة.,https://smarticle.tech/en/article/arabic-verb-forms-awzan-conjugation-voice-and-derived-stems-202605120740,https://smarticle.tech/ar/article/arabic-verb-forms-awzan-conjugation-voice-and-derived-stems-202605120740,Arabic Morphology,Contrastive Analysis of the Use of Verb Forms in English and Arabic (Studies in descriptive linguistics),https://archive.org/details/contrastiveanaly0000khar,Contrastive Analysis of the Use of Verb Forms in English and Arabic (Studies in descriptive linguistics). by Nayef Kharma. (1983). — J. Groos. ISBN: 3872762486,Contrastive Analysis of the Use of Verb Forms in English and Arabic (Studies in descriptive linguistics). بقلم Nayef Kharma. (1983). — J. Groos. ردمك: 3872762486
"Arabic Verb Forms (Awzan): Conjugation, Voice, and Derived Stems",صيغ الأفعال العربية (Awzan): التصريف، الصوت، والصيغ المشتقة.,https://smarticle.tech/en/article/arabic-verb-forms-awzan-conjugation-voice-and-derived-stems-202605120740,https://smarticle.tech/ar/article/arabic-verb-forms-awzan-conjugation-voice-and-derived-stems-202605120740,Arabic Morphology,Rubaʻeyat,https://openlibrary.org/works/OL4765914W,Rubaʻeyat. by Ṣalāḥ Chahīn. (1988). — Elias Modern Publishing House & Co.. ISBN: 9789771045090,Rubaʻeyat. بقلم Ṣalāḥ Chahīn. (1988). — Elias Modern Publishing House & Co.. ردمك: 9789771045090
"Arabic Rhetoric (Balagha): Discipline, Schools, and Classical Texts",البلاغة العربية (Balagha): الانضباط، المدارس، والنصوص الكلاسيكية.,https://smarticle.tech/en/article/arabic-rhetoric-balagha-discipline-schools-and-classical-texts-202605120745,https://smarticle.tech/ar/article/arabic-rhetoric-balagha-discipline-schools-and-classical-texts-202605120745,Arabic Rhetoric,al- Īḍāḥ fī ʻulūm al-balāghah,https://openlibrary.org/works/OL11199092W,al- Īḍāḥ fī ʻulūm al-balāghah. by Jalāl al-Dīn Muḥammad ibn ʻAbd al-Raḥmān Qazwīnī. (1953). — Dār al-Fikr al-ʻArabī. ISBN: 9789772411696,al- Īḍāḥ fī ʻulūm al-balāghah. بقلم Jalāl al-Dīn Muḥammad ibn ʻAbd al-Raḥmān Qazwīnī. (1953). — Dār al-Fikr al-ʻArabī. ردمك: 9789772411696
"Arabic Rhetoric (Balagha): Discipline, Schools, and Classical Texts",البلاغة العربية (Balagha): الانضباط، المدارس، والنصوص الكلاسيكية.,https://smarticle.tech/en/article/arabic-rhetoric-balagha-discipline-schools-and-classical-texts-202605120745,https://smarticle.tech/ar/article/arabic-rhetoric-balagha-discipline-schools-and-classical-texts-202605120745,Arabic Rhetoric,al- Kāmil,https://openlibrary.org/works/OL1612855W,"al- Kāmil. by Muḥammad ibn Yazīd Mubarrad, Anīs Daghīdī. (1956). — Maktabat Madbūlī. ISBN: 9789772862573",al- Kāmil. بقلم Muḥammad ibn Yazīd Mubarrad، Anīs Daghīdī. (1956). — Maktabat Madbūlī. ردمك: 9789772862573
"Arabic Rhetoric (Balagha): Discipline, Schools, and Classical Texts",البلاغة العربية (Balagha): الانضباط، المدارس، والنصوص الكلاسيكية.,https://smarticle.tech/en/article/arabic-rhetoric-balagha-discipline-schools-and-classical-texts-202605120745,https://smarticle.tech/ar/article/arabic-rhetoric-balagha-discipline-schools-and-classical-texts-202605120745,Arabic Rhetoric,Kitāb asrār al-balāghah,https://openlibrary.org/works/OL32314918W,Kitāb asrār al-balāghah. by ʻAbd al-Qāhir ibn ʻAbd al-Raḥmān Jurjānī. (1954). — Maṭbaʻat Wizārat al-Maʻārif,Kitāb asrār al-balāghah. بقلم ʻAbd al-Qāhir ibn ʻAbd al-Raḥmān Jurjānī. (1954). — Maṭbaʻat Wizārat al-Maʻārif
"Arabic Rhetoric (Balagha): Discipline, Schools, and Classical Texts",البلاغة العربية (Balagha): الانضباط، المدارس، والنصوص الكلاسيكية.,https://smarticle.tech/en/article/arabic-rhetoric-balagha-discipline-schools-and-classical-texts-202605120745,https://smarticle.tech/ar/article/arabic-rhetoric-balagha-discipline-schools-and-classical-texts-202605120745,Arabic Rhetoric,Shaping a Qur'anic Worldview,https://archive.org/details/shapingquranicwo0000degi,Shaping a Qur'anic Worldview. by Vanessa De Gifis. (2014). — Routledge. ISBN: 9781306662222,Shaping a Qur'anic Worldview. بقلم Vanessa De Gifis. (2014). — Routledge. ردمك: 9781306662222
"Arabic Rhetoric (Balagha): Discipline, Schools, and Classical Texts",البلاغة العربية (Balagha): الانضباط، المدارس، والنصوص الكلاسيكية.,https://smarticle.tech/en/article/arabic-rhetoric-balagha-discipline-schools-and-classical-texts-202605120745,https://smarticle.tech/ar/article/arabic-rhetoric-balagha-discipline-schools-and-classical-texts-202605120745,Arabic Rhetoric,Islamist Rhetoric,https://openlibrary.org/works/OL21258307W,Islamist Rhetoric. by Jacob Hoigilt. (2013). — Routledge. ISBN: 1136901051,Islamist Rhetoric. بقلم Jacob Hoigilt. (2013). — Routledge. ردمك: 1136901051
"Arabic Rhetoric (Balagha): Discipline, Schools, and Classical Texts",البلاغة العربية (Balagha): الانضباط، المدارس، والنصوص الكلاسيكية.,https://smarticle.tech/en/article/arabic-rhetoric-balagha-discipline-schools-and-classical-texts-202605120745,https://smarticle.tech/ar/article/arabic-rhetoric-balagha-discipline-schools-and-classical-texts-202605120745,Arabic Rhetoric,How to write in Arabic,https://openlibrary.org/works/OL18347704W,How to write in Arabic. by El Mustapha Lahlali. (2009). — Edinburgh University Press. ISBN: 9781474457378,How to write in Arabic. بقلم El Mustapha Lahlali. (2009). — Edinburgh University Press. ردمك: 9781474457378
"Arabic Rhetoric (Balagha): Discipline, Schools, and Classical Texts",البلاغة العربية (Balagha): الانضباط، المدارس، والنصوص الكلاسيكية.,https://smarticle.tech/en/article/arabic-rhetoric-balagha-discipline-schools-and-classical-texts-202605120745,https://smarticle.tech/ar/article/arabic-rhetoric-balagha-discipline-schools-and-classical-texts-202605120745,Arabic Rhetoric,The power of oratory in the medieval Muslim world,https://archive.org/details/poweroforatoryin0000jone,The power of oratory in the medieval Muslim world. by Linda G. Jones. (2012). — Cambridge University Press. ISBN: 9781107023055,The power of oratory in the medieval Muslim world. بقلم Linda G. Jones. (2012). — Cambridge University Press. ردمك: 9781107023055
"Arabic Rhetoric (Balagha): Discipline, Schools, and Classical Texts",البلاغة العربية (Balagha): الانضباط، المدارس، والنصوص الكلاسيكية.,https://smarticle.tech/en/article/arabic-rhetoric-balagha-discipline-schools-and-classical-texts-202605120745,https://smarticle.tech/ar/article/arabic-rhetoric-balagha-discipline-schools-and-classical-texts-202605120745,Arabic Rhetoric,Ghurar al-balāghah,https://openlibrary.org/works/OL4611529W,Ghurar al-balāghah. by Hilāl ibn al-Muḥassin Ṣābī. (1983). — Dār al-Kalimah,Ghurar al-balāghah. بقلم Hilāl ibn al-Muḥassin Ṣābī. (1983). — Dār al-Kalimah
"Arabic Rhetoric (Balagha): Discipline, Schools, and Classical Texts",البلاغة العربية (Balagha): الانضباط، المدارس، والنصوص الكلاسيكية.,https://smarticle.tech/en/article/arabic-rhetoric-balagha-discipline-schools-and-classical-texts-202605120745,https://smarticle.tech/ar/article/arabic-rhetoric-balagha-discipline-schools-and-classical-texts-202605120745,Arabic Rhetoric,The Impact of Incorporating Texts from Nahj al-Balagha of Imam Ali (Peace Be Upon Him) on the Academic Achievement of Fifth-Year Literary Students in,https://doi.org/10.69792/ijhs.24.2.6,"Osama Shawqi Khudair, Muayaed Saeed Khalaf. ""The Impact of Incorporating Texts from Nahj al-Balagha of Imam Ali (Peace Be Upon Him) on the Academic Achievement of Fifth-Year Literary Students in the Subject of Arabic Rhetoric"". crossref, 2024.","أسامة شوقي خضير، معاذ سعيد خلف. ""أثر إدراج نصوص من نهج البلاغة للإمام علي (عليه السلام) في التحصيل الأكاديمي لطلاب السنة الخامسة الأدبي في مادة البلاغة العربية"". كروسرف، 2024."
"Arabic Rhetoric (Balagha): Discipline, Schools, and Classical Texts",البلاغة العربية (Balagha): الانضباط، المدارس، والنصوص الكلاسيكية.,https://smarticle.tech/en/article/arabic-rhetoric-balagha-discipline-schools-and-classical-texts-202605120745,https://smarticle.tech/ar/article/arabic-rhetoric-balagha-discipline-schools-and-classical-texts-202605120745,Arabic Rhetoric,Unity of Form and Content in Translations of Arabic Classical Texts,https://doi.org/10.5220/0012488000003792,"Muhiddin Nurullayev. ""Unity of Form and Content in Translations of Arabic Classical Texts"". crossref, 2023.","محيي الدين نور اللهيف. ""وحدة الشكل والمضمون في ترجمات النصوص العربية الكلاسيكية"". كروسرف، 2023."
Metaphor and Simile (Isti'ara and Tashbih) in Classical Arabic Poetry,الاستعارة والتشبيه (Isti'ara and Tashbih) في الشعر العربي الكلاسيكي.,https://smarticle.tech/en/article/metaphor-and-simile-isti-ara-and-tashbih-in-classical-arabic-poetry-202605120752,https://smarticle.tech/ar/article/metaphor-and-simile-isti-ara-and-tashbih-in-classical-arabic-poetry-202605120752,Arabic Rhetoric,Poetics,https://archive.org/details/artofpoetry00aris,Poetics. by Aristotle. (1536). — NuVision Publications. ISBN: 1420925989,Poetics. بقلم Aristotle. (1536). — NuVision Publications. ردمك: 1420925989
Metaphor and Simile (Isti'ara and Tashbih) in Classical Arabic Poetry,الاستعارة والتشبيه (Isti'ara and Tashbih) في الشعر العربي الكلاسيكي.,https://smarticle.tech/en/article/metaphor-and-simile-isti-ara-and-tashbih-in-classical-arabic-poetry-202605120752,https://smarticle.tech/ar/article/metaphor-and-simile-isti-ara-and-tashbih-in-classical-arabic-poetry-202605120752,Arabic Rhetoric,Manhaj al-baḥth al-adabī,https://openlibrary.org/works/OL31461759W,Manhaj al-baḥth al-adabī. by ʻAlī Jawād Ṭāhir. (1972). — Maktabat al-Nahḍah. ISBN: 9786144191187,Manhaj al-baḥth al-adabī. بقلم ʻAlī Jawād Ṭāhir. (1972). — Maktabat al-Nahḍah. ردمك: 9786144191187
Metaphor and Simile (Isti'ara and Tashbih) in Classical Arabic Poetry,الاستعارة والتشبيه (Isti'ara and Tashbih) في الشعر العربي الكلاسيكي.,https://smarticle.tech/en/article/metaphor-and-simile-isti-ara-and-tashbih-in-classical-arabic-poetry-202605120752,https://smarticle.tech/ar/article/metaphor-and-simile-isti-ara-and-tashbih-in-classical-arabic-poetry-202605120752,Arabic Rhetoric,A tenth-century document of Arabic literary theory and criticism,https://openlibrary.org/works/OL1608511W,A tenth-century document of Arabic literary theory and criticism. by Muḥammad ibn al-Ṭayyib Bāqillānī. (1950). — University of Chicago Press. ISBN: 0226310205,A tenth-century document of Arabic literary theory and criticism. بقلم Muḥammad ibn al-Ṭayyib Bāqillānī. (1950). — University of Chicago Press. ردمك: 0226310205
Metaphor and Simile (Isti'ara and Tashbih) in Classical Arabic Poetry,الاستعارة والتشبيه (Isti'ara and Tashbih) في الشعر العربي الكلاسيكي.,https://smarticle.tech/en/article/metaphor-and-simile-isti-ara-and-tashbih-in-classical-arabic-poetry-202605120752,https://smarticle.tech/ar/article/metaphor-and-simile-isti-ara-and-tashbih-in-classical-arabic-poetry-202605120752,Arabic Rhetoric,Literary criticism in medieval Arabic-Islamic culture,https://openlibrary.org/works/OL2206068W,Literary criticism in medieval Arabic-Islamic culture. by Wen-chin Ouyang. (1997). — Edinburgh University Press. ISBN: 9781474471497,Literary criticism in medieval Arabic-Islamic culture. بقلم Wen-chin Ouyang. (1997). — Edinburgh University Press. ردمك: 9781474471497
Metaphor and Simile (Isti'ara and Tashbih) in Classical Arabic Poetry,الاستعارة والتشبيه (Isti'ara and Tashbih) في الشعر العربي الكلاسيكي.,https://smarticle.tech/en/article/metaphor-and-simile-isti-ara-and-tashbih-in-classical-arabic-poetry-202605120752,https://smarticle.tech/ar/article/metaphor-and-simile-isti-ara-and-tashbih-in-classical-arabic-poetry-202605120752,Arabic Rhetoric,"Muḥammad Ghunaymī Hilāl, nāqidan wa-rāʾidan fī dirāsat al-adab al-muqāran",https://openlibrary.org/works/OL18516656W,"Muḥammad Ghunaymī Hilāl, nāqidan wa-rāʾidan fī dirāsat al-adab al-muqāran. by Muḥammad Ghunaymī Hilāl. (1996). — Dar al-Fikr al-Arabi. ISBN: 9789771007746","Muḥammad Ghunaymī Hilāl, nāqidan wa-rāʾidan fī dirāsat al-adab al-muqāran. بقلم Muḥammad Ghunaymī Hilāl. (1996). — Dar al-Fikr al-Arabi. ردمك: 9789771007746"
Metaphor and Simile (Isti'ara and Tashbih) in Classical Arabic Poetry,الاستعارة والتشبيه (Isti'ara and Tashbih) في الشعر العربي الكلاسيكي.,https://smarticle.tech/en/article/metaphor-and-simile-isti-ara-and-tashbih-in-classical-arabic-poetry-202605120752,https://smarticle.tech/ar/article/metaphor-and-simile-isti-ara-and-tashbih-in-classical-arabic-poetry-202605120752,Arabic Rhetoric,Arabic poetry in the post-classical age,https://doi.org/10.1017/chol9780521771603.003,"Salma Khadra Jayyusi. ""Arabic poetry in the post-classical age"". crossref, 2006.","سلمى خضر جيّوسي. ""الشعر العربي في العصر ما بعد الكلاسيكي"". كروسرف، 2006."
Metaphor and Simile (Isti'ara and Tashbih) in Classical Arabic Poetry,الاستعارة والتشبيه (Isti'ara and Tashbih) في الشعر العربي الكلاسيكي.,https://smarticle.tech/en/article/metaphor-and-simile-isti-ara-and-tashbih-in-classical-arabic-poetry-202605120752,https://smarticle.tech/ar/article/metaphor-and-simile-isti-ara-and-tashbih-in-classical-arabic-poetry-202605120752,Arabic Rhetoric,Method of Analogy (Uslub Al-Tashbih) in Arabic and Chinese Rhetoric: the Analysis and Comparative Study,https://doi.org/10.26417/ejls.v4i3.p60-64,"Li Ying, Nazri Atoh, Suo Yan Mei. ""Method of Analogy (Uslub Al-Tashbih) in Arabic and Chinese Rhetoric: the Analysis and Comparative Study"". crossref, 2018.","لي يينغ، نازري أتوه، سو يان مي. ""طريقة الاستعارة (أسلوب التشبيه) في البلاغة العربية والصينية: تحليل ودراسة مقارنة"". كروسرف، 2018."
Metaphor and Simile (Isti'ara and Tashbih) in Classical Arabic Poetry,الاستعارة والتشبيه (Isti'ara and Tashbih) في الشعر العربي الكلاسيكي.,https://smarticle.tech/en/article/metaphor-and-simile-isti-ara-and-tashbih-in-classical-arabic-poetry-202605120752,https://smarticle.tech/ar/article/metaphor-and-simile-isti-ara-and-tashbih-in-classical-arabic-poetry-202605120752,Arabic Rhetoric,Metaphor in Hebrew Medieval Poetry,https://doi.org/10.1163/9789047405122_011,"Yosef Tobi, Murray Rosovsky. ""Metaphor in Hebrew Medieval Poetry"". crossref, 2004.","يوسف طوبي، موراي روزوفسكي. ""الاستعارة في الشعر العبري الوسيط"". كروسرف، 2004."
Metaphor and Simile (Isti'ara and Tashbih) in Classical Arabic Poetry,الاستعارة والتشبيه (Isti'ara and Tashbih) في الشعر العربي الكلاسيكي.,https://smarticle.tech/en/article/metaphor-and-simile-isti-ara-and-tashbih-in-classical-arabic-poetry-202605120752,https://smarticle.tech/ar/article/metaphor-and-simile-isti-ara-and-tashbih-in-classical-arabic-poetry-202605120752,Arabic Rhetoric,A Comparative Study on the Traditions of Western Rhetoric and Arabic Rhetoric,https://doi.org/10.18630/kaall.2007.11.2.001,"Heeman Sah. ""A Comparative Study on the Traditions of Western Rhetoric and Arabic Rhetoric"". crossref, 2007.","هيمان ساه. ""دراسة مقارنة في تقاليد البلاغة الغربية والبلاغة العربية"". كروسرف، 2007."
Fasaha and Literary Eloquence: Criteria of Excellence in Arabic Prose,الفصاحة والبلاغة الأدبية: معايير التميز في النثر العربي.,https://smarticle.tech/en/article/fasaha-and-literary-eloquence-criteria-of-excellence-in-arabic-prose-202605120758,https://smarticle.tech/ar/article/fasaha-and-literary-eloquence-criteria-of-excellence-in-arabic-prose-202605120758,Arabic Rhetoric,The power of oratory in the medieval Muslim world,https://archive.org/details/poweroforatoryin0000jone,The power of oratory in the medieval Muslim world. by Linda G. Jones. (2012). — Cambridge University Press. ISBN: 9781107023055,The power of oratory in the medieval Muslim world. بقلم Linda G. Jones. (2012). — Cambridge University Press. ردمك: 9781107023055
Fasaha and Literary Eloquence: Criteria of Excellence in Arabic Prose,الفصاحة والبلاغة الأدبية: معايير التميز في النثر العربي.,https://smarticle.tech/en/article/fasaha-and-literary-eloquence-criteria-of-excellence-in-arabic-prose-202605120758,https://smarticle.tech/ar/article/fasaha-and-literary-eloquence-criteria-of-excellence-in-arabic-prose-202605120758,Arabic Rhetoric,The Prose Poem and the Arabic Tradition,https://doi.org/10.3366/edinburgh/9781474474962.003.0003,"Huda J. Fakhreddine. ""The Prose Poem and the Arabic Tradition"". crossref, 2021.","هدى ج. فخر الدين. ""القصيدة النثر والتقليد العربي"". *كروسريف*، 2021."
Fasaha and Literary Eloquence: Criteria of Excellence in Arabic Prose,الفصاحة والبلاغة الأدبية: معايير التميز في النثر العربي.,https://smarticle.tech/en/article/fasaha-and-literary-eloquence-criteria-of-excellence-in-arabic-prose-202605120758,https://smarticle.tech/ar/article/fasaha-and-literary-eloquence-criteria-of-excellence-in-arabic-prose-202605120758,Arabic Rhetoric,The Arabic Prose Poem in Iraq,https://doi.org/10.3366/edinburgh/9781474462747.003.0018,"Sinan Antoon. ""The Arabic Prose Poem in Iraq"". *crossref*, 2021.","سنان أنطون. ""القصيدة النثر العربية في العراق"". *كروسريف*، 2021."
Fasaha and Literary Eloquence: Criteria of Excellence in Arabic Prose,الفصاحة والبلاغة الأدبية: معايير التميز في النثر العربي.,https://smarticle.tech/en/article/fasaha-and-literary-eloquence-criteria-of-excellence-in-arabic-prose-202605120758,https://smarticle.tech/ar/article/fasaha-and-literary-eloquence-criteria-of-excellence-in-arabic-prose-202605120758,Arabic Rhetoric,Wadiʿ Saʿadeh and the Third Generation of Prose Poets: An Arabic Poetics of Translation and Exophony,https://doi.org/10.3366/edinburgh/9781474474962.003.0008,"Huda J. Fakhreddine. ""Wadiʿ Saʿadeh and the Third Generation of Prose Poets: An Arabic Poetics of Translation and Exophony"". crossref, 2021.","هدى ج. فخر الدين. ""واديع سعاده والجيل الثالث من شعراء القصيدة النثر: شعرية عربيه للترجمة والغربه"". *كروسريف*، 2021."
Fasaha and Literary Eloquence: Criteria of Excellence in Arabic Prose,الفصاحة والبلاغة الأدبية: معايير التميز في النثر العربي.,https://smarticle.tech/en/article/fasaha-and-literary-eloquence-criteria-of-excellence-in-arabic-prose-202605120758,https://smarticle.tech/ar/article/fasaha-and-literary-eloquence-criteria-of-excellence-in-arabic-prose-202605120758,Arabic Rhetoric,The Arabic Prose Poem,https://doi.org/10.3366/edinburgh/9781474474962.001.0001,"Huda J. Fakhreddine. ""The Arabic Prose Poem"". Edinburgh University Press, 2021.","هدى ج. فخر الدين. ""القصيدة النثر العربية"". مطبعة جامعة إدنبرة، 2021."
Arabic Lexicography: Classical Dictionaries from Khalil to Lisan al-Arab,علم المعاجم العربية: القواميس الكلاسيكية من خليل إلى لسان العرب.,https://smarticle.tech/en/article/arabic-lexicography-classical-dictionaries-from-khalil-to-lisan-al-arab-202605120805,https://smarticle.tech/ar/article/arabic-lexicography-classical-dictionaries-from-khalil-to-lisan-al-arab-202605120805,Arabic Vocabulary,Al- Saq 'ala al-Saq,https://openlibrary.org/works/OL10919696W,"Al- Saq 'ala al-Saq. by Aḥmad Fāris Shidyāq, Humphrey Davies. (1855). — Dār Maktabat al-Ḥayāh. ISBN: 9953554064",Al- Saq 'ala al-Saq. بقلم Aḥmad Fāris Shidyāq، Humphrey Davies. (1855). — Dār Maktabat al-Ḥayāh. ردمك: 9953554064
Arabic Lexicography: Classical Dictionaries from Khalil to Lisan al-Arab,علم المعاجم العربية: القواميس الكلاسيكية من خليل إلى لسان العرب.,https://smarticle.tech/en/article/arabic-lexicography-classical-dictionaries-from-khalil-to-lisan-al-arab-202605120805,https://smarticle.tech/ar/article/arabic-lexicography-classical-dictionaries-from-khalil-to-lisan-al-arab-202605120805,Arabic Vocabulary,al-Lughah al-ʻArabīyah wa-al-taʻrīb fī al-ʻaṣr al-ḥadīth,https://openlibrary.org/works/OL11211011W,al-Lughah al-ʻArabīyah wa-al-taʻrīb fī al-ʻaṣr al-ḥadīth. by ʻAbd al-Karīm Khalīfah. (1987). — Majmaʻ al-Lughah al-ʻArabīyah al-Urdunī,al-Lughah al-ʻArabīyah wa-al-taʻrīb fī al-ʻaṣr al-ḥadīth. بقلم ʻAbd al-Karīm Khalīfah. (1987). — Majmaʻ al-Lughah al-ʻArabīyah al-Urdunī
Arabic Lexicography: Classical Dictionaries from Khalil to Lisan al-Arab,علم المعاجم العربية: القواميس الكلاسيكية من خليل إلى لسان العرب.,https://smarticle.tech/en/article/arabic-lexicography-classical-dictionaries-from-khalil-to-lisan-al-arab-202605120805,https://smarticle.tech/ar/article/arabic-lexicography-classical-dictionaries-from-khalil-to-lisan-al-arab-202605120805,Arabic Vocabulary,al- Lughah al-ʻArabīyah,https://openlibrary.org/works/OL13078218W,al- Lughah al-ʻArabīyah. by Ḥasan Nawfal. (2000). — al-Yāzūrī,al- Lughah al-ʻArabīyah. بقلم Ḥasan Nawfal. (2000). — al-Yāzūrī
Arabic Lexicography: Classical Dictionaries from Khalil to Lisan al-Arab,علم المعاجم العربية: القواميس الكلاسيكية من خليل إلى لسان العرب.,https://smarticle.tech/en/article/arabic-lexicography-classical-dictionaries-from-khalil-to-lisan-al-arab-202605120805,https://smarticle.tech/ar/article/arabic-lexicography-classical-dictionaries-from-khalil-to-lisan-al-arab-202605120805,Arabic Vocabulary,al-Istishhād fī al-muʻjam al-lughawī al-tārīkhī,https://openlibrary.org/works/OL32921590W,al-Istishhād fī al-muʻjam al-lughawī al-tārīkhī. by Muṣṭafá Muḥammad Ṣalāḥ. (2012). — ʻĀlam al-Kutub. ISBN: 9789772328314,al-Istishhād fī al-muʻjam al-lughawī al-tārīkhī. بقلم Muṣṭafá Muḥammad Ṣalāḥ. (2012). — ʻĀlam al-Kutub. ردمك: 9789772328314
Arabic Lexicography: Classical Dictionaries from Khalil to Lisan al-Arab,علم المعاجم العربية: القواميس الكلاسيكية من خليل إلى لسان العرب.,https://smarticle.tech/en/article/arabic-lexicography-classical-dictionaries-from-khalil-to-lisan-al-arab-202605120805,https://smarticle.tech/ar/article/arabic-lexicography-classical-dictionaries-from-khalil-to-lisan-al-arab-202605120805,Arabic Vocabulary,Khalil Ibn Ahmad Al-Farahidi : His Contribution to Arabic Linguistics,https://doi.org/10.64487/fjaru.v40a12,"Islam, Md. Minarul, and. ""Khalil Ibn Ahmad Al-Farahidi : His Contribution to Arabic Linguistics"". crossref, 2025.","الإسلام، مد. منارول، وآخرون. ""خليل بن أحمد الفراهيدي: إسهاماته في علم اللغة العربي"". كروسرف، ٢٠٢٥."
Semantic Change and Conceptual Development in the Arabic Lexicon,التغير الدلالي وتطور المفاهيم في المعجم العربي,https://smarticle.tech/en/article/semantic-change-and-conceptual-development-in-the-arabic-lexicon-202605120811,https://smarticle.tech/ar/article/semantic-change-and-conceptual-development-in-the-arabic-lexicon-202605120811,Arabic Vocabulary,Bible,https://archive.org/details/holybiblesoarran01unse,Bible. by Bible. (1200). — E.F. Backus. ISBN: 0564069019,Bible. بقلم Bible. (1200). — E.F. Backus. ردمك: 0564069019
Semantic Change and Conceptual Development in the Arabic Lexicon,التغير الدلالي وتطور المفاهيم في المعجم العربي,https://smarticle.tech/en/article/semantic-change-and-conceptual-development-in-the-arabic-lexicon-202605120811,https://smarticle.tech/ar/article/semantic-change-and-conceptual-development-in-the-arabic-lexicon-202605120811,Arabic Vocabulary,Al- Saq 'ala al-Saq,https://openlibrary.org/works/OL10919696W,"Al- Saq 'ala al-Saq. by Aḥmad Fāris Shidyāq, Humphrey Davies. (1855). — Dar maktabat al-hayah. ISBN: 9781479897544",Al- Saq 'ala al-Saq. بقلم Aḥmad Fāris Shidyāq، Humphrey Davies. (1855). — Dar maktabat al-hayah. ردمك: 9781479897544
Semantic Change and Conceptual Development in the Arabic Lexicon,التغير الدلالي وتطور المفاهيم في المعجم العربي,https://smarticle.tech/en/article/semantic-change-and-conceptual-development-in-the-arabic-lexicon-202605120811,https://smarticle.tech/ar/article/semantic-change-and-conceptual-development-in-the-arabic-lexicon-202605120811,Arabic Vocabulary,Wörterbuch der klassischen arabischen Sprache,https://openlibrary.org/works/OL18738684W,Wörterbuch der klassischen arabischen Sprache. by Manfred Ullmann. (1970). — Harrassowitz Verlag. ISBN: 9783447038058,Wörterbuch der klassischen arabischen Sprache. بقلم Manfred Ullmann. (1970). — Harrassowitz Verlag. ردمك: 9783447038058
Semantic Change and Conceptual Development in the Arabic Lexicon,التغير الدلالي وتطور المفاهيم في المعجم العربي,https://smarticle.tech/en/article/semantic-change-and-conceptual-development-in-the-arabic-lexicon-202605120811,https://smarticle.tech/ar/article/semantic-change-and-conceptual-development-in-the-arabic-lexicon-202605120811,Arabic Vocabulary,Arabic lexicography,https://archive.org/details/arabiclexicograp0000john_z1x1,Arabic lexicography. by John A. Haywood. (1960). — E. J. Brill,Arabic lexicography. بقلم John A. Haywood. (1960). — E. J. Brill
Semantic Change and Conceptual Development in the Arabic Lexicon,التغير الدلالي وتطور المفاهيم في المعجم العربي,https://smarticle.tech/en/article/semantic-change-and-conceptual-development-in-the-arabic-lexicon-202605120811,https://smarticle.tech/ar/article/semantic-change-and-conceptual-development-in-the-arabic-lexicon-202605120811,Arabic Vocabulary,al- Lughah al-ʻArabīyah,https://openlibrary.org/works/OL13078218W,al- Lughah al-ʻArabīyah. by Ḥasan Nawfal. (2000). — Al-Yāzūrī,al- Lughah al-ʻArabīyah. بقلم Ḥasan Nawfal. (2000). — Al-Yāzūrī
"Arabic Loanwords: Borrowings from Persian, Greek, and Modern Languages",الكلمات العربية المستعارة: من الفارسية واليونانية واللغات الحديثة.,https://smarticle.tech/en/article/arabic-loanwords-borrowings-from-persian-greek-and-modern-languages-202605120817,https://smarticle.tech/ar/article/arabic-loanwords-borrowings-from-persian-greek-and-modern-languages-202605120817,Arabic Vocabulary,Arabic loan-words in Malay,https://openlibrary.org/works/OL4950756W,Arabic loan-words in Malay. by Muhammad Abdul Jabbar Beg. (1977). — University of Malaya Press. ISBN: 967999001X,Arabic loan-words in Malay. بقلم Muhammad Abdul Jabbar Beg. (1977). — University of Malaya Press. ردمك: 967999001X
"Arabic Loanwords: Borrowings from Persian, Greek, and Modern Languages",الكلمات العربية المستعارة: من الفارسية واليونانية واللغات الحديثة.,https://smarticle.tech/en/article/arabic-loanwords-borrowings-from-persian-greek-and-modern-languages-202605120817,https://smarticle.tech/ar/article/arabic-loanwords-borrowings-from-persian-greek-and-modern-languages-202605120817,Arabic Vocabulary,Arabic loanwords in Malay,https://openlibrary.org/works/OL10361210W,Arabic loanwords in Malay. by Daryll Alan Brady. (1978),Arabic loanwords in Malay. بقلم Daryll Alan Brady. (1978)
"Arabic Loanwords: Borrowings from Persian, Greek, and Modern Languages",الكلمات العربية المستعارة: من الفارسية واليونانية واللغات الحديثة.,https://smarticle.tech/en/article/arabic-loanwords-borrowings-from-persian-greek-and-modern-languages-202605120817,https://smarticle.tech/ar/article/arabic-loanwords-borrowings-from-persian-greek-and-modern-languages-202605120817,Arabic Vocabulary,al-Muʻarrab wa-al-dakhīl wa-al-alfāẓ al-ʻālamīyah,https://openlibrary.org/works/OL33413246W,al-Muʻarrab wa-al-dakhīl wa-al-alfāẓ al-ʻālamīyah. by Usāmah Rashīd Ṣaffār. (2011). — Dār al-Kutub al-ʻIlmīyah. ISBN: 2745169475,al-Muʻarrab wa-al-dakhīl wa-al-alfāẓ al-ʻālamīyah. بقلم Usāmah Rashīd Ṣaffār. (2011). — Dār al-Kutub al-ʻIlmīyah. ردمك: 2745169475
"Arabic Loanwords: Borrowings from Persian, Greek, and Modern Languages",الكلمات العربية المستعارة: من الفارسية واليونانية واللغات الحديثة.,https://smarticle.tech/en/article/arabic-loanwords-borrowings-from-persian-greek-and-modern-languages-202605120817,https://smarticle.tech/ar/article/arabic-loanwords-borrowings-from-persian-greek-and-modern-languages-202605120817,Arabic Vocabulary,The morphology of loanwords in Urdu,https://openlibrary.org/works/OL32633290W,The morphology of loanwords in Urdu. by Riaz Ahmed Mangrio. (2016). — Cambridge Scholars Publishing. ISBN: 1443871621,The morphology of loanwords in Urdu. بقلم Riaz Ahmed Mangrio. (2016). — Cambridge Scholars Publishing. ردمك: 1443871621
"Arabic Loanwords: Borrowings from Persian, Greek, and Modern Languages",الكلمات العربية المستعارة: من الفارسية واليونانية واللغات الحديثة.,https://smarticle.tech/en/article/arabic-loanwords-borrowings-from-persian-greek-and-modern-languages-202605120817,https://smarticle.tech/ar/article/arabic-loanwords-borrowings-from-persian-greek-and-modern-languages-202605120817,Arabic Vocabulary,A first ethnolinguistic comparison of Arabic loanwords common to Hausa and Swahili,https://openlibrary.org/works/OL1291582W,A first ethnolinguistic comparison of Arabic loanwords common to Hausa and Swahili. by Sergio Baldi. (1988). — Istituto universitario orientale,A first ethnolinguistic comparison of Arabic loanwords common to Hausa and Swahili. بقلم Sergio Baldi. (1988). — Istituto universitario orientale
"Arabic Loanwords: Borrowings from Persian, Greek, and Modern Languages",الكلمات العربية المستعارة: من الفارسية واليونانية واللغات الحديثة.,https://smarticle.tech/en/article/arabic-loanwords-borrowings-from-persian-greek-and-modern-languages-202605120817,https://smarticle.tech/ar/article/arabic-loanwords-borrowings-from-persian-greek-and-modern-languages-202605120817,Arabic Vocabulary,The Korean Language,https://books.google.com/books,The Korean Language. by Ho-Min Sohn. (2001). — Cambridge University Press. ISBN: 0521369436,The Korean Language. بقلم Ho-Min Sohn. (2001). — Cambridge University Press. ردمك: 0521369436
"Arabic Loanwords: Borrowings from Persian, Greek, and Modern Languages",الكلمات العربية المستعارة: من الفارسية واليونانية واللغات الحديثة.,https://smarticle.tech/en/article/arabic-loanwords-borrowings-from-persian-greek-and-modern-languages-202605120817,https://smarticle.tech/ar/article/arabic-loanwords-borrowings-from-persian-greek-and-modern-languages-202605120817,Arabic Vocabulary,Persian Sufi Poem : Vocabulary and Terminology,https://openlibrary.org/works/OL21309922W,Persian Sufi Poem : Vocabulary and Terminology. by Bo Utas. (2017). — Taylor & Francis Group. ISBN: 113805884X,Persian Sufi Poem : Vocabulary and Terminology. بقلم Bo Utas. (2017). — Taylor & Francis Group. ردمك: 113805884X
"Arabic Loanwords: Borrowings from Persian, Greek, and Modern Languages",الكلمات العربية المستعارة: من الفارسية واليونانية واللغات الحديثة.,https://smarticle.tech/en/article/arabic-loanwords-borrowings-from-persian-greek-and-modern-languages-202605120817,https://smarticle.tech/ar/article/arabic-loanwords-borrowings-from-persian-greek-and-modern-languages-202605120817,Arabic Vocabulary,A Persian Sufi poem,https://openlibrary.org/works/OL6510978W,A Persian Sufi poem. by Bo Utas. (1978). — Curzon Press. ISBN: 0700700168,A Persian Sufi poem. بقلم Bo Utas. (1978). — Curzon Press. ردمك: 0700700168
"Arabic Loanwords: Borrowings from Persian, Greek, and Modern Languages",الكلمات العربية المستعارة: من الفارسية واليونانية واللغات الحديثة.,https://smarticle.tech/en/article/arabic-loanwords-borrowings-from-persian-greek-and-modern-languages-202605120817,https://smarticle.tech/ar/article/arabic-loanwords-borrowings-from-persian-greek-and-modern-languages-202605120817,Arabic Vocabulary,On the Middle Iranian Borrowings in Qurʾānic (and Pre-Islamic) Arabic,https://doi.org/10.1163/9789004343047_011,"Cheung, Johnny. ""On the Middle Iranian Borrowings in Qurʾānic (and Pre-Islamic) Arabic"". *crossref*, 2017.","تشونغ، جوني. ""حول الاقتراضات الإيرانية الوسطى في العربية القرآنية (والعربية ما قبل الإسلام)"". *كروسريف*، 2017."
"Arabic Loanwords: Borrowings from Persian, Greek, and Modern Languages",الكلمات العربية المستعارة: من الفارسية واليونانية واللغات الحديثة.,https://smarticle.tech/en/article/arabic-loanwords-borrowings-from-persian-greek-and-modern-languages-202605120817,https://smarticle.tech/ar/article/arabic-loanwords-borrowings-from-persian-greek-and-modern-languages-202605120817,Arabic Vocabulary,61. Language Contact between Arabic and Modern European Languages,https://doi.org/10.1515/9783110251586.1022,"Edzard, Lutz. ""Language Contact between Arabic and Modern European Languages"". crossref, 2011.","إيدزارد، لوتز. ""التواصل اللغوي بين العربية واللغات الأوروبية الحديثة"". *كروسريف*، 2011."
Arabic Phonetics and Makharij al-Huruf: Articulation Points and Manner,علم الأصوات العربية ومخارج الحروف: نقاط النطق والأسلوب.,https://smarticle.tech/en/article/arabic-phonetics-and-makharij-al-huruf-articulation-points-and-manner-202605120823,https://smarticle.tech/ar/article/arabic-phonetics-and-makharij-al-huruf-articulation-points-and-manner-202605120823,Arabic Pronunciation,Arabic phonetics,https://openlibrary.org/works/OL68420W,Arabic phonetics. by Avicenna. (1963). — Sh. Muhammad Ashraf,Arabic phonetics. بقلم Avicenna. (1963). — Sh. Muhammad Ashraf
Arabic Phonetics and Makharij al-Huruf: Articulation Points and Manner,علم الأصوات العربية ومخارج الحروف: نقاط النطق والأسلوب.,https://smarticle.tech/en/article/arabic-phonetics-and-makharij-al-huruf-articulation-points-and-manner-202605120823,https://smarticle.tech/ar/article/arabic-phonetics-and-makharij-al-huruf-articulation-points-and-manner-202605120823,Arabic Pronunciation,Introduction to modern standard Arabic pronunciation and writing,https://archive.org/details/introductiontomo0000unse_k7j0,Introduction to modern standard Arabic pronunciation and writing. by Peter F. Abboud. (1968). — Inter-University Committee for Near Eastern Languages,Introduction to modern standard Arabic pronunciation and writing. بقلم Peter F. Abboud. (1968). — Inter-University Committee for Near Eastern Languages
Arabic Phonetics and Makharij al-Huruf: Articulation Points and Manner,علم الأصوات العربية ومخارج الحروف: نقاط النطق والأسلوب.,https://smarticle.tech/en/article/arabic-phonetics-and-makharij-al-huruf-articulation-points-and-manner-202605120823,https://smarticle.tech/ar/article/arabic-phonetics-and-makharij-al-huruf-articulation-points-and-manner-202605120823,Arabic Pronunciation,Alif baa with multimedia,https://openlibrary.org/works/OL2625714W,Alif baa with multimedia. by Kristen Brustad. (2009). — Georgetown University Press. ISBN: 9781589015081,Alif baa with multimedia. بقلم Kristen Brustad. (2009). — Georgetown University Press. ردمك: 9781589015081
Arabic Phonetics and Makharij al-Huruf: Articulation Points and Manner,علم الأصوات العربية ومخارج الحروف: نقاط النطق والأسلوب.,https://smarticle.tech/en/article/arabic-phonetics-and-makharij-al-huruf-articulation-points-and-manner-202605120823,https://smarticle.tech/ar/article/arabic-phonetics-and-makharij-al-huruf-articulation-points-and-manner-202605120823,Arabic Pronunciation,Alif Baa,https://archive.org/details/alifbaaintroduct0000kris,"Alif Baa. by Kristen Brustad, Mahmoud Al-Batal, Abbas Al-Tonsi. (1996). — Georgetown University Press. ISBN: 9781626161221",Alif Baa. بقلم Kristen Brustad، Mahmoud Al-Batal، Abbas Al-Tonsi. (1996). — Georgetown University Press. ردمك: 9781626161221
Arabic Phonetics and Makharij al-Huruf: Articulation Points and Manner,علم الأصوات العربية ومخارج الحروف: نقاط النطق والأسلوب.,https://smarticle.tech/en/article/arabic-phonetics-and-makharij-al-huruf-articulation-points-and-manner-202605120823,https://smarticle.tech/ar/article/arabic-phonetics-and-makharij-al-huruf-articulation-points-and-manner-202605120823,Arabic Pronunciation,Makhārij al-ḥurūf,https://openlibrary.org/works/OL68433W,"Makhārij al-ḥurūf. by Avicenna. (1969). — Da Afghānistān da ʻUlūmo Akādemī, da Zhabo aw Adabiyāto Instītūt","Makhārij al-ḥurūf. بقلم Avicenna. (1969). — Da Afghānistān da ʻUlūmo Akādemī, da Zhabo aw Adabiyāto Instītūt"
Arabic Phonetics and Makharij al-Huruf: Articulation Points and Manner,علم الأصوات العربية ومخارج الحروف: نقاط النطق والأسلوب.,https://smarticle.tech/en/article/arabic-phonetics-and-makharij-al-huruf-articulation-points-and-manner-202605120823,https://smarticle.tech/ar/article/arabic-phonetics-and-makharij-al-huruf-articulation-points-and-manner-202605120823,Arabic Pronunciation,"Makhārij al-ḥurūf, ya, Asbāb ḥudūs̲ al-ḥurūf",https://openlibrary.org/works/OL15273625W,"Makhārij al-ḥurūf, ya, Asbāb ḥudūs̲ al-ḥurūf. by Avicenna. (1969). — Bunyād-i Farhang-i Īrān","Makhārij al-ḥurūf, ya, Asbāb ḥudūs̲ al-ḥurūf. بقلم Avicenna. (1969). — Bunyād-i Farhang-i Īrān"
Arabic Phonetics and Makharij al-Huruf: Articulation Points and Manner,علم الأصوات العربية ومخارج الحروف: نقاط النطق والأسلوب.,https://smarticle.tech/en/article/arabic-phonetics-and-makharij-al-huruf-articulation-points-and-manner-202605120823,https://smarticle.tech/ar/article/arabic-phonetics-and-makharij-al-huruf-articulation-points-and-manner-202605120823,Arabic Pronunciation,"Makhārij al-ḥurūf, yā, Asbāb-i ḥudūs̲ al-ḥurūf",https://openlibrary.org/works/OL15273626W,"Makhārij al-ḥurūf, yā, Asbāb-i ḥudūs̲ al-ḥurūf. by Avicenna. (1954). — Dānishgah Tihrān","Makhārij al-ḥurūf, yā, Asbāb-i ḥudūs̲ al-ḥurūf. بقلم Avicenna. (1954). — Dānishgah Tihrān"
Tajweed: Rules of Quranic Recitation and Phonological Precision,التجويد: قواعد تلاوة القرآن والدقة الفونولوجية,https://smarticle.tech/en/article/tajweed-rules-of-quranic-recitation-and-phonological-precision-202605120830,https://smarticle.tech/ar/article/tajweed-rules-of-quranic-recitation-and-phonological-precision-202605120830,Arabic Pronunciation,Tajweed Diagrams,https://openlibrary.org/works/OL39788448W,Tajweed Diagrams. by Khadeejah Akyurt. (2013). — CreateSpace Independent Publishing Platform. ISBN: 9781493609390,Tajweed Diagrams. بقلم Khadeejah Akyurt. (2013). — CreateSpace Independent Publishing Platform. ردمك: 9781493609390
Tajweed: Rules of Quranic Recitation and Phonological Precision,التجويد: قواعد تلاوة القرآن والدقة الفونولوجية,https://smarticle.tech/en/article/tajweed-rules-of-quranic-recitation-and-phonological-precision-202605120830,https://smarticle.tech/ar/article/tajweed-rules-of-quranic-recitation-and-phonological-precision-202605120830,Arabic Pronunciation,Detailed Pictorial Tajweed,https://openlibrary.org/works/OL29467863W,Detailed Pictorial Tajweed. by Mustafa Raslan. (2019). — Independently Published. ISBN: 1797612700,Detailed Pictorial Tajweed. بقلم Mustafa Raslan. (2019). — Independently Published. ردمك: 1797612700
Tajweed: Rules of Quranic Recitation and Phonological Precision,التجويد: قواعد تلاوة القرآن والدقة الفونولوجية,https://smarticle.tech/en/article/tajweed-rules-of-quranic-recitation-and-phonological-precision-202605120830,https://smarticle.tech/ar/article/tajweed-rules-of-quranic-recitation-and-phonological-precision-202605120830,Arabic Pronunciation,Tajweed Made Easy,https://openlibrary.org/works/OL24395084W,"Tajweed Made Easy. by Khalid Idris. (2018). — Lulu Press, Inc.. ISBN: 9781326746230","Tajweed Made Easy. بقلم Khalid Idris. (2018). — Lulu Press, Inc.. ردمك: 9781326746230"
Tajweed: Rules of Quranic Recitation and Phonological Precision,التجويد: قواعد تلاوة القرآن والدقة الفونولوجية,https://smarticle.tech/en/article/tajweed-rules-of-quranic-recitation-and-phonological-precision-202605120830,https://smarticle.tech/ar/article/tajweed-rules-of-quranic-recitation-and-phonological-precision-202605120830,Arabic Pronunciation,Madinah Series - Tajweed,https://openlibrary.org/works/OL31029889W,Madinah Series - Tajweed. by Belal Taha. (2021). — Independently Published. ISBN: 9798785555433,Madinah Series - Tajweed. بقلم Belal Taha. (2021). — Independently Published. ردمك: 9798785555433
Tajweed: Rules of Quranic Recitation and Phonological Precision,التجويد: قواعد تلاوة القرآن والدقة الفونولوجية,https://smarticle.tech/en/article/tajweed-rules-of-quranic-recitation-and-phonological-precision-202605120830,https://smarticle.tech/ar/article/tajweed-rules-of-quranic-recitation-and-phonological-precision-202605120830,Arabic Pronunciation,Tajweed Rules - Foundation Book 2,https://openlibrary.org/works/OL36273196W,Tajweed Rules - Foundation Book 2. by The Fountain The Fountain Tajweed Institute. (2021). — Independently Published. ISBN: 9798469120056,Tajweed Rules - Foundation Book 2. بقلم The Fountain The Fountain Tajweed Institute. (2021). — Independently Published. ردمك: 9798469120056
Tajweed: Rules of Quranic Recitation and Phonological Precision,التجويد: قواعد تلاوة القرآن والدقة الفونولوجية,https://smarticle.tech/en/article/tajweed-rules-of-quranic-recitation-and-phonological-precision-202605120830,https://smarticle.tech/ar/article/tajweed-rules-of-quranic-recitation-and-phonological-precision-202605120830,Arabic Pronunciation,Tajweed Rules - Foundation Book 1,https://openlibrary.org/works/OL36260485W,Tajweed Rules - Foundation Book 1. by The Fountain The Fountain Tajweed Institute. (2021). — Independently Published. ISBN: 9798469083177,Tajweed Rules - Foundation Book 1. بقلم The Fountain The Fountain Tajweed Institute. (2021). — Independently Published. ردمك: 9798469083177
Tajweed: Rules of Quranic Recitation and Phonological Precision,التجويد: قواعد تلاوة القرآن والدقة الفونولوجية,https://smarticle.tech/en/article/tajweed-rules-of-quranic-recitation-and-phonological-precision-202605120830,https://smarticle.tech/ar/article/tajweed-rules-of-quranic-recitation-and-phonological-precision-202605120830,Arabic Pronunciation,al-Waqf wa-al-ibtidāʼ wa-atharuhumā fī ikhtilāf al-mufassirīn,https://openlibrary.org/works/OL32635772W,al-Waqf wa-al-ibtidāʼ wa-atharuhumā fī ikhtilāf al-mufassirīn. by Aḥmad ʻĪsá Ḥasan Maʻṣarāwī. (2015). — Dār al-Salām lil-Ṭibāʻah wa-al-Nashr wa-al-Tawzīʻ wa-al-Tarjamah. ISBN: 9777171994,al-Waqf wa-al-ibtidāʼ wa-atharuhumā fī ikhtilāf al-mufassirīn. بقلم Aḥmad ʻĪsá Ḥasan Maʻṣarāwī. (2015). — Dār al-Salām lil-Ṭibāʻah wa-al-Nashr wa-al-Tawzīʻ wa-al-Tarjamah. ردمك: 9777171994
Tajweed: Rules of Quranic Recitation and Phonological Precision,التجويد: قواعد تلاوة القرآن والدقة الفونولوجية,https://smarticle.tech/en/article/tajweed-rules-of-quranic-recitation-and-phonological-precision-202605120830,https://smarticle.tech/ar/article/tajweed-rules-of-quranic-recitation-and-phonological-precision-202605120830,Arabic Pronunciation,Tajweed rules of the Qur'an,https://archive.org/details/tajweedrulesofqu0000czer,Tajweed rules of the Qur'an. by Kareema Carol Czerepinski. (2000). — Dar Al-Khair Islamic Books Publisher. ISBN: 9960934349,Tajweed rules of the Qur'an. بقلم Kareema Carol Czerepinski. (2000). — Dar Al-Khair Islamic Books Publisher. ردمك: 9960934349
Tajweed: Rules of Quranic Recitation and Phonological Precision,التجويد: قواعد تلاوة القرآن والدقة الفونولوجية,https://smarticle.tech/en/article/tajweed-rules-of-quranic-recitation-and-phonological-precision-202605120830,https://smarticle.tech/ar/article/tajweed-rules-of-quranic-recitation-and-phonological-precision-202605120830,Arabic Pronunciation,Precision in Quranic Arabic Recitation: Leveraging ASR for Tajweed Mastery v1,https://doi.org/10.17504/protocols.io.4r3l298b3v1y/v1,"Khattak, Khalid Ahmad. ""Precision in Quranic Arabic Recitation: Leveraging ASR for Tajweed Mastery"". crossref, 2024.","ختك، خالد أحمد. ""الدقة في تلاوة القرآن الكريم بالعربية: الاستفادة من التعرف التلقائي على الكلام لتحقيق إتقان أحكام التجويد"". كروسريف، 2024."
Tajweed: Rules of Quranic Recitation and Phonological Precision,التجويد: قواعد تلاوة القرآن والدقة الفونولوجية,https://smarticle.tech/en/article/tajweed-rules-of-quranic-recitation-and-phonological-precision-202605120830,https://smarticle.tech/ar/article/tajweed-rules-of-quranic-recitation-and-phonological-precision-202605120830,Arabic Pronunciation,SMARTAJWEED Automatic Recognition of Arabic Quranic Recitation Rules,https://doi.org/10.5121/csit.2020.101812,"Ali M. Alagrami, Maged M. Eljazzar. ""SMARTAJWEED Automatic Recognition of Arabic Quranic Recitation Rules"". crossref, 2020.","علي محمد الأعرجي، ماجد محمد الجزار. ""سمارتج Wied: التعرف التلقائي على قواعد تلاوة القرآن الكريم"". كروسريف، 2020."
Arabic Prosody (Arud) and the Sixteen Classical Meters,العروض (Arud) والستة عشر بحورًا كلاسيكية,https://smarticle.tech/en/article/arabic-prosody-arud-and-the-sixteen-classical-meters-202605120838,https://smarticle.tech/ar/article/arabic-prosody-arud-and-the-sixteen-classical-meters-202605120838,Arabic Prosody,al-Tabyīn wa-al-bayān fī al-ʻarūḍ wa-al-awzān,https://openlibrary.org/works/OL22936010W,al-Tabyīn wa-al-bayān fī al-ʻarūḍ wa-al-awzān. by Mājid Mihannā ʻAlyān. (2007). — Dār al-Hudā lil-Ṭibāʻat wa-al-Nashr. ISBN: 9655280004,al-Tabyīn wa-al-bayān fī al-ʻarūḍ wa-al-awzān. بقلم Mājid Mihannā ʻAlyān. (2007). — Dār al-Hudā lil-Ṭibāʻat wa-al-Nashr. ردمك: 9655280004
Arabic Prosody (Arud) and the Sixteen Classical Meters,العروض (Arud) والستة عشر بحورًا كلاسيكية,https://smarticle.tech/en/article/arabic-prosody-arud-and-the-sixteen-classical-meters-202605120838,https://smarticle.tech/ar/article/arabic-prosody-arud-and-the-sixteen-classical-meters-202605120838,Arabic Prosody,الأوزان الشعرية - العروض والقافية,https://openlibrary.org/works/OL16502745W,الأوزان الشعرية - العروض والقافية. by Mohammad Sadiq Al-Karbassi. (2011). — بيت العلم للنابهين. ISBN: 9781902490694,الأوزان الشعرية - العروض والقافية. بقلم Mohammad Sadiq Al-Karbassi. (2011). — بيت العلم للنابهين. ردمك: 9781902490694
Arabic Prosody (Arud) and the Sixteen Classical Meters,العروض (Arud) والستة عشر بحورًا كلاسيكية,https://smarticle.tech/en/article/arabic-prosody-arud-and-the-sixteen-classical-meters-202605120838,https://smarticle.tech/ar/article/arabic-prosody-arud-and-the-sixteen-classical-meters-202605120838,Arabic Prosody,Arabic morphology and phonology,https://openlibrary.org/works/OL4439948W,"Arabic morphology and phonology. by Aḥmad ibn ʻAlī Ibn Masʻūd, Ahmad Ibn Ali Ibn Masud, Joyce Akesson. (2001). — Brill Academic Publishers. ISBN: 9004120289",Arabic morphology and phonology. بقلم Aḥmad ibn ʻAlī Ibn Masʻūd، Ahmad Ibn Ali Ibn Masud، Joyce Akesson. (2001). — Brill Academic Publishers. ردمك: 9004120289
Arabic Prosody (Arud) and the Sixteen Classical Meters,العروض (Arud) والستة عشر بحورًا كلاسيكية,https://smarticle.tech/en/article/arabic-prosody-arud-and-the-sixteen-classical-meters-202605120838,https://smarticle.tech/ar/article/arabic-prosody-arud-and-the-sixteen-classical-meters-202605120838,Arabic Prosody,Madkhal riyāḍī ilá ʻarūḍ al-shiʻr al-ʻArabī,https://openlibrary.org/works/OL11109945W,Madkhal riyāḍī ilá ʻarūḍ al-shiʻr al-ʻArabī. by Aḥmad Mustajīr. (1987). — A. Mustajīr,Madkhal riyāḍī ilá ʻarūḍ al-shiʻr al-ʻArabī. بقلم Aḥmad Mustajīr. (1987). — A. Mustajīr
Arabic Prosody (Arud) and the Sixteen Classical Meters,العروض (Arud) والستة عشر بحورًا كلاسيكية,https://smarticle.tech/en/article/arabic-prosody-arud-and-the-sixteen-classical-meters-202605120838,https://smarticle.tech/ar/article/arabic-prosody-arud-and-the-sixteen-classical-meters-202605120838,Arabic Prosody,Madkhal riyāḍī ilá ʻarūḍ al-shiʻr al-ʻArabī,https://openlibrary.org/works/OL5088391W,Madkhal riyāḍī ilá ʻarūḍ al-shiʻr al-ʻArabī. by Aḥmad Mustajīr. (1987). — A. Mustajīr,Madkhal riyāḍī ilá ʻarūḍ al-shiʻr al-ʻArabī. بقلم Aḥmad Mustajīr. (1987). — A. Mustajīr
Arabic Prosody (Arud) and the Sixteen Classical Meters,العروض (Arud) والستة عشر بحورًا كلاسيكية,https://smarticle.tech/en/article/arabic-prosody-arud-and-the-sixteen-classical-meters-202605120838,https://smarticle.tech/ar/article/arabic-prosody-arud-and-the-sixteen-classical-meters-202605120838,Arabic Prosody,"Review: Classical Arabic Verse, History and Theory of 'Arud * Dmitry Frolov: Classical Arabic Verse, History and Theory of 'Arud",https://doi.org/10.1093/jis/13.1.72,"Carter, M. G. ""Review: Classical Arabic Verse, History and Theory of 'Arud"". *Journal of Islamic Studies*, 2002.","كارتر، م. ج. ""مراجعة: الشعر العربي الكلاسيكي، تاريخ ونظرية العروض"". *مجلة الدراسات الإسلامية*، 2002."
Arabic Prosody (Arud) and the Sixteen Classical Meters,العروض (Arud) والستة عشر بحورًا كلاسيكية,https://smarticle.tech/en/article/arabic-prosody-arud-and-the-sixteen-classical-meters-202605120838,https://smarticle.tech/ar/article/arabic-prosody-arud-and-the-sixteen-classical-meters-202605120838,Arabic Prosody,Further Remarks On the Modified 'Arud of Arabic Stanzaic Poetry (Andalusi and Non-Andalusi),https://doi.org/10.1163/157006492x00286,"Corriente, F. ""Further Remarks On the Modified 'Arud of Arabic Stanzaic Poetry (Andalusi and Non-Andalusi)"". crossref, 1997.","كوريانتي، ف. ""ملاحظات إضافية حول العروض المعدل للشعر العربي ذي الأبيات (الأندلسي وغير الأندلسي)"". *كروسرف*، 1997."
Arabic Prosody (Arud) and the Sixteen Classical Meters,العروض (Arud) والستة عشر بحورًا كلاسيكية,https://smarticle.tech/en/article/arabic-prosody-arud-and-the-sixteen-classical-meters-202605120838,https://smarticle.tech/ar/article/arabic-prosody-arud-and-the-sixteen-classical-meters-202605120838,Arabic Prosody,11. Other Meters and Rhythms,https://doi.org/10.1515/9781400875924-012,"11. Other Meters and Rhythms"". *crossref*, 1965.","""الأوزان والإيقاعات الأخرى"". *كروسرف*، 1965."
Arabic Prosody (Arud) and the Sixteen Classical Meters,العروض (Arud) والستة عشر بحورًا كلاسيكية,https://smarticle.tech/en/article/arabic-prosody-arud-and-the-sixteen-classical-meters-202605120838,https://smarticle.tech/ar/article/arabic-prosody-arud-and-the-sixteen-classical-meters-202605120838,Arabic Prosody,Arabic poetry in the post-classical age,https://doi.org/10.1017/chol9780521771603.003,"Salma Khadra Jayyusi. ""Arabic poetry in the post-classical age"". crossref, 2006.","سلمى خضراء الجيوسي. ""الشعر العربي في العصر ما بعد الكلاسيكي"". *كروسرف*، 2006."
Arabic Prosody (Arud) and the Sixteen Classical Meters,العروض (Arud) والستة عشر بحورًا كلاسيكية,https://smarticle.tech/en/article/arabic-prosody-arud-and-the-sixteen-classical-meters-202605120838,https://smarticle.tech/ar/article/arabic-prosody-arud-and-the-sixteen-classical-meters-202605120838,Arabic Prosody,"Description of Architecture in Classical Arabic Poetry from the Perspective of Interarts Studies
                     1",https://doi.org/10.4324/9781003096955-3,"Sumi, Akiko. ""Description of Architecture in Classical Arabic Poetry from the Perspective of Interarts Studies"". crossref, 2023.","سومي، أكيكو. ""وصف العمارة في الشعر العربي الكلاسيكي من منظور دراسات الفنون البينية"". *كروسرف*، 2023."
"Arabic Orthography: Script Conventions, Hamza Rules, and Spelling Standards",الإملاء العربي: قواعد الخط، قواعد الهمزة، ومعايير الإملاء.,https://smarticle.tech/en/article/arabic-orthography-script-conventions-hamza-rules-and-spelling-standards-202605120844,https://smarticle.tech/ar/article/arabic-orthography-script-conventions-hamza-rules-and-spelling-standards-202605120844,Arabic Spelling,Syllabaire de la langue arabe,https://openlibrary.org/works/OL10946563W,Syllabaire de la langue arabe. by Octave Victor Houdas. (1889). — Maisonneuve et C. Leclerc,Syllabaire de la langue arabe. بقلم Octave Victor Houdas. (1889). — Maisonneuve et C. Leclerc
"Arabic Orthography: Script Conventions, Hamza Rules, and Spelling Standards",الإملاء العربي: قواعد الخط، قواعد الهمزة، ومعايير الإملاء.,https://smarticle.tech/en/article/arabic-orthography-script-conventions-hamza-rules-and-spelling-standards-202605120844,https://smarticle.tech/ar/article/arabic-orthography-script-conventions-hamza-rules-and-spelling-standards-202605120844,Arabic Spelling,Introduction to Qurʼanic script,https://openlibrary.org/works/OL5466637W,Introduction to Qurʼanic script. by Syed Barakat Ahmad. (1984). — Curzon Press. ISBN: 9780333907351,Introduction to Qurʼanic script. بقلم Syed Barakat Ahmad. (1984). — Curzon Press. ردمك: 9780333907351
"Arabic Orthography: Script Conventions, Hamza Rules, and Spelling Standards",الإملاء العربي: قواعد الخط، قواعد الهمزة، ومعايير الإملاء.,https://smarticle.tech/en/article/arabic-orthography-script-conventions-hamza-rules-and-spelling-standards-202605120844,https://smarticle.tech/ar/article/arabic-orthography-script-conventions-hamza-rules-and-spelling-standards-202605120844,Arabic Spelling,al- Lughah al-ʻArabīyah,https://openlibrary.org/works/OL13078218W,al- Lughah al-ʻArabīyah. by Ḥasan Nawfal. (2000). — al-Yāzūrī,al- Lughah al-ʻArabīyah. بقلم Ḥasan Nawfal. (2000). — al-Yāzūrī
"Arabic Orthography: Script Conventions, Hamza Rules, and Spelling Standards",الإملاء العربي: قواعد الخط، قواعد الهمزة، ومعايير الإملاء.,https://smarticle.tech/en/article/arabic-orthography-script-conventions-hamza-rules-and-spelling-standards-202605120844,https://smarticle.tech/ar/article/arabic-orthography-script-conventions-hamza-rules-and-spelling-standards-202605120844,Arabic Spelling,al-Qirāʾah wa-al-maḥfūẓāt wa-al-taʻbīr,https://openlibrary.org/works/OL42861661W,"al-Qirāʾah wa-al-maḥfūẓāt wa-al-taʻbīr. by Mīlād Manṣūr ʻAlī, ʻAbd al-Majīd Muḥammad Zukrī, al-ʻArabī Aḥmad Jumʻah. (2000). — al-Jamāhīrīyah al-ʻArabīyah al-Lībīyah al- Shaʻbīyah al-Ishtirākīyah al-ʻUẓmá, al-Lajnah al-Shaʻbīyah al-ʻĀmmah, Maṣlaḥat al-Wasāʾil al-Mustalzamāt","al-Qirāʾah wa-al-maḥfūẓāt wa-al-taʻbīr. بقلم Mīlād Manṣūr ʻAlī، ʻAbd al-Majīd Muḥammad Zukrī، al-ʻArabī Aḥmad Jumʻah. (2000). — al-Jamāhīrīyah al-ʻArabīyah al-Lībīyah al- Shaʻbīyah al-Ishtirākīyah al-ʻUẓmá, al-Lajnah al-Shaʻbīyah al-ʻĀmmah, Maṣlaḥat al-Wasāʾil al-Mustalzamāt"
"Arabic Orthography: Script Conventions, Hamza Rules, and Spelling Standards",الإملاء العربي: قواعد الخط، قواعد الهمزة، ومعايير الإملاء.,https://smarticle.tech/en/article/arabic-orthography-script-conventions-hamza-rules-and-spelling-standards-202605120844,https://smarticle.tech/ar/article/arabic-orthography-script-conventions-hamza-rules-and-spelling-standards-202605120844,Arabic Spelling,Fann al-tarqīm fī al-ʻArabīyah,https://openlibrary.org/works/OL11144546W,Fann al-tarqīm fī al-ʻArabīyah. by ʻAbd al-Fattāḥ Aḥmad Ḥamūz. (1991). — Dār ʻAmmār,Fann al-tarqīm fī al-ʻArabīyah. بقلم ʻAbd al-Fattāḥ Aḥmad Ḥamūz. (1991). — Dār ʻAmmār
"Arabic Orthography: Script Conventions, Hamza Rules, and Spelling Standards",الإملاء العربي: قواعد الخط، قواعد الهمزة، ومعايير الإملاء.,https://smarticle.tech/en/article/arabic-orthography-script-conventions-hamza-rules-and-spelling-standards-202605120844,https://smarticle.tech/ar/article/arabic-orthography-script-conventions-hamza-rules-and-spelling-standards-202605120844,Arabic Spelling,Akhbār al-muṣaḥḥifīn,https://openlibrary.org/works/OL15272718W,Akhbār al-muṣaḥḥifīn. by al-Ḥasan ibn ʻAbd Allāh ʻAskarī. (1986). — ʻĀlam al-Kutub,Akhbār al-muṣaḥḥifīn. بقلم al-Ḥasan ibn ʻAbd Allāh ʻAskarī. (1986). — ʻĀlam al-Kutub
"Arabic Orthography: Script Conventions, Hamza Rules, and Spelling Standards",الإملاء العربي: قواعد الخط، قواعد الهمزة، ومعايير الإملاء.,https://smarticle.tech/en/article/arabic-orthography-script-conventions-hamza-rules-and-spelling-standards-202605120844,https://smarticle.tech/ar/article/arabic-orthography-script-conventions-hamza-rules-and-spelling-standards-202605120844,Arabic Spelling,al- Tarqīm wa-ʻalāmātuhu fī al-lughah al-ʻArabīyah,https://openlibrary.org/works/OL12388087W,al- Tarqīm wa-ʻalāmātuhu fī al-lughah al-ʻArabīyah. by Aḥmad Zakī. (1988). — Maktabat al-Tawʻīyah al-Islāmīyah li-Iḥyāʼ al-Turāth al-Islāmī,al- Tarqīm wa-ʻalāmātuhu fī al-lughah al-ʻArabīyah. بقلم Aḥmad Zakī. (1988). — Maktabat al-Tawʻīyah al-Islāmīyah li-Iḥyāʼ al-Turāth al-Islāmī
The Historical Development of Arabic Script from Nabataean to Modern Form,التطور التاريخي للخط العربي من النبطية إلى الشكل الحديث.,https://smarticle.tech/en/article/the-historical-development-of-arabic-script-from-nabataean-to-modern-form-202605120851,https://smarticle.tech/ar/article/the-historical-development-of-arabic-script-from-nabataean-to-modern-form-202605120851,Arabic Spelling,DeArabizing Arabia: Tracing Western Scholarship on the History of the Arabs and Arabic Language and Script,https://openlibrary.org/works/OL16794808W,DeArabizing Arabia: Tracing Western Scholarship on the History of the Arabs and Arabic Language and Script. by Saad D. Abulhab. (2011). — Blautopf Publishing. ISBN: 9780984984305,DeArabizing Arabia: Tracing Western Scholarship on the History of the Arabs and Arabic Language and Script. بقلم Saad D. Abulhab. (2011). — Blautopf Publishing. ردمك: 9780984984305
The Historical Development of Arabic Script from Nabataean to Modern Form,التطور التاريخي للخط العربي من النبطية إلى الشكل الحديث.,https://smarticle.tech/en/article/the-historical-development-of-arabic-script-from-nabataean-to-modern-form-202605120851,https://smarticle.tech/ar/article/the-historical-development-of-arabic-script-from-nabataean-to-modern-form-202605120851,Arabic Spelling,Nabataean to Arabic: calligraphy and script development among the pre-Islamic Arabs,https://doi.org/10.4324/9781003420675-3,"Healey, John. ""Nabataean to Arabic: calligraphy and script development among the pre-Islamic Arabs"". crossref, 2023.","هيلي، جون. ""من النبطية إلى العربية: فن الخط وتطور الكتابة بين العرب قبل الإسلام"". *كروسريف*، 2023."
The Historical Development of Arabic Script from Nabataean to Modern Form,التطور التاريخي للخط العربي من النبطية إلى الشكل الحديث.,https://smarticle.tech/en/article/the-historical-development-of-arabic-script-from-nabataean-to-modern-form-202605120851,https://smarticle.tech/ar/article/the-historical-development-of-arabic-script-from-nabataean-to-modern-form-202605120851,Arabic Spelling,List of the Arabic Words Appearing in Nabataean and Aramaic Legal Documents from the Judaean Desert,https://doi.org/10.71043/sci.v33i.2705,"Yardeni, Ada. ""List of the Arabic Words Appearing in Nabataean and Aramaic Legal Documents from the Judaean Desert"". *crossref*, 2020.","يارديني، آدا. ""قائمة الكلمات العربية الظاهرة في الوثائق القانونية النبطية والآرامية من برية يهودا"". *كروسريف*، 2020."
The Historical Development of Arabic Script from Nabataean to Modern Form,التطور التاريخي للخط العربي من النبطية إلى الشكل الحديث.,https://smarticle.tech/en/article/the-historical-development-of-arabic-script-from-nabataean-to-modern-form-202605120851,https://smarticle.tech/ar/article/the-historical-development-of-arabic-script-from-nabataean-to-modern-form-202605120851,Arabic Spelling,What can Nabataean Aramaic tell us about Pre‐Islamic Arabic?,https://doi.org/10.1111/aae.12234,"Suchard, Benjamin D. ""What can Nabataean Aramaic tell us about Pre‐Islamic Arabic?"". *crossref*, 2023.","سوتشارد، بنيامين د. ""ماذا يمكن أن تخبرنا الآرامية النبطية عن العربية قبل الإسلام؟"". *كروسريف*، 2023."
The Historical Development of Arabic Script from Nabataean to Modern Form,التطور التاريخي للخط العربي من النبطية إلى الشكل الحديث.,https://smarticle.tech/en/article/the-historical-development-of-arabic-script-from-nabataean-to-modern-form-202605120851,https://smarticle.tech/ar/article/the-historical-development-of-arabic-script-from-nabataean-to-modern-form-202605120851,Arabic Spelling,Aramaic or Arabic? The Nabataeo-Arabic Script and the Language of the Inscriptions Written in This Script,https://doi.org/10.1163/9789004343047_005,"Nehmé, Laïla. ""Aramaic or Arabic? The Nabataeo-Arabic Script and the Language of the Inscriptions Written in This Script"". *crossref*, 2017.","نهمي، ليلى. ""آرامية أم عربية؟ الخط النبطي العربي ولغة النقوش المكتوبة بهذا الخط"". *كروسريف*، 2017."
The Historical Development of Arabic Script from Nabataean to Modern Form,التطور التاريخي للخط العربي من النبطية إلى الشكل الحديث.,https://smarticle.tech/en/article/the-historical-development-of-arabic-script-from-nabataean-to-modern-form-202605120851,https://smarticle.tech/ar/article/the-historical-development-of-arabic-script-from-nabataean-to-modern-form-202605120851,Arabic Spelling,Corpus of Nabataean Aramaic-Greek Inscriptions,https://doi.org/10.30687/978-88-6969-507-0,"Giuseppe Petrantoni. ""Corpus of Nabataean Aramaic-Greek Inscriptions"". crossref, 2021.","بيترانتوني، جوزيبي. ""مجموعة نقوش آرامية-إغريقية النبطية"". *كروسريف*، 2021."
Geographic Distribution and Classification of Arabic Dialects,التوزيع الجغرافي وتصنيف لهجات العربية,https://smarticle.tech/en/article/geographic-distribution-and-classification-of-arabic-dialects-202605120857,https://smarticle.tech/ar/article/geographic-distribution-and-classification-of-arabic-dialects-202605120857,Arabic Dialects,Indigenous Races of the Earth,https://books.google.com/books,"Indigenous Races of the Earth. by Josiah Clark Nott, George Robins Gliddon, Louis-Ferdinand-Alfred Maury. (1857)",Indigenous Races of the Earth. بقلم Josiah Clark Nott، George Robins Gliddon، Louis-Ferdinand-Alfred Maury. (1857)
Geographic Distribution and Classification of Arabic Dialects,التوزيع الجغرافي وتصنيف لهجات العربية,https://smarticle.tech/en/article/geographic-distribution-and-classification-of-arabic-dialects-202605120857,https://smarticle.tech/ar/article/geographic-distribution-and-classification-of-arabic-dialects-202605120857,Arabic Dialects,An introduction to Egyptian colloquial Arabic,https://openlibrary.org/works/OL4627346W,An introduction to Egyptian colloquial Arabic. by T. F. Mitchell. (1956). — Clarendon Press. ISBN: 0198151497,An introduction to Egyptian colloquial Arabic. بقلم T. F. Mitchell. (1956). — Clarendon Press. ردمك: 0198151497
Geographic Distribution and Classification of Arabic Dialects,التوزيع الجغرافي وتصنيف لهجات العربية,https://smarticle.tech/en/article/geographic-distribution-and-classification-of-arabic-dialects-202605120857,https://smarticle.tech/ar/article/geographic-distribution-and-classification-of-arabic-dialects-202605120857,Arabic Dialects,"The Classification of Arabic Dialects: Traditional Approaches, New Proposals, and Methodological Problems",https://doi.org/10.3390/books978-3-0365-6140-0,"Versteegh, Kees. ""The Classification of Arabic Dialects: Traditional Approaches, New Proposals, and Methodological Problems"". Crossref, 2022.","فيرستيغ، كيس. ""تصنيف اللهجات العربية: المناهج التقليدية، المقترحات الجديدة، والمشكلات المنهجية"". كروسريف، 2022."
Geographic Distribution and Classification of Arabic Dialects,التوزيع الجغرافي وتصنيف لهجات العربية,https://smarticle.tech/en/article/geographic-distribution-and-classification-of-arabic-dialects-202605120857,https://smarticle.tech/ar/article/geographic-distribution-and-classification-of-arabic-dialects-202605120857,Arabic Dialects,Arabic Dialectology,https://doi.org/10.1093/oxfordhb/9780199764136.013.0013,"Behnstedt, Peter and Manfred Woidich. ""Arabic Dialectology"". *Oxford Handbook of Arabic Linguistics*, 2013.","بهنشتد، بيتر ومانفريد فايديش. ""لهجاتية العربية"". *دليل أكسفورد في اللغويات العربية*، 2013."
Geographic Distribution and Classification of Arabic Dialects,التوزيع الجغرافي وتصنيف لهجات العربية,https://smarticle.tech/en/article/geographic-distribution-and-classification-of-arabic-dialects-202605120857,https://smarticle.tech/ar/article/geographic-distribution-and-classification-of-arabic-dialects-202605120857,Arabic Dialects,The Maghrebi dialects of Arabic,https://doi.org/10.1093/oso/9780198701378.003.0002,"Jordi Aguadé. ""The Maghrebi dialects of Arabic"". crossref, 2018.","جوردي أغاد. ""اللهجات المغاربية من العربية"". كروسريف، 2018."
Geographic Distribution and Classification of Arabic Dialects,التوزيع الجغرافي وتصنيف لهجات العربية,https://smarticle.tech/en/article/geographic-distribution-and-classification-of-arabic-dialects-202605120857,https://smarticle.tech/ar/article/geographic-distribution-and-classification-of-arabic-dialects-202605120857,Arabic Dialects,South Arabian and Arabic dialects,https://doi.org/10.1093/oso/9780198701378.003.0011,"Watson, Janet. ""South Arabian and Arabic dialects"". crossref, 2018.","جانيت واتسون. ""اللهجات العربية الجنوبية واللهجات العربية"". كروسريف، 2018."
Geographic Distribution and Classification of Arabic Dialects,التوزيع الجغرافي وتصنيف لهجات العربية,https://smarticle.tech/en/article/geographic-distribution-and-classification-of-arabic-dialects-202605120857,https://smarticle.tech/ar/article/geographic-distribution-and-classification-of-arabic-dialects-202605120857,Arabic Dialects,The Arabic dialects of the Gulf,https://doi.org/10.1093/oso/9780198701378.003.0005,"Clive Holes. ""The Arabic dialects of the Gulf"". crossref, 2018.","كلايف هولز. ""اللهجات العربية للخليج"". كروسريف، 2018."
Geographic Distribution and Classification of Arabic Dialects,التوزيع الجغرافي وتصنيف لهجات العربية,https://smarticle.tech/en/article/geographic-distribution-and-classification-of-arabic-dialects-202605120857,https://smarticle.tech/ar/article/geographic-distribution-and-classification-of-arabic-dialects-202605120857,Arabic Dialects,Arabic Historical Dialectology,https://doi.org/10.1093/oso/9780198701378.001.0001,"Oxford University Press. ""Arabic Historical Dialectology"". *Oxford Research Encyclopedias*, 2018.","دار نشر جامعة أكسفورد. ""لهجاتية العربية التاريخية"". *موسوعات أبحاث أكسفورد*، 2018."
"Levantine Arabic: Phonological Features, Vocabulary, and Historical Development",العربية الشامية: الخصائص الفونولوجية، المفردات، والتطور التاريخي.,https://smarticle.tech/en/article/levantine-arabic-phonological-features-vocabulary-and-historical-developmen-202605120906,https://smarticle.tech/ar/article/levantine-arabic-phonological-features-vocabulary-and-historical-developmen-202605120906,Arabic Dialects,Apocrypha Syriaca,https://archive.org/details/apocryphasyriaca00lewiuoft,Apocrypha Syriaca. by Unknown Author. (1902). — Clay,Apocrypha Syriaca. بقلم مؤلف غير معروف. (1902). — Clay
"Levantine Arabic: Phonological Features, Vocabulary, and Historical Development",العربية الشامية: الخصائص الفونولوجية، المفردات، والتطور التاريخي.,https://smarticle.tech/en/article/levantine-arabic-phonological-features-vocabulary-and-historical-developmen-202605120906,https://smarticle.tech/ar/article/levantine-arabic-phonological-features-vocabulary-and-historical-developmen-202605120906,Arabic Dialects,Levantine & Egyptian Arabic : comparative study,https://openlibrary.org/works/OL11308185W,"Levantine & Egyptian Arabic : comparative study. by Margaret K Omar. (1976). — U.S. Dept. of State, Foreign Service Institute : for sale by the Supt. of Docs., U.S. Govt. Print. Off.","Levantine & Egyptian Arabic : comparative study. بقلم Margaret K Omar. (1976). — U.S. Dept. of State, Foreign Service Institute : for sale by the Supt. of Docs., U.S. Govt. Print. Off."
"Levantine Arabic: Phonological Features, Vocabulary, and Historical Development",العربية الشامية: الخصائص الفونولوجية، المفردات، والتطور التاريخي.,https://smarticle.tech/en/article/levantine-arabic-phonological-features-vocabulary-and-historical-developmen-202605120906,https://smarticle.tech/ar/article/levantine-arabic-phonological-features-vocabulary-and-historical-developmen-202605120906,Arabic Dialects,"Levantine Arabic, introduction to pronunciation",https://openlibrary.org/works/OL11784347W,"Levantine Arabic, introduction to pronunciation. by James A. Snow. (1971). — Foreign Service Institute","Levantine Arabic, introduction to pronunciation. بقلم James A. Snow. (1971). — Foreign Service Institute"
"Levantine Arabic: Phonological Features, Vocabulary, and Historical Development",العربية الشامية: الخصائص الفونولوجية، المفردات، والتطور التاريخي.,https://smarticle.tech/en/article/levantine-arabic-phonological-features-vocabulary-and-historical-developmen-202605120906,https://smarticle.tech/ar/article/levantine-arabic-phonological-features-vocabulary-and-historical-developmen-202605120906,Arabic Dialects,Levantine Arabic,https://openlibrary.org/works/OL11773722W,"Levantine Arabic. by Foreign Service Institute (U.S.).. (1971). — Dept. of State, [For sale by the Supt. of Docs., U.S. Govt. Print. Off.]","Levantine Arabic. بقلم Foreign Service Institute (U.S.).. (1971). — Dept. of State, [For sale by the Supt. of Docs., U.S. Govt. Print. Off.]"
"Levantine Arabic: Phonological Features, Vocabulary, and Historical Development",العربية الشامية: الخصائص الفونولوجية، المفردات، والتطور التاريخي.,https://smarticle.tech/en/article/levantine-arabic-phonological-features-vocabulary-and-historical-developmen-202605120906,https://smarticle.tech/ar/article/levantine-arabic-phonological-features-vocabulary-and-historical-developmen-202605120906,Arabic Dialects,Colloquial Arabic (Levantine),https://archive.org/details/colloquialarabic00mclo,Colloquial Arabic (Levantine). by Leslie J. McLoughlin. (1982). — Taylor & Francis Inc. ISBN: 9780710006684,Colloquial Arabic (Levantine). بقلم Leslie J. McLoughlin. (1982). — Taylor & Francis Inc. ردمك: 9780710006684
"Levantine Arabic: Phonological Features, Vocabulary, and Historical Development",العربية الشامية: الخصائص الفونولوجية، المفردات، والتطور التاريخي.,https://smarticle.tech/en/article/levantine-arabic-phonological-features-vocabulary-and-historical-developmen-202605120906,https://smarticle.tech/ar/article/levantine-arabic-phonological-features-vocabulary-and-historical-developmen-202605120906,Arabic Dialects,Levantine Arabic for non-natives,https://archive.org/details/levantinearabicf00huss,Levantine Arabic for non-natives. by Lutfi Hussein. (1993). — Yale University Press. ISBN: 9780300056334,Levantine Arabic for non-natives. بقلم Lutfi Hussein. (1993). — Yale University Press. ردمك: 9780300056334
"Levantine Arabic: Phonological Features, Vocabulary, and Historical Development",العربية الشامية: الخصائص الفونولوجية، المفردات، والتطور التاريخي.,https://smarticle.tech/en/article/levantine-arabic-phonological-features-vocabulary-and-historical-developmen-202605120906,https://smarticle.tech/ar/article/levantine-arabic-phonological-features-vocabulary-and-historical-developmen-202605120906,Arabic Dialects,The Sociopragmatics of Attitude Datives in Levantine Arabic,https://doi.org/10.3366/edinburgh/9781474434072.001.0001,"Haddad, Youssef A. ""The Sociopragmatics of Attitude Datives in Levantine Arabic"". Edinburgh, 2018.","حدّاد، يوسف أ. ""السيماغمatics الاجتماعية لمفعولي المواقف في العربية الشامية"". أدنبرة، 2018."
"Levantine Arabic: Phonological Features, Vocabulary, and Historical Development",العربية الشامية: الخصائص الفونولوجية، المفردات، والتطور التاريخي.,https://smarticle.tech/en/article/levantine-arabic-phonological-features-vocabulary-and-historical-developmen-202605120906,https://smarticle.tech/ar/article/levantine-arabic-phonological-features-vocabulary-and-historical-developmen-202605120906,Arabic Dialects,Interrogation and negation with <i>ši</i> in North African and Levantine Arabic,https://doi.org/10.1093/acprof:oso/9780198718123.003.0005,"David Wilmsen. ""Interrogation and negation with <i>ši</i> in North African and Levantine Arabic"". crossref, 2014.","ديفيد ويلمسن. ""الاستفهام والنفي مع <i>شي</i> في العربية الشمالية الإفريقية والشامية"". كروسريف، 2014."
Kumzari Language Contact Dynamics with Arabic in Persian Gulf,ديناميات التلامس اللغوي للكمزاري مع العربية في الخليج الفارسي.,https://smarticle.tech/en/article/kumzari-language-contact-dynamics-with-arabic-in-persian-gulf-202605281044,https://smarticle.tech/ar/article/kumzari-language-contact-dynamics-with-arabic-in-persian-gulf-202605281044,Sociolinguistics,FROM THE HISTORY OF THE STUDY OF MULTILINGUALISM AMONG QUMZARI SPEAKERS IN THE PERSIAN GULF,https://journals.udsu.ru/multilingualism/article/view/8977/7606,"FROM THE HISTORY OF THE STUDY OF MULTILINGUALISM AMONG QUMZARI SPEAKERS IN THE PERSIAN GULF. ""From the History of the Study of Multilingualism Among Qumzari Speakers in the Persian Gulf"". *doaj*, 2023.","من تاريخ دراسة التعدد اللغوي بين الناطقين باللغة القُمزارية في الخليج الفارسي. ""من تاريخ دراسة التعدد اللغوي بين الناطقين باللغة القُمزارية في الخليج الفارسي"". *دويج*، 2023."
Kumzari Language Contact Dynamics with Arabic in Persian Gulf,ديناميات التلامس اللغوي للكمزاري مع العربية في الخليج الفارسي.,https://smarticle.tech/en/article/kumzari-language-contact-dynamics-with-arabic-in-persian-gulf-202605281044,https://smarticle.tech/ar/article/kumzari-language-contact-dynamics-with-arabic-in-persian-gulf-202605281044,Sociolinguistics,Linguistic competence of Persian heritage versus second language speakers,https://doi.org/10.4324/9780429446221-5,"Linguistic competence of Persian heritage versus second language speakers"".",الكفاءة اللغوية للناطقين بالفارسية كلغة تراث مقابل الناطقين بها كلغة ثانية.
Garces Model for Evaluating Persian Sufi Translation Quality,نموذج جاريس لتقييم جودة ترجمة الصوفي الفارسي,https://smarticle.tech/en/article/garces-model-for-evaluating-persian-sufi-translation-quality-202605281054,https://smarticle.tech/ar/article/garces-model-for-evaluating-persian-sufi-translation-quality-202605281054,Persian Language,Criticism of the Translation of the Mantiq Al-Tair by Badi’ Mohammad Jomeh Based on Garces Theory,https://doi.org/10.22054/rctall.2024.75995.1696,"Criticism of the Translation of the Mantiq Al-Tair by Badi’ Mohammad Jomeh Based on Garces Theory. ""Criticism of the Translation of the Mantiq Al-Tair by Badi’ Mohammad Jomeh Based on Garces Theory"". doaj, 2023.","نقد ترجمة ""منطق الطير"" لبديع محمد جمعة بناءً على نظرية غارس"
Garces Model for Evaluating Persian Sufi Translation Quality,نموذج جاريس لتقييم جودة ترجمة الصوفي الفارسي,https://smarticle.tech/en/article/garces-model-for-evaluating-persian-sufi-translation-quality-202605281054,https://smarticle.tech/ar/article/garces-model-for-evaluating-persian-sufi-translation-quality-202605281054,Persian Language,Hermeneutic approach to the French translation of some mystical words of Mantiq al-Tair of Attar ( A Study of Omberto Eco),https://doi.org/10.22051/jlr.2021.32706.1909,Hermeneutic approach to the French translation of some mystical words of Mantiq al-Tair of Attar ( A Study of Omberto Eco).,"المنهج التأويلي لترجمة بعض المصطلحات الصوفية في ""منطق الطير"" للطير (دراسة لأومبيرتو إيكو)"
Problem-Based Learning Boosts Arabic Syntax Mastery by 30 Percent,التعلم القائم على المشكلات يعزز إتقان النحو العربي بنسبة 30 ٪.,https://smarticle.tech/en/article/problem-based-learning-boosts-arabic-syntax-mastery-by-30-percent-202605281103,https://smarticle.tech/ar/article/problem-based-learning-boosts-arabic-syntax-mastery-by-30-percent-202605281103,Arabic Grammar,From Tradition to Transformation: Addressing Challenges and Trends in Arabic Syntax Mastery via Problem-Based Learning,https://doi.org/10.38073/lughawiyyat.v8i1.2329,"Lughawiyyat. ""From Tradition to Transformation: Addressing Challenges and Trends in Arabic Syntax Mastery via Problem-Based Learning"". doaj, 2025.","Lughawiyyat. ""From Tradition to Transformation: Addressing Challenges and Trends in Arabic Syntax Mastery via Problem-Based Learning"". doaj, 2025."
Problem-Based Learning Boosts Arabic Syntax Mastery by 30 Percent,التعلم القائم على المشكلات يعزز إتقان النحو العربي بنسبة 30 ٪.,https://smarticle.tech/en/article/problem-based-learning-boosts-arabic-syntax-mastery-by-30-percent-202605281103,https://smarticle.tech/ar/article/problem-based-learning-boosts-arabic-syntax-mastery-by-30-percent-202605281103,Arabic Grammar,The Syntax-Semantics Interface Of Copular Constructions: Evidence From Standard Arabic,https://doi.org/10.18860/ijazarabi.v8i2.31782,"The Syntax-Semantics Interface Of Copular Constructions: Evidence From Standard Arabic"".","The Syntax-Semantics Interface Of Copular Constructions: Evidence From Standard Arabic""."
Problem-Based Learning Boosts Arabic Syntax Mastery by 30 Percent,التعلم القائم على المشكلات يعزز إتقان النحو العربي بنسبة 30 ٪.,https://smarticle.tech/en/article/problem-based-learning-boosts-arabic-syntax-mastery-by-30-percent-202605281103,https://smarticle.tech/ar/article/problem-based-learning-boosts-arabic-syntax-mastery-by-30-percent-202605281103,Arabic Grammar,Implementing Problem based Learning Method in Teaching Arabic Syntax,https://doi.org/10.5220/0009913806480651,Implementing Problem based Learning Method in Teaching Arabic Syntax.,Implementing Problem based Learning Method in Teaching Arabic Syntax.
Problem-Based Learning Boosts Arabic Syntax Mastery by 30 Percent,التعلم القائم على المشكلات يعزز إتقان النحو العربي بنسبة 30 ٪.,https://smarticle.tech/en/article/problem-based-learning-boosts-arabic-syntax-mastery-by-30-percent-202605281103,https://smarticle.tech/ar/article/problem-based-learning-boosts-arabic-syntax-mastery-by-30-percent-202605281103,Arabic Grammar,Sībawayhi's Kitāb: an Enunciative Approach to Syntax,https://doi.org/10.4324/9781315512778-10,"Sībawayhi's Kitāb: an Enunciative Approach to Syntax"".","Sībawayhi's Kitāb: an Enunciative Approach to Syntax""."
Problem-Based Learning Boosts Arabic Syntax Mastery by 30 Percent,التعلم القائم على المشكلات يعزز إتقان النحو العربي بنسبة 30 ٪.,https://smarticle.tech/en/article/problem-based-learning-boosts-arabic-syntax-mastery-by-30-percent-202605281103,https://smarticle.tech/ar/article/problem-based-learning-boosts-arabic-syntax-mastery-by-30-percent-202605281103,Arabic Grammar,The Canonical Theory of Grammar: Syntax (Naḥw),https://doi.org/10.4324/9781315512778-11,"The Canonical Theory of Grammar: Syntax (Naḥw)"".","The Canonical Theory of Grammar: Syntax (Naḥw)""."
