Academic Concept (EN),Academic Concept (AR),Concept URL (EN),Concept URL (AR),Subcategory,Reference Title,Reference URL,Citation (EN),Citation (AR)
Software Architecture and Design Patterns,معمارية البرمجيات وأنماط التصميم,https://smarticle.tech/en/article/software-architecture-and-design-patterns-202605121215,https://smarticle.tech/ar/article/software-architecture-and-design-patterns-202605121215,Programming,Patterns,https://archive.org/details/patternsserviceo00redb,Patterns. by IBM Redbooks. (2002). — International Technical Support Organization. ISBN: 9780738495910,Patterns. بقلم IBM Redbooks. (2002). — International Technical Support Organization. ردمك: 9780738495910
Software Architecture and Design Patterns,معمارية البرمجيات وأنماط التصميم,https://smarticle.tech/en/article/software-architecture-and-design-patterns-202605121215,https://smarticle.tech/ar/article/software-architecture-and-design-patterns-202605121215,Programming,Patterns of Enterprise Application Architecture,https://openlibrary.org/works/OL463952W,Patterns of Enterprise Application Architecture. by Martin Fowler. (2002). — Pearsonn. ISBN: 9788131794029,Patterns of Enterprise Application Architecture. بقلم Martin Fowler. (2002). — Pearsonn. ردمك: 9788131794029
Software Architecture and Design Patterns,معمارية البرمجيات وأنماط التصميم,https://smarticle.tech/en/article/software-architecture-and-design-patterns-202605121215,https://smarticle.tech/ar/article/software-architecture-and-design-patterns-202605121215,Programming,Introduction to Software Architecture,https://openlibrary.org/works/OL34029102W,"Introduction to Software Architecture. by Adrian Ostrowski, Piotr Gaczkowski. (2022). — Packt Publishing, Limited. ISBN: 9781837635337","Introduction to Software Architecture. بقلم Adrian Ostrowski، Piotr Gaczkowski. (2022). — Packt Publishing, Limited. ردمك: 9781837635337"
Software Architecture and Design Patterns,معمارية البرمجيات وأنماط التصميم,https://smarticle.tech/en/article/software-architecture-and-design-patterns-202605121215,https://smarticle.tech/ar/article/software-architecture-and-design-patterns-202605121215,Programming,Software modeling and design,https://openlibrary.org/works/OL19902765W,Software modeling and design. by Hassan Gomaa. (2010). — Cambridge University Press. ISBN: 1139040669,Software modeling and design. بقلم Hassan Gomaa. (2010). — Cambridge University Press. ردمك: 1139040669
Software Architecture and Design Patterns,معمارية البرمجيات وأنماط التصميم,https://smarticle.tech/en/article/software-architecture-and-design-patterns-202605121215,https://smarticle.tech/ar/article/software-architecture-and-design-patterns-202605121215,Programming,Software Architecture Design Patterns in Java,https://archive.org/details/softwarearchitec00kuch_302,"Software Architecture Design Patterns in Java. by Partha Kuchana. (2004). — Auerbach Publishers, Incorporated. ISBN: 0203496213","Software Architecture Design Patterns in Java. بقلم Partha Kuchana. (2004). — Auerbach Publishers, Incorporated. ردمك: 0203496213"
Software Architecture and Design Patterns,معمارية البرمجيات وأنماط التصميم,https://smarticle.tech/en/article/software-architecture-and-design-patterns-202605121215,https://smarticle.tech/ar/article/software-architecture-and-design-patterns-202605121215,Programming,EJB design patterns,https://archive.org/details/ejbdesignpattern00mari,"EJB design patterns. by Floyd Marinescu. (2002). — Wiley & Sons, Incorporated, John. ISBN: 0470342498","EJB design patterns. بقلم Floyd Marinescu. (2002). — Wiley & Sons, Incorporated, John. ردمك: 0470342498"
Software Architecture and Design Patterns,معمارية البرمجيات وأنماط التصميم,https://smarticle.tech/en/article/software-architecture-and-design-patterns-202605121215,https://smarticle.tech/ar/article/software-architecture-and-design-patterns-202605121215,Programming,Tool-Based Software Engineering Education for Software Design Patterns and Software Architecture Patterns - a Systematic Literature Review,https://doi.org/10.1145/3593663.3593670,"Eigler, Tobias, Florian Huber, and Georg Hagel. ""Tool-Based Software Engineering Education for Software Design Patterns and Software Architecture Patterns - a Systematic Literature Review"". crossref, 2023.","إيغلر، توبياس، وفلوريان هوبر، وجورج هاغل. ""التعليم القائم على الأدوات لهندسة البرمجيات لأنماط تصميم البرمجيات وأنماط هندسة البرمجيات - مراجعة منهجية للأدب"". كروسريف، 2023."
Software Architecture and Design Patterns,معمارية البرمجيات وأنماط التصميم,https://smarticle.tech/en/article/software-architecture-and-design-patterns-202605121215,https://smarticle.tech/ar/article/software-architecture-and-design-patterns-202605121215,Programming,Frameworks and Patterns for Object Oriented Design,https://doi.org/10.1007/978-1-4471-0961-7_21,"Hunt, John. ""Frameworks and Patterns for Object Oriented Design"". crossref, 1997.","هانت، جون. ""الإطارات والأنماط لتصميم كائني التوجه"". كروسريف، 1997."
Software Architecture and Design Patterns,معمارية البرمجيات وأنماط التصميم,https://smarticle.tech/en/article/software-architecture-and-design-patterns-202605121215,https://smarticle.tech/ar/article/software-architecture-and-design-patterns-202605121215,Programming,Reverse Engineering Low-Level Design Patterns From Object-Oriented Code.,https://doi.org/10.31390/gradschool_disstheses.6163,"Shrivastava, Chandra. ""Reverse Engineering Low-Level Design Patterns From Object-Oriented Code"". crossref, 2021.","شريفاستافا، شاندرا. ""الهندسة العكسية لأنماط التصميم منخفضة المستوى من الكود كائني التوجه"". كروسريف، 2021."
Software Architecture and Design Patterns,معمارية البرمجيات وأنماط التصميم,https://smarticle.tech/en/article/software-architecture-and-design-patterns-202605121215,https://smarticle.tech/ar/article/software-architecture-and-design-patterns-202605121215,Programming,Meta patterns — A means for capturing the essentials of reusable object-oriented design,https://doi.org/10.1007/bfb0052181,"Pree, Wolfgang. ""Meta patterns — A means for capturing the essentials of reusable object-oriented design"". crossref, 1995.","بري، فولفغانغ. ""الأنماط العليا - وسيلة لالتقاط الجوهر في التصميم كائني التوجه القابل لإعادة الاستخدام"". كروسريف، 1995."
"Compiler Design: Lexing, Parsing, and Code Generation",تصميم المترجم: التحليل اللغوي، التحليل النحوي، وتوليد الشيفرة.,https://smarticle.tech/en/article/compiler-design-lexing-parsing-and-code-generation-202605121224,https://smarticle.tech/ar/article/compiler-design-lexing-parsing-and-code-generation-202605121224,Programming,Evaluation of Novel Approaches to Software Engineering,https://openlibrary.org/works/OL19848676W,Evaluation of Novel Approaches to Software Engineering. by Leszek A. Maciaszek. (2011). — Springer International Publishing AG. ISBN: 3642233910,Evaluation of Novel Approaches to Software Engineering. بقلم Leszek A. Maciaszek. (2011). — Springer International Publishing AG. ردمك: 3642233910
"Compiler Design: Lexing, Parsing, and Code Generation",تصميم المترجم: التحليل اللغوي، التحليل النحوي، وتوليد الشيفرة.,https://smarticle.tech/en/article/compiler-design-lexing-parsing-and-code-generation-202605121224,https://smarticle.tech/ar/article/compiler-design-lexing-parsing-and-code-generation-202605121224,Programming,Reachability Problems,https://archive.org/details/reachabilityprob0000rpwo,"Reachability Problems. by Parosh Aziz Abdulla, Igor Potapov. (2010). — Springer London, Limited. ISBN: 9783030002497","Reachability Problems. بقلم Parosh Aziz Abdulla، Igor Potapov. (2010). — Springer London, Limited. ردمك: 9783030002497"
"Compiler Design: Lexing, Parsing, and Code Generation",تصميم المترجم: التحليل اللغوي، التحليل النحوي، وتوليد الشيفرة.,https://smarticle.tech/en/article/compiler-design-lexing-parsing-and-code-generation-202605121224,https://smarticle.tech/ar/article/compiler-design-lexing-parsing-and-code-generation-202605121224,Programming,An Interactive Tutoring System for Learning Language Processing and Compiler Design,https://doi.org/10.1145/3341525.3393969,"Rafael del Vado Vírseda. ""An Interactive Tutoring System for Learning Language Processing and Compiler Design"". semantic_scholar_foundational, 2020.","رافائيل ديل فادو فيرسييدا. ""نظام تعليمي تفاعلي لتعلم معالجة اللغة وتصميم المترجمات"". *semantic_scholar_foundational*، 2020."
"Compiler Design: Lexing, Parsing, and Code Generation",تصميم المترجم: التحليل اللغوي، التحليل النحوي، وتوليد الشيفرة.,https://smarticle.tech/en/article/compiler-design-lexing-parsing-and-code-generation-202605121224,https://smarticle.tech/ar/article/compiler-design-lexing-parsing-and-code-generation-202605121224,Programming,Compiler Design for recognizing different Programming Languages,https://doi.org/10.1109/ICCCNT61001.2024.10724115,"C. Sharma, B. M. Reddy, D. Swetchana, N. Panda. ""Compiler Design for recognizing different Programming Languages"". semantic_scholar_foundational, 2024.","س. شارما، ب. م. ريدي، د. سويتشانا، ن. باندا. ""تصميم المترجمات للتعرف على لغات البرمجة المختلفة"". *semantic_scholar_foundational*، 2024."
"Compiler Design: Lexing, Parsing, and Code Generation",تصميم المترجم: التحليل اللغوي، التحليل النحوي، وتوليد الشيفرة.,https://smarticle.tech/en/article/compiler-design-lexing-parsing-and-code-generation-202605121224,https://smarticle.tech/ar/article/compiler-design-lexing-parsing-and-code-generation-202605121224,Programming,Encouraging Compiler Optimization Practice for Undergraduate Students through Competition,https://doi.org/10.1145/3430665.3456354,"Yu Zhang et al. ""Encouraging Compiler Optimization Practice for Undergraduate Students through Competition"". *semantic_scholar_foundational*, 2021.","يو زانغ وآخرون. ""تشجيع ممارسة تحسين المترجمات لطلاب المرحلة الجامعية من خلال المسابقات"". *semantic_scholar_foundational*، 2021."
"Compiler Design: Lexing, Parsing, and Code Generation",تصميم المترجم: التحليل اللغوي، التحليل النحوي، وتوليد الشيفرة.,https://smarticle.tech/en/article/compiler-design-lexing-parsing-and-code-generation-202605121224,https://smarticle.tech/ar/article/compiler-design-lexing-parsing-and-code-generation-202605121224,Programming,VkFFT and beyond - a platform for runtime GPU code generation,https://doi.org/10.1145/3585341.3585357,"Dmitrii Tolmachev. ""VkFFT and beyond - a platform for runtime GPU code generation"". semantic_scholar_foundational, 2023.","دميتري تولماتشيف. ""VkFFT وما وراءها - منصة لتوليد كود GPU في وقت التشغيل"". *semantic_scholar_foundational*، 2023."
"Compiler Design: Lexing, Parsing, and Code Generation",تصميم المترجم: التحليل اللغوي، التحليل النحوي، وتوليد الشيفرة.,https://smarticle.tech/en/article/compiler-design-lexing-parsing-and-code-generation-202605121224,https://smarticle.tech/ar/article/compiler-design-lexing-parsing-and-code-generation-202605121224,Programming,A Systematic Literature Review of Lexical Analyzer Implementation Techniques in Compiler Design,https://doi.org/10.47992/ijaeml.2581.7000.0087,"V. Pai T., A. Jayanthila Devi, P. S. Aithal. ""A Systematic Literature Review of Lexical Analyzer Implementation Techniques in Compiler Design"". semantic_scholar_foundational, 2020.","ف. باي ت، أ. جايانثيلا ديفي، ب. س. آيثال. ""مراجعة منهجية للأدبيات حول تقنيات تنفيذ محلل المفردات في تصميم المترجمات"". *semantic_scholar_foundational*، 2020."
"Compiler Design: Lexing, Parsing, and Code Generation",تصميم المترجم: التحليل اللغوي، التحليل النحوي، وتوليد الشيفرة.,https://smarticle.tech/en/article/compiler-design-lexing-parsing-and-code-generation-202605121224,https://smarticle.tech/ar/article/compiler-design-lexing-parsing-and-code-generation-202605121224,Programming,The New Compiler Stack: A Survey on the Synergy of LLMs and Compilers,https://arxiv.org/abs/2601.02045,"Shuoming Zhang, Jiacheng Zhao, Qiucheng Yu, et al. ""The New Compiler Stack: A Survey on the Synergy of LLMs and Compilers"". semantic_scholar_foundational, 2026.","شومينغ زانغ، جياتشنغ زاو، تشيوشنغ يو، وآخرون. ""المكدس الجديد للمترجمات: دراسة استقصائية حول التآزر بين نماذج اللغة الكبيرة والمترجمات"". *semantic_scholar_foundational*، 2026."
"Compiler Design: Lexing, Parsing, and Code Generation",تصميم المترجم: التحليل اللغوي، التحليل النحوي، وتوليد الشيفرة.,https://smarticle.tech/en/article/compiler-design-lexing-parsing-and-code-generation-202605121224,https://smarticle.tech/ar/article/compiler-design-lexing-parsing-and-code-generation-202605121224,Programming,DESIGN OF A TRAINING COMPILER FOR INCREASING THE EFFICIENCY OF LANGUAGE PROCESSORS LEARNING,https://doi.org/10.12753/2066-026x-21-077,"Dimitar Z. Dimitrov, I. Penev. ""DESIGN OF A TRAINING COMPILER FOR INCREASING THE EFFICIENCY OF LANGUAGE PROCESSORS LEARNING"". semantic_scholar_foundational, 2021.","ديميتار ز. ديميتروف، آي. بينيف. ""تصميم مترجم تدريبي لزيادة كفاءة تعلم معالجات اللغة"". *semantic_scholar_foundational*، 2021."
"Object-Oriented Programming: Principles, Patterns, and Paradigm Critique",البرمجة الكائنية التوجه: المبادئ والأنماط ونقد النموذج.,https://smarticle.tech/en/article/object-oriented-programming-principles-patterns-and-paradigm-critique-202605121232,https://smarticle.tech/ar/article/object-oriented-programming-principles-patterns-and-paradigm-critique-202605121232,Programming,Head First design patterns,https://archive.org/details/headfirstshejimo0000unse,"Head First design patterns. by Eric Freeman, Elisabeth Freeman, Kathy Sierra. (2004). — O'Reilly. ISBN: 9789867794529",Head First design patterns. بقلم Eric Freeman، Elisabeth Freeman، Kathy Sierra. (2004). — O'Reilly. ردمك: 9789867794529
"Object-Oriented Programming: Principles, Patterns, and Paradigm Critique",البرمجة الكائنية التوجه: المبادئ والأنماط ونقد النموذج.,https://smarticle.tech/en/article/object-oriented-programming-principles-patterns-and-paradigm-critique-202605121232,https://smarticle.tech/ar/article/object-oriented-programming-principles-patterns-and-paradigm-critique-202605121232,Programming,Design Patterns,https://archive.org/details/isbn_9787111095071,"Design Patterns. by Erich Gamma, John Vlissides, Richard Helm. (1995). — AW. ISBN: 3826697006",Design Patterns. بقلم Erich Gamma، John Vlissides، Richard Helm. (1995). — AW. ردمك: 3826697006
"Object-Oriented Programming: Principles, Patterns, and Paradigm Critique",البرمجة الكائنية التوجه: المبادئ والأنماط ونقد النموذج.,https://smarticle.tech/en/article/object-oriented-programming-principles-patterns-and-paradigm-critique-202605121232,https://smarticle.tech/ar/article/object-oriented-programming-principles-patterns-and-paradigm-critique-202605121232,Programming,"Agile Software Development, Principles, Patterns, and Practices",https://archive.org/details/agilesoftwaredev00robe,"Agile Software Development, Principles, Patterns, and Practices. by Robert C. Martin. (2002). — Prentice Hall. ISBN: 1292025948","Agile Software Development, Principles, Patterns, and Practices. بقلم Robert C. Martin. (2002). — Prentice Hall. ردمك: 1292025948"
"Object-Oriented Programming: Principles, Patterns, and Paradigm Critique",البرمجة الكائنية التوجه: المبادئ والأنماط ونقد النموذج.,https://smarticle.tech/en/article/object-oriented-programming-principles-patterns-and-paradigm-critique-202605121232,https://smarticle.tech/ar/article/object-oriented-programming-principles-patterns-and-paradigm-critique-202605121232,Programming,"Agile Principles, Patterns, and Practices in C#",https://openlibrary.org/works/OL15180507W,"Agile Principles, Patterns, and Practices in C#. by Robert C. Martin, Micah Martin. (2006). — Pearson Education, Limited. ISBN: 0131857258","Agile Principles, Patterns, and Practices in C#. بقلم Robert C. Martin، Micah Martin. (2006). — Pearson Education, Limited. ردمك: 0131857258"
"Object-Oriented Programming: Principles, Patterns, and Paradigm Critique",البرمجة الكائنية التوجه: المبادئ والأنماط ونقد النموذج.,https://smarticle.tech/en/article/object-oriented-programming-principles-patterns-and-paradigm-critique-202605121232,https://smarticle.tech/ar/article/object-oriented-programming-principles-patterns-and-paradigm-critique-202605121232,Programming,Python 3 object oriented programming,https://openlibrary.org/works/OL17517253W,"Python 3 object oriented programming. by Dusty Phillips. (2010). — Packt Publishing, Limited. ISBN: 9781849511261","Python 3 object oriented programming. بقلم Dusty Phillips. (2010). — Packt Publishing, Limited. ردمك: 9781849511261"
"Object-Oriented Programming: Principles, Patterns, and Paradigm Critique",البرمجة الكائنية التوجه: المبادئ والأنماط ونقد النموذج.,https://smarticle.tech/en/article/object-oriented-programming-principles-patterns-and-paradigm-critique-202605121232,https://smarticle.tech/ar/article/object-oriented-programming-principles-patterns-and-paradigm-critique-202605121232,Programming,Designing with Objects,https://openlibrary.org/works/OL21547075W,"Designing with Objects. by Avinash C. Kak. (2014). — Wiley & Sons, Incorporated, John. ISBN: 9781118581209","Designing with Objects. بقلم Avinash C. Kak. (2014). — Wiley & Sons, Incorporated, John. ردمك: 9781118581209"
"Object-Oriented Programming: Principles, Patterns, and Paradigm Critique",البرمجة الكائنية التوجه: المبادئ والأنماط ونقد النموذج.,https://smarticle.tech/en/article/object-oriented-programming-principles-patterns-and-paradigm-critique-202605121232,https://smarticle.tech/ar/article/object-oriented-programming-principles-patterns-and-paradigm-critique-202605121232,Programming,Object-oriented software development using Java,https://archive.org/details/objectorientedso0000jiax,Object-oriented software development using Java. by Xiaoping Jia. (1999). — Addison-Wesley. ISBN: 0321210735,Object-oriented software development using Java. بقلم Xiaoping Jia. (1999). — Addison-Wesley. ردمك: 0321210735
"Object-Oriented Programming: Principles, Patterns, and Paradigm Critique",البرمجة الكائنية التوجه: المبادئ والأنماط ونقد النموذج.,https://smarticle.tech/en/article/object-oriented-programming-principles-patterns-and-paradigm-critique-202605121232,https://smarticle.tech/ar/article/object-oriented-programming-principles-patterns-and-paradigm-critique-202605121232,Programming,Object-oriented programming versus abstract data types,https://doi.org/10.1007/bfb0019443,"Cook, William R. ""Object-oriented programming versus abstract data types"". crossref, 1991.","كوك، ويليام ر. ""البرمجة كائنية التوجه مقابل الأنواع المجردة للبيانات"". كروسريف، 1991."
"Modern Web Architecture: Client-Server Models, CDNs, and Progressive Web Apps",بنية الويب الحديثة: نماذج العميل‑الخادم، شبكات توصيل المحتوى، وتطبيقات الويب التقدمية.,https://smarticle.tech/en/article/modern-web-architecture-client-server-models-cdns-and-progressive-web-apps-202605150649,https://smarticle.tech/ar/article/modern-web-architecture-client-server-models-cdns-and-progressive-web-apps-202605150649,Web Development,Resourceoriented Architecture Patterns For Webs Of Data,https://archive.org/details/resourceoriented0000slet,Resourceoriented Architecture Patterns For Webs Of Data. by Brian Sletten. (2013). — Springer International Publishing AG. ISBN: 9783031794469,Resourceoriented Architecture Patterns For Webs Of Data. بقلم Brian Sletten. (2013). — Springer International Publishing AG. ردمك: 9783031794469
"Modern Web Architecture: Client-Server Models, CDNs, and Progressive Web Apps",بنية الويب الحديثة: نماذج العميل‑الخادم، شبكات توصيل المحتوى، وتطبيقات الويب التقدمية.,https://smarticle.tech/en/article/modern-web-architecture-client-server-models-cdns-and-progressive-web-apps-202605150649,https://smarticle.tech/ar/article/modern-web-architecture-client-server-models-cdns-and-progressive-web-apps-202605150649,Web Development,Web application architecture,https://archive.org/details/webapplicationar0000shkl,"Web application architecture. by Leon Shklar, Richard Rosen. (2003). — John Wiley. ISBN: 9780471486565",Web application architecture. بقلم Leon Shklar، Richard Rosen. (2003). — John Wiley. ردمك: 9780471486565
"Modern Web Architecture: Client-Server Models, CDNs, and Progressive Web Apps",بنية الويب الحديثة: نماذج العميل‑الخادم، شبكات توصيل المحتوى، وتطبيقات الويب التقدمية.,https://smarticle.tech/en/article/modern-web-architecture-client-server-models-cdns-and-progressive-web-apps-202605150649,https://smarticle.tech/ar/article/modern-web-architecture-client-server-models-cdns-and-progressive-web-apps-202605150649,Web Development,"Advances in Computers, Volume 49 (Advances in Computers)",https://archive.org/details/webtechnology00bsma,"Advances in Computers, Volume 49 (Advances in Computers). by Marvin V. Zelkowitz, Marshall C. Yovits. (1995). — Academic Press. ISBN: 9780080526652","Advances in Computers, Volume 49 (Advances in Computers). بقلم Marvin V. Zelkowitz، Marshall C. Yovits. (1995). — Academic Press. ردمك: 9780080526652"
"Modern Web Architecture: Client-Server Models, CDNs, and Progressive Web Apps",بنية الويب الحديثة: نماذج العميل‑الخادم، شبكات توصيل المحتوى، وتطبيقات الويب التقدمية.,https://smarticle.tech/en/article/modern-web-architecture-client-server-models-cdns-and-progressive-web-apps-202605150649,https://smarticle.tech/ar/article/modern-web-architecture-client-server-models-cdns-and-progressive-web-apps-202605150649,Web Development,Executing SOA,https://archive.org/details/executingsoaprac0000unse,"Executing SOA. by Norbert Bieberstein, Robert G. Laird, Keith Jones. (2008). — Prentice Hall PTR. ISBN: 9780137149780",Executing SOA. بقلم Norbert Bieberstein، Robert G. Laird، Keith Jones. (2008). — Prentice Hall PTR. ردمك: 9780137149780
"Modern Web Architecture: Client-Server Models, CDNs, and Progressive Web Apps",بنية الويب الحديثة: نماذج العميل‑الخادم، شبكات توصيل المحتوى، وتطبيقات الويب التقدمية.,https://smarticle.tech/en/article/modern-web-architecture-client-server-models-cdns-and-progressive-web-apps-202605150649,https://smarticle.tech/ar/article/modern-web-architecture-client-server-models-cdns-and-progressive-web-apps-202605150649,Web Development,Next Generation SOA,https://archive.org/details/nextgenerationso0000erlt,"Next Generation SOA. by Thomas Erl, Pethuru Chelliah, Clive Gee. (2014). — Pearson Education, Limited. ISBN: 9780133885897","Next Generation SOA. بقلم Thomas Erl، Pethuru Chelliah، Clive Gee. (2014). — Pearson Education, Limited. ردمك: 9780133885897"
"Modern Web Architecture: Client-Server Models, CDNs, and Progressive Web Apps",بنية الويب الحديثة: نماذج العميل‑الخادم، شبكات توصيل المحتوى، وتطبيقات الويب التقدمية.,https://smarticle.tech/en/article/modern-web-architecture-client-server-models-cdns-and-progressive-web-apps-202605150649,https://smarticle.tech/ar/article/modern-web-architecture-client-server-models-cdns-and-progressive-web-apps-202605150649,Web Development,A Comprehensive Review of Progressive Web Apps: Bridging the Gap Between Web and Native Experiences,https://doi.org/10.21275/sr24517172948,"Mani Shankar Srinivas Lingolu, Manoj Kumar Dobbala. ""A Comprehensive Review of Progressive Web Apps: Bridging the Gap Between Web and Native Experiences"". crossref, 2022.","ماني شانكار سرينيفاس لينغولو، مانوج كومار دوبالا. ""مراجعة شاملة للتطبيقات الويب التقدمية: جسر الفجوة بين تجارب الويب والتطبيقات الأصلية"". كروسريف، 2022."
"Modern Web Architecture: Client-Server Models, CDNs, and Progressive Web Apps",بنية الويب الحديثة: نماذج العميل‑الخادم، شبكات توصيل المحتوى، وتطبيقات الويب التقدمية.,https://smarticle.tech/en/article/modern-web-architecture-client-server-models-cdns-and-progressive-web-apps-202605150649,https://smarticle.tech/ar/article/modern-web-architecture-client-server-models-cdns-and-progressive-web-apps-202605150649,Web Development,Progressive Web Apps (PWAs): Enhancing User Experience through Modern Web Development,https://doi.org/10.21275/ms241022095359,"Cherukuri, Bangar Raju. ""Progressive Web Apps (PWAs): Enhancing User Experience through Modern Web Development"". crossref, 2024.","تشيروكوري، بانغار راجو. ""التطبيقات الويب التقدمية (PWAs): تعزيز تجربة المستخدم من خلال التطوير الحديث للويب"". كروسريف، 2024."
"Modern Web Architecture: Client-Server Models, CDNs, and Progressive Web Apps",بنية الويب الحديثة: نماذج العميل‑الخادم، شبكات توصيل المحتوى، وتطبيقات الويب التقدمية.,https://smarticle.tech/en/article/modern-web-architecture-client-server-models-cdns-and-progressive-web-apps-202605150649,https://smarticle.tech/ar/article/modern-web-architecture-client-server-models-cdns-and-progressive-web-apps-202605150649,Web Development,Native Apps vs. Progressive Web Apps: A Comparative Analysis of User Experience and Development Costs,https://doi.org/10.2139/ssrn.5042193,"Irfan Samsyudin. ""Native Apps vs. Progressive Web Apps: A Comparative Analysis of User Experience and Development Costs"". crossref, 2025.","إرفان سامسيودين. ""التطبيقات الأصلية مقابل التطبيقات الويب التقدمية: تحليل مقارن لتجربة المستخدم وتكاليف التطوير"". كروسريف، 2025."
"Modern Web Architecture: Client-Server Models, CDNs, and Progressive Web Apps",بنية الويب الحديثة: نماذج العميل‑الخادم، شبكات توصيل المحتوى، وتطبيقات الويب التقدمية.,https://smarticle.tech/en/article/modern-web-architecture-client-server-models-cdns-and-progressive-web-apps-202605150649,https://smarticle.tech/ar/article/modern-web-architecture-client-server-models-cdns-and-progressive-web-apps-202605150649,Web Development,Minimal Computing with Progressive Web Apps,https://doi.org/10.63744/kwth4cgwak6x,"Diaz, Chris. ""Minimal Computing with Progressive Web Apps"". crossref, 2022.","دياز، كريس. ""الحوسبة الدنوية مع التطبيقات الويب التقدمية"". كروسريف، 2022."
"Modern Web Architecture: Client-Server Models, CDNs, and Progressive Web Apps",بنية الويب الحديثة: نماذج العميل‑الخادم، شبكات توصيل المحتوى، وتطبيقات الويب التقدمية.,https://smarticle.tech/en/article/modern-web-architecture-client-server-models-cdns-and-progressive-web-apps-202605150649,https://smarticle.tech/ar/article/modern-web-architecture-client-server-models-cdns-and-progressive-web-apps-202605150649,Web Development,Progressive Web Apps vs Responsive Web Apps,https://doi.org/10.48175/ijarsct-5668,"Chavan, R. C., Bhatkar, S. D., & Muley, K. ""Progressive Web Apps vs Responsive Web Apps"". crossref, 2022.","تشافان، ر. س.، بهاتكار، س. د.، ومولي، ك. ""التطبيقات الويب التقدمية مقابل التطبيقات الويب الاستجابية"". كروسريف، 2022."
RESTful and GraphQL API Design: Principles and Best Practices,تصميم واجهات برمجة التطبيقات RESTful و GraphQL: المبادئ وأفضل الممارسات.,https://smarticle.tech/en/article/restful-and-graphql-api-design-principles-and-best-practices-202605150657,https://smarticle.tech/ar/article/restful-and-graphql-api-design-principles-and-best-practices-202605150657,Web Development,RESTful Web APIs: Services for a Changing World,https://archive.org/details/restfulwebapis0000rich,"RESTful Web APIs: Services for a Changing World. by Leonard Richardson, Michael Amundsen, Sam Ruby. (2013). — O'Reilly Media, Incorporated. ISBN: 1449359744","RESTful Web APIs: Services for a Changing World. بقلم Leonard Richardson، Michael Amundsen، Sam Ruby. (2013). — O'Reilly Media, Incorporated. ردمك: 1449359744"
RESTful and GraphQL API Design: Principles and Best Practices,تصميم واجهات برمجة التطبيقات RESTful و GraphQL: المبادئ وأفضل الممارسات.,https://smarticle.tech/en/article/restful-and-graphql-api-design-principles-and-best-practices-202605150657,https://smarticle.tech/ar/article/restful-and-graphql-api-design-principles-and-best-practices-202605150657,Web Development,Principles of Web API Design,https://openlibrary.org/works/OL25797025W,"Principles of Web API Design. by James Higginbotham. (2021). — Pearson Education, Limited. ISBN: 9780137355662","Principles of Web API Design. بقلم James Higginbotham. (2021). — Pearson Education, Limited. ردمك: 9780137355662"
RESTful and GraphQL API Design: Principles and Best Practices,تصميم واجهات برمجة التطبيقات RESTful و GraphQL: المبادئ وأفضل الممارسات.,https://smarticle.tech/en/article/restful-and-graphql-api-design-principles-and-best-practices-202605150657,https://smarticle.tech/ar/article/restful-and-graphql-api-design-principles-and-best-practices-202605150657,Web Development,"GraphQL: A Comprehensive Analysis of Its Advantages, Challenges, and Best Practices in Modern API Development",https://doi.org/10.55549/epstem.1598445,"Ina PAPADHOPULLI, Hakik PACI. ""GraphQL: A Comprehensive Analysis of Its Advantages, Challenges, and Best Practices in Modern API Development"". crossref, 2024.","إينا پاپادوپولي، حاكيك پاسي. ""GraphQL: تحليل شامل لمزاياها وتحدياتها وأفضل الممارسات في تطوير واجهة برمجة التطبيقات الحديثة"". كروسريف، 2024."
RESTful and GraphQL API Design: Principles and Best Practices,تصميم واجهات برمجة التطبيقات RESTful و GraphQL: المبادئ وأفضل الممارسات.,https://smarticle.tech/en/article/restful-and-graphql-api-design-principles-and-best-practices-202605150657,https://smarticle.tech/ar/article/restful-and-graphql-api-design-principles-and-best-practices-202605150657,Web Development,"Testing GraphQL APIs: Challenges, Tools and Best Practices",https://doi.org/10.48175/ijetir-8011,"Vinaysimha Varma Yadavali. ""Testing GraphQL APIs: Challenges, Tools and Best Practices"". crossref, 2021.","ڤيناياسيمها ڤارما ياداڤالي. ""اختبار واجهات برمجة التطبيقات GraphQL: التحديات والأدوات وأفضل الممارسات"". كروسريف، 2021."
RESTful and GraphQL API Design: Principles and Best Practices,تصميم واجهات برمجة التطبيقات RESTful و GraphQL: المبادئ وأفضل الممارسات.,https://smarticle.tech/en/article/restful-and-graphql-api-design-principles-and-best-practices-202605150657,https://smarticle.tech/ar/article/restful-and-graphql-api-design-principles-and-best-practices-202605150657,Web Development,"Building Scalable and Efficient GraphQL APIs: Strategies, Optimization, and Best Practices",https://doi.org/10.21428/e90189c8.797cfbf9,"Madupati B., Madupathi S. ""Building Scalable and Efficient GraphQL APIs: Strategies, Optimization, and Best Practices"". crossref, 2025.","مادوپاتي ب.، مادوپاثي س. ""بناء واجهات برمجة التطبيقات GraphQL القابلة للتوسع والكفاءة: الاستراتيجيات والتحسينات وأفضل الممارسات"". كروسريف، 2025."
RESTful and GraphQL API Design: Principles and Best Practices,تصميم واجهات برمجة التطبيقات RESTful و GraphQL: المبادئ وأفضل الممارسات.,https://smarticle.tech/en/article/restful-and-graphql-api-design-principles-and-best-practices-202605150657,https://smarticle.tech/ar/article/restful-and-graphql-api-design-principles-and-best-practices-202605150657,Web Development,Enhancing Data Query Flexibility with GraphQL:  Implementation and Best Practices,https://doi.org/10.32996/jcsts.2024.6.2.20,"Nagaraju Thallapally. ""Enhancing Data Query Flexibility with GraphQL: Implementation and Best Practices"". crossref, 2024.","ناگاراجو ثالاپالي. ""تعزيز مرونة استعلام البيانات باستخدام GraphQL: التنفيذ وأفضل الممارسات"". كروسريف، 2024."
RESTful and GraphQL API Design: Principles and Best Practices,تصميم واجهات برمجة التطبيقات RESTful و GraphQL: المبادئ وأفضل الممارسات.,https://smarticle.tech/en/article/restful-and-graphql-api-design-principles-and-best-practices-202605150657,https://smarticle.tech/ar/article/restful-and-graphql-api-design-principles-and-best-practices-202605150657,Web Development,Benchmark: REST vs GraphQL vs gRPC Performance,https://doi.org/10.63282/3050-922x.ijeret-v2i2p111,"Kavya Muppaneni, Pavan Kumar Palacharla. ""Benchmark: REST vs GraphQL vs gRPC Performance"". crossref, 2021.","كاڤيا مپّاني، پاڤان كومار پالاشارلا. ""المعيار: أداء REST مقابل GraphQL مقابل gRPC"". كروسريف، 2021."
RESTful and GraphQL API Design: Principles and Best Practices,تصميم واجهات برمجة التطبيقات RESTful و GraphQL: المبادئ وأفضل الممارسات.,https://smarticle.tech/en/article/restful-and-graphql-api-design-principles-and-best-practices-202605150657,https://smarticle.tech/ar/article/restful-and-graphql-api-design-principles-and-best-practices-202605150657,Web Development,Rest vs. GraphQL: Comparative Analysis of API Design Approaches,https://doi.org/10.54660/.ijmrge.2023.4.1.984-991,"Surbhi Kanthed. ""Rest vs. GraphQL: Comparative Analysis of API Design Approaches"". crossref, 2023.","سURBHI KANTHED. ""REST مقابل GraphQL: التحليل المقارن لأساليب تصميم واجهات برمجة التطبيقات"". كروسريف، 2023."
RESTful and GraphQL API Design: Principles and Best Practices,تصميم واجهات برمجة التطبيقات RESTful و GraphQL: المبادئ وأفضل الممارسات.,https://smarticle.tech/en/article/restful-and-graphql-api-design-principles-and-best-practices-202605150657,https://smarticle.tech/ar/article/restful-and-graphql-api-design-principles-and-best-practices-202605150657,Web Development,Performance Evaluation of REST and GraphQL API Models in Microservices Software Development Domain,https://doi.org/10.5220/0013729900003985,"Mohamed Elghazal, Adel Aneiba, Essa Shahra. ""Performance Evaluation of REST and GraphQL API Models in Microservices Software Development Domain"". crossref, 2025.","محمد الغزال، عادل أنيبا، عيسى شحرة. ""تقييم أداء نماذج واجهات برمجة التطبيقات REST وGraphQL في مجال تطوير البرمجيات المصغرة"". كروسريف، 2025."
Frontend Frameworks: Component-Based UI Development with React and Vue,أطر الواجهة الأمامية: تطوير واجهات مستخدم قائمة على المكونات باستخدام React و Vue,https://smarticle.tech/en/article/frontend-frameworks-component-based-ui-development-with-react-and-vue-202605150707,https://smarticle.tech/ar/article/frontend-frameworks-component-based-ui-development-with-react-and-vue-202605150707,Web Development,"Mastering Angular Components: Build component-based user interfaces using Angular, 2nd Edition",https://openlibrary.org/works/OL19542483W,"Mastering Angular Components: Build component-based user interfaces using Angular, 2nd Edition. by Gion Kunz. (2018). — Packt Publishing. ISBN: 9781788293532","Mastering Angular Components: Build component-based user interfaces using Angular, 2nd Edition. بقلم Gion Kunz. (2018). — Packt Publishing. ردمك: 9781788293532"
Frontend Frameworks: Component-Based UI Development with React and Vue,أطر الواجهة الأمامية: تطوير واجهات مستخدم قائمة على المكونات باستخدام React و Vue,https://smarticle.tech/en/article/frontend-frameworks-component-based-ui-development-with-react-and-vue-202605150707,https://smarticle.tech/ar/article/frontend-frameworks-component-based-ui-development-with-react-and-vue-202605150707,Web Development,Wireframe-based UI Design Search through Image Autoencoder,https://arxiv.org/abs/2103.07085,"Chen, Jieshan et al. ""Wireframe-based UI Design Search through Image Autoencoder"". semantic_scholar_foundational, 2020.","تشن، جيتشان وآخرون. ""البحث في تصميم واجهة المستخدم القائمة على الإطار السلكي من خلال مشفر-فك تشفير الصور"". semantic_scholar_foundational، 2020."
Frontend Frameworks: Component-Based UI Development with React and Vue,أطر الواجهة الأمامية: تطوير واجهات مستخدم قائمة على المكونات باستخدام React و Vue,https://smarticle.tech/en/article/frontend-frameworks-component-based-ui-development-with-react-and-vue-202605150707,https://smarticle.tech/ar/article/frontend-frameworks-component-based-ui-development-with-react-and-vue-202605150707,Web Development,MLLM-Based UI2Code Automation Guided by UI Layout Information,https://arxiv.org/abs/2506.10376,"Fan Wu, Cuiyun Gao, Shuqing Li, Xinjie Wen, Qing Liao. ""MLLM-Based UI2Code Automation Guided by UI Layout Information"". semantic_scholar_foundational, 2025.","فان وو، كويون غاو، شوقينغ لي، شينجيه وين، تشينغ لياو. ""أتمتة تحويل واجهة المستخدم إلى كود قائمة على نماذج اللغة متعددة الوسائط والموجهة بمعلومات تخطيط واجهة المستخدم"". semantic_scholar_foundational، 2025."
Frontend Frameworks: Component-Based UI Development with React and Vue,أطر الواجهة الأمامية: تطوير واجهات مستخدم قائمة على المكونات باستخدام React و Vue,https://smarticle.tech/en/article/frontend-frameworks-component-based-ui-development-with-react-and-vue-202605150707,https://smarticle.tech/ar/article/frontend-frameworks-component-based-ui-development-with-react-and-vue-202605150707,Web Development,Reliability of Component-Based Systems – A Review,https://doi.org/10.30534/IJATCSE/2019/31822019,"Shivani Yadav, B. Kishan. ""Reliability of Component-Based Systems – A Review"". semantic_scholar_foundational, 2019.","شيفاني ياداف، ب. كيشان. ""موثوقية الأنظمة القائمة على المكونات – مراجعة"". semantic_scholar_foundational، 2019."
Frontend Frameworks: Component-Based UI Development with React and Vue,أطر الواجهة الأمامية: تطوير واجهات مستخدم قائمة على المكونات باستخدام React و Vue,https://smarticle.tech/en/article/frontend-frameworks-component-based-ui-development-with-react-and-vue-202605150707,https://smarticle.tech/ar/article/frontend-frameworks-component-based-ui-development-with-react-and-vue-202605150707,Web Development,Mobile-UI-Repair: a deep learning based UI smell detection technique for mobile user interface,https://doi.org/10.7717/peerj-cs.2028,"Asif Ali, Yuanqing Xia, Qamar Navid, Zohaib Ahmad Khan, Javed Ali Khan, E. Aldakheel, D. S. Khafaga. ""Mobile-UI-Repair: a deep learning based UI smell detection technique for mobile user interface"". semantic_scholar_foundational, 2024.","عاصف علي، يوانتشينغ شيا، قمر نافيد، زهيب أحمد خان، جافيد علي خان، إي. الداخيل، د. س. خفاجة. ""إصلاح واجهة المستخدم للهاتف المحمول: تقنية كشف روائح واجهة المستخدم للهاتف المحمول القائمة على التعلم العميق"". semantic_scholar_foundational، 2024."
Frontend Frameworks: Component-Based UI Development with React and Vue,أطر الواجهة الأمامية: تطوير واجهات مستخدم قائمة على المكونات باستخدام React و Vue,https://smarticle.tech/en/article/frontend-frameworks-component-based-ui-development-with-react-and-vue-202605150707,https://smarticle.tech/ar/article/frontend-frameworks-component-based-ui-development-with-react-and-vue-202605150707,Web Development,Component-based development of adaptive user interfaces,https://doi.org/10.1145/3319499.3328229,"Enes Yigitbas et al. ""Component-based development of adaptive user interfaces"". semantic_scholar_foundational, 2019.","إنيس ييغيتباس وآخرون. ""التطوير القائم على المكونات لواجهات المستخدم التكييفية"". semantic_scholar_foundational، 2019."
Frontend Frameworks: Component-Based UI Development with React and Vue,أطر الواجهة الأمامية: تطوير واجهات مستخدم قائمة على المكونات باستخدام React و Vue,https://smarticle.tech/en/article/frontend-frameworks-component-based-ui-development-with-react-and-vue-202605150707,https://smarticle.tech/ar/article/frontend-frameworks-component-based-ui-development-with-react-and-vue-202605150707,Web Development,EfficientUICoder: Efficient MLLM-based UI Code Generation via Input and Output Token Compression,https://arxiv.org/abs/2509.12159,"Jingyu Xiao et al. ""EfficientUICoder: Efficient MLLM-based UI Code Generation via Input and Output Token Compression"". semantic_scholar_foundational, 2025.","جينغيو شياو وآخرون. ""EfficientUICoder: توليد كود واجهة المستخدم بكفاءة باستخدام نماذج اللغة متعددة الوسائط من خلال ضغط الرموز المدخلة والمخرجة"". semantic_scholar_foundational، 2025."
Frontend Frameworks: Component-Based UI Development with React and Vue,أطر الواجهة الأمامية: تطوير واجهات مستخدم قائمة على المكونات باستخدام React و Vue,https://smarticle.tech/en/article/frontend-frameworks-component-based-ui-development-with-react-and-vue-202605150707,https://smarticle.tech/ar/article/frontend-frameworks-component-based-ui-development-with-react-and-vue-202605150707,Web Development,Efficient and Aesthetic UI Design with a Deep Learning-Based Interface Generation Tree Algorithm,https://arxiv.org/abs/2410.17586,"Shiyu Duan, Runsheng Zhang, Mengmeng Chen, Ziyi Wang, Shixiao Wang. ""Efficient and Aesthetic UI Design with a Deep Learning-Based Interface Generation Tree Algorithm"". semantic_scholar_foundational, 2024.","شييو دوان، رنشينغ زانغ، مينغمنغ تشين، زiyi وانغ، شيشياو وانغ. ""تصميم واجهة المستخدم بكفاءة وجمالي باستخدام خوارزمية شجرة توليد واجهة المستخدم القائمة على التعلم العميق"". semantic_scholar_foundational، 2024."
Frontend Frameworks: Component-Based UI Development with React and Vue,أطر الواجهة الأمامية: تطوير واجهات مستخدم قائمة على المكونات باستخدام React و Vue,https://smarticle.tech/en/article/frontend-frameworks-component-based-ui-development-with-react-and-vue-202605150707,https://smarticle.tech/ar/article/frontend-frameworks-component-based-ui-development-with-react-and-vue-202605150707,Web Development,WebVIA: A Web-based Vision-Language Agentic Framework for Interactive and Verifiable UI-to-Code Generation,https://arxiv.org/abs/2511.06251,"Xu, Mingde et al. ""WebVIA: A Web-based Vision-Language Agentic Framework for Interactive and Verifiable UI-to-Code Generation"". semantic_scholar_foundational, 2025.","شيو، مينجد وآخرون. ""WebVIA: إطار عمل وكيل قائم على الرؤية واللغة للويب لأجل توليد كود واجهة المستخدم التفاعلي والقابل للتحقق"". semantic_scholar_foundational، 2025."
"Relational Database Management Systems: SQL, Normalization, and Transactions",أنظمة إدارة قواعد البيانات العلائقية: SQL، التطبيع، والمعاملات.,https://smarticle.tech/en/article/relational-database-management-systems-sql-normalization-and-transactions-202605150716,https://smarticle.tech/ar/article/relational-database-management-systems-sql-normalization-and-transactions-202605150716,Databases,Joe Celko's SQL for Smarties,https://archive.org/details/joecelkossqlfors0000celk,Joe Celko's SQL for Smarties. by Joe Celko. (1995). — Morgan Kaufmann Publishers. ISBN: 012800830X,Joe Celko's SQL for Smarties. بقلم Joe Celko. (1995). — Morgan Kaufmann Publishers. ردمك: 012800830X
"Relational Database Management Systems: SQL, Normalization, and Transactions",أنظمة إدارة قواعد البيانات العلائقية: SQL، التطبيع، والمعاملات.,https://smarticle.tech/en/article/relational-database-management-systems-sql-normalization-and-transactions-202605150716,https://smarticle.tech/ar/article/relational-database-management-systems-sql-normalization-and-transactions-202605150716,Databases,Theory and practice of relational databases,https://openlibrary.org/works/OL13525650W,"Theory and practice of relational databases. by Stefan Stanczyk, Stefan Stanczyk, Bob Champion. (1990). — Taylor & Francis. ISBN: 9781351988346",Theory and practice of relational databases. بقلم Stefan Stanczyk، Stefan Stanczyk، Bob Champion. (1990). — Taylor & Francis. ردمك: 9781351988346
"Relational Database Management Systems: SQL, Normalization, and Transactions",أنظمة إدارة قواعد البيانات العلائقية: SQL، التطبيع، والمعاملات.,https://smarticle.tech/en/article/relational-database-management-systems-sql-normalization-and-transactions-202605150716,https://smarticle.tech/ar/article/relational-database-management-systems-sql-normalization-and-transactions-202605150716,Databases,Business database technology,https://openlibrary.org/works/OL23321120W,Business database technology. by Shouhong Wang. (2014). — Universal Publishers. ISBN: 162734389X,Business database technology. بقلم Shouhong Wang. (2014). — Universal Publishers. ردمك: 162734389X
"Relational Database Management Systems: SQL, Normalization, and Transactions",أنظمة إدارة قواعد البيانات العلائقية: SQL، التطبيع، والمعاملات.,https://smarticle.tech/en/article/relational-database-management-systems-sql-normalization-and-transactions-202605150716,https://smarticle.tech/ar/article/relational-database-management-systems-sql-normalization-and-transactions-202605150716,Databases,Introduction to Relational Databases,https://openlibrary.org/works/OL9257142M,"Introduction to Relational Databases. by Christopher Allen, Catherine Creary, Simon Chatwin. (2003). — McGraw-Hill Osborne Media. ISBN: 9780072229240",Introduction to Relational Databases. بقلم Christopher Allen، Catherine Creary، Simon Chatwin. (2003). — McGraw-Hill Osborne Media. ردمك: 9780072229240
"Relational Database Management Systems: SQL, Normalization, and Transactions",أنظمة إدارة قواعد البيانات العلائقية: SQL، التطبيع، والمعاملات.,https://smarticle.tech/en/article/relational-database-management-systems-sql-normalization-and-transactions-202605150716,https://smarticle.tech/ar/article/relational-database-management-systems-sql-normalization-and-transactions-202605150716,Databases,"Advances in Computers, Volume 49 (Advances in Computers)",https://archive.org/details/webtechnology00bsma,"Advances in Computers, Volume 49 (Advances in Computers). by Marvin V. Zelkowitz, Marshall C. Yovits. (1995). — Academic Press. ISBN: 9780080526652","Advances in Computers, Volume 49 (Advances in Computers). بقلم Marvin V. Zelkowitz، Marshall C. Yovits. (1995). — Academic Press. ردمك: 9780080526652"
"Relational Database Management Systems: SQL, Normalization, and Transactions",أنظمة إدارة قواعد البيانات العلائقية: SQL، التطبيع، والمعاملات.,https://smarticle.tech/en/article/relational-database-management-systems-sql-normalization-and-transactions-202605150716,https://smarticle.tech/ar/article/relational-database-management-systems-sql-normalization-and-transactions-202605150716,Databases,Information Processing and Management of Uncertainty in Knowledge-Based Systems,https://archive.org/details/informationproce0002inte,"Information Processing and Management of Uncertainty in Knowledge-Based Systems. by Joao Paulo Carvalho, Marie-Jeanne Lesot, Uzay Kaymak. (2016). — Springer International Publishing AG. ISBN: 9783319405964",Information Processing and Management of Uncertainty in Knowledge-Based Systems. بقلم Joao Paulo Carvalho، Marie-Jeanne Lesot، Uzay Kaymak. (2016). — Springer International Publishing AG. ردمك: 9783319405964
"Relational Database Management Systems: SQL, Normalization, and Transactions",أنظمة إدارة قواعد البيانات العلائقية: SQL، التطبيع، والمعاملات.,https://smarticle.tech/en/article/relational-database-management-systems-sql-normalization-and-transactions-202605150716,https://smarticle.tech/ar/article/relational-database-management-systems-sql-normalization-and-transactions-202605150716,Databases,Introducing SQL and Relational Databases,https://doi.org/10.1007/978-1-4842-3841-7,"Allen Taylor. ""Introducing SQL and Relational Databases"". crossref, 2019.","Allen Taylor. ""Introducing SQL and Relational Databases"". crossref, 2019."
"Relational Database Management Systems: SQL, Normalization, and Transactions",أنظمة إدارة قواعد البيانات العلائقية: SQL، التطبيع، والمعاملات.,https://smarticle.tech/en/article/relational-database-management-systems-sql-normalization-and-transactions-202605150716,https://smarticle.tech/ar/article/relational-database-management-systems-sql-normalization-and-transactions-202605150716,Databases,"SQL, An International Standard Database Language",https://doi.org/10.1007/978-1-4842-3841-7_1,"Allen Taylor. ""SQL, An International Standard Database Language"". crossref, 2019.","Allen Taylor. ""SQL, An International Standard Database Language"". crossref, 2019."
"Relational Database Management Systems: SQL, Normalization, and Transactions",أنظمة إدارة قواعد البيانات العلائقية: SQL، التطبيع، والمعاملات.,https://smarticle.tech/en/article/relational-database-management-systems-sql-normalization-and-transactions-202605150716,https://smarticle.tech/ar/article/relational-database-management-systems-sql-normalization-and-transactions-202605150716,Databases,Introduction to SQL and Relational Databases,https://doi.org/10.1201/9781315101873-1,"Preston Zhang. ""Introduction to SQL and Relational Databases"". crossref, 2017.","Preston Zhang. ""Introduction to SQL and Relational Databases"". crossref, 2017."
"Relational Database Management Systems: SQL, Normalization, and Transactions",أنظمة إدارة قواعد البيانات العلائقية: SQL، التطبيع، والمعاملات.,https://smarticle.tech/en/article/relational-database-management-systems-sql-normalization-and-transactions-202605150716,https://smarticle.tech/ar/article/relational-database-management-systems-sql-normalization-and-transactions-202605150716,Databases,The relational database model,https://doi.org/10.1007/978-1-349-11552-5_13,"Elizabeth Lynch. ""The relational database model"". crossref, 1990.","Elizabeth Lynch. ""The relational database model"". crossref, 1990."
"NoSQL and Distributed Databases: CAP Theorem, Consistency, and Scalability",NoSQL وقواعد البيانات الموزعة: مبرهنة CAP، التناسق، والقابلية للتوسع.,https://smarticle.tech/en/article/nosql-and-distributed-databases-cap-theorem-consistency-and-scalability-202605150723,https://smarticle.tech/ar/article/nosql-and-distributed-databases-cap-theorem-consistency-and-scalability-202605150723,Databases,"Advances in Computers, Volume 49 (Advances in Computers)",https://archive.org/details/webtechnology00bsma,"Advances in Computers, Volume 49 (Advances in Computers). by Marvin V. Zelkowitz, Marshall C. Yovits. (1995). — Elsevier. ISBN: 9780080524405","Advances in Computers, Volume 49 (Advances in Computers). بقلم Marvin V. Zelkowitz، Marshall C. Yovits. (1995). — Elsevier. ردمك: 9780080524405"
"NoSQL and Distributed Databases: CAP Theorem, Consistency, and Scalability",NoSQL وقواعد البيانات الموزعة: مبرهنة CAP، التناسق، والقابلية للتوسع.,https://smarticle.tech/en/article/nosql-and-distributed-databases-cap-theorem-consistency-and-scalability-202605150723,https://smarticle.tech/ar/article/nosql-and-distributed-databases-cap-theorem-consistency-and-scalability-202605150723,Databases,Hadoop,https://archive.org/details/hadoopdefinitive0000whit,"Hadoop. by Tom White, Tom White. (2009). — O'Reilly Media, Inc. ISBN: 9781491901717","Hadoop. بقلم Tom White، Tom White. (2009). — O'Reilly Media, Inc. ردمك: 9781491901717"
"NoSQL and Distributed Databases: CAP Theorem, Consistency, and Scalability",NoSQL وقواعد البيانات الموزعة: مبرهنة CAP، التناسق، والقابلية للتوسع.,https://smarticle.tech/en/article/nosql-and-distributed-databases-cap-theorem-consistency-and-scalability-202605150723,https://smarticle.tech/ar/article/nosql-and-distributed-databases-cap-theorem-consistency-and-scalability-202605150723,Databases,Advanced Data Management,https://openlibrary.org/works/OL20667921W,Advanced Data Management. by Lena Wiese. (2015). — De Gruyter. ISBN: 9783110433074,Advanced Data Management. بقلم Lena Wiese. (2015). — De Gruyter. ردمك: 9783110433074
"NoSQL and Distributed Databases: CAP Theorem, Consistency, and Scalability",NoSQL وقواعد البيانات الموزعة: مبرهنة CAP، التناسق، والقابلية للتوسع.,https://smarticle.tech/en/article/nosql-and-distributed-databases-cap-theorem-consistency-and-scalability-202605150723,https://smarticle.tech/ar/article/nosql-and-distributed-databases-cap-theorem-consistency-and-scalability-202605150723,Databases,A Critique of the CAP Theorem,https://arxiv.org/abs/1509.05393,"Martin Kleppmann. ""A Critique of the CAP Theorem"". semantic_scholar_foundational, 2015.","Martin Kleppmann. ""A Critique of the CAP Theorem"". semantic_scholar_foundational, 2015."
"NoSQL and Distributed Databases: CAP Theorem, Consistency, and Scalability",NoSQL وقواعد البيانات الموزعة: مبرهنة CAP، التناسق، والقابلية للتوسع.,https://smarticle.tech/en/article/nosql-and-distributed-databases-cap-theorem-consistency-and-scalability-202605150723,https://smarticle.tech/ar/article/nosql-and-distributed-databases-cap-theorem-consistency-and-scalability-202605150723,Databases,Quantifying and Generalizing the CAP Theorem,https://arxiv.org/abs/2109.07771,"Edward A. Lee, S. Bateni, S. Lin, Marten Lohstroh, Christian Menard. ""Quantifying and Generalizing the CAP Theorem"". semantic_scholar_foundational, 2021.","Edward A. Lee, S. Bateni, S. Lin, Marten Lohstroh, Christian Menard. ""Quantifying and Generalizing the CAP Theorem"". semantic_scholar_foundational, 2021."
"NoSQL and Distributed Databases: CAP Theorem, Consistency, and Scalability",NoSQL وقواعد البيانات الموزعة: مبرهنة CAP، التناسق، والقابلية للتوسع.,https://smarticle.tech/en/article/nosql-and-distributed-databases-cap-theorem-consistency-and-scalability-202605150723,https://smarticle.tech/ar/article/nosql-and-distributed-databases-cap-theorem-consistency-and-scalability-202605150723,Databases,Checking causal consistency of distributed databases,https://arxiv.org/abs/2011.09753,"Rachid Zennou, Ranadeep Biswas, A. Bouajjani, C. Enea, M. Erradi. ""Checking causal consistency of distributed databases"". semantic_scholar_foundational, 2019.","Rachid Zennou, Ranadeep Biswas, A. Bouajjani, C. Enea, M. Erradi. ""Checking causal consistency of distributed databases"". semantic_scholar_foundational, 2019."
"NoSQL and Distributed Databases: CAP Theorem, Consistency, and Scalability",NoSQL وقواعد البيانات الموزعة: مبرهنة CAP، التناسق، والقابلية للتوسع.,https://smarticle.tech/en/article/nosql-and-distributed-databases-cap-theorem-consistency-and-scalability-202605150723,https://smarticle.tech/ar/article/nosql-and-distributed-databases-cap-theorem-consistency-and-scalability-202605150723,Databases,"Native Distributed Databases: Problems, Challenges and Opportunities",https://doi.org/10.14778/3685800.3685839,"Quanqing Xu, Chuanhui Yang, Aoying Zhou. ""Native Distributed Databases: Problems, Challenges and Opportunities"". semantic_scholar_foundational, 2024.","Quanqing Xu, Chuanhui Yang, Aoying Zhou. ""Native Distributed Databases: Problems, Challenges and Opportunities"". semantic_scholar_foundational, 2024."
"NoSQL and Distributed Databases: CAP Theorem, Consistency, and Scalability",NoSQL وقواعد البيانات الموزعة: مبرهنة CAP، التناسق، والقابلية للتوسع.,https://smarticle.tech/en/article/nosql-and-distributed-databases-cap-theorem-consistency-and-scalability-202605150723,https://smarticle.tech/ar/article/nosql-and-distributed-databases-cap-theorem-consistency-and-scalability-202605150723,Databases,Consistency issue and related trade-offs in distributed replicated systems and databases: a review,https://doi.org/10.32620/reks.2023.2.14,"Ahmed J., Karpenko A., Tarasyuk O., Gorbenko A., Sheikh-Akbari A. ""Consistency issue and related trade-offs in distributed replicated systems and databases: a review"". semantic_scholar_foundational, 2023.","Ahmed J., Karpenko A., Tarasyuk O., Gorbenko A., Sheikh-Akbari A. ""Consistency issue and related trade-offs in distributed replicated systems and databases: a review"". semantic_scholar_foundational, 2023."
"NoSQL and Distributed Databases: CAP Theorem, Consistency, and Scalability",NoSQL وقواعد البيانات الموزعة: مبرهنة CAP، التناسق، والقابلية للتوسع.,https://smarticle.tech/en/article/nosql-and-distributed-databases-cap-theorem-consistency-and-scalability-202605150723,https://smarticle.tech/ar/article/nosql-and-distributed-databases-cap-theorem-consistency-and-scalability-202605150723,Databases,A Review of Polyglot Persistence in the Big Data World,https://doi.org/10.3390/INFO10040141,"P. P. Khine, Zhaoshun Wang. ""A Review of Polyglot Persistence in the Big Data World"". semantic_scholar_foundational, 2019.","P. P. Khine, Zhaoshun Wang. ""A Review of Polyglot Persistence in the Big Data World"". semantic_scholar_foundational, 2019."
"NoSQL and Distributed Databases: CAP Theorem, Consistency, and Scalability",NoSQL وقواعد البيانات الموزعة: مبرهنة CAP، التناسق، والقابلية للتوسع.,https://smarticle.tech/en/article/nosql-and-distributed-databases-cap-theorem-consistency-and-scalability-202605150723,https://smarticle.tech/ar/article/nosql-and-distributed-databases-cap-theorem-consistency-and-scalability-202605150723,Databases,Core Data-Management Strategies during Migration to Serverless Aurora Databases,https://doi.org/10.37547/tajas/volume07issue08-13,"Mykhaylo Kurtikov. ""Core Data-Management Strategies during Migration to Serverless Aurora Databases"". semantic_scholar_foundational, 2025.","Mykhaylo Kurtikov. ""Core Data-Management Strategies during Migration to Serverless Aurora Databases"". semantic_scholar_foundational, 2025."
Vector Databases and Semantic Search for AI Applications,قواعد البيانات المتجهية والبحث الدلالي لتطبيقات الذكاء الاصطناعي.,https://smarticle.tech/en/article/vector-databases-and-semantic-search-for-ai-applications-202605150731,https://smarticle.tech/ar/article/vector-databases-and-semantic-search-for-ai-applications-202605150731,Databases,Starling: An I/O-Efficient Disk-Resident Graph Index Framework for High-Dimensional Vector Similarity Search on Data Segment,https://arxiv.org/abs/2401.02116,"Mengzhao Wang et al. ""Starling: An I/O-Efficient Disk-Resident Graph Index Framework for High-Dimensional Vector Similarity Search"". semantic_scholar_foundational, 2024.","Mengzhao Wang et al. ""Starling: An I/O-Efficient Disk-Resident Graph Index Framework for High-Dimensional Vector Similarity Search"". semantic_scholar_foundational, 2024."
Vector Databases and Semantic Search for AI Applications,قواعد البيانات المتجهية والبحث الدلالي لتطبيقات الذكاء الاصطناعي.,https://smarticle.tech/en/article/vector-databases-and-semantic-search-for-ai-applications-202605150731,https://smarticle.tech/ar/article/vector-databases-and-semantic-search-for-ai-applications-202605150731,Databases,Analyzing Embedding Models for Embedding Vectors in Vector Databases,https://doi.org/10.1109/ICTBIG59752.2023.10455990,"Paras Nath Singh, Sreya Talasila, Shivaraj Veerappa Banakar. ""Analyzing Embedding Models for Embedding Vectors in Vector Databases"". semantic_scholar_foundational, 2023.","Paras Nath Singh, Sreya Talasila, Shivaraj Veerappa Banakar. ""Analyzing Embedding Models for Embedding Vectors in Vector Databases"". semantic_scholar_foundational, 2023."
Vector Databases and Semantic Search for AI Applications,قواعد البيانات المتجهية والبحث الدلالي لتطبيقات الذكاء الاصطناعي.,https://smarticle.tech/en/article/vector-databases-and-semantic-search-for-ai-applications-202605150731,https://smarticle.tech/ar/article/vector-databases-and-semantic-search-for-ai-applications-202605150731,Databases,Fast Approximate Similarity Join in Vector Databases,https://doi.org/10.1145/3725403,"Jiadong Xie, Jeffrey Xu Yu, Yingfan Liu. ""Fast Approximate Similarity Join in Vector Databases"". semantic_scholar_foundational, 2024.","Jiadong Xie, Jeffrey Xu Yu, Yingfan Liu. ""Fast Approximate Similarity Join in Vector Databases"". semantic_scholar_foundational, 2024."
Vector Databases and Semantic Search for AI Applications,قواعد البيانات المتجهية والبحث الدلالي لتطبيقات الذكاء الاصطناعي.,https://smarticle.tech/en/article/vector-databases-and-semantic-search-for-ai-applications-202605150731,https://smarticle.tech/ar/article/vector-databases-and-semantic-search-for-ai-applications-202605150731,Databases,Turbocharging Vector Databases using Modern SSDs,https://doi.org/10.14778/3749646.3749724,"Shim, Joobo, et al. ""Turbocharging Vector Databases using Modern SSDs"". semantic_scholar_foundational, 2025.","Shim, Joobo, et al. ""Turbocharging Vector Databases using Modern SSDs"". semantic_scholar_foundational, 2025."
Vector Databases and Semantic Search for AI Applications,قواعد البيانات المتجهية والبحث الدلالي لتطبيقات الذكاء الاصطناعي.,https://smarticle.tech/en/article/vector-databases-and-semantic-search-for-ai-applications-202605150731,https://smarticle.tech/ar/article/vector-databases-and-semantic-search-for-ai-applications-202605150731,Databases,The Elements of Statistical Learning,https://archive.org/details/elementsofstatis0000hast,"The Elements of Statistical Learning. by Trevor Hastie, Robert Tibshirani, Jerome Friedman. (2001). — Springer. ISBN: 9780387216065",The Elements of Statistical Learning. بقلم Trevor Hastie، Robert Tibshirani، Jerome Friedman. (2001). — Springer. ردمك: 9780387216065
Deep Learning and Neural Network Architectures,التعلم العميق وهياكل الشبكات العصبية,https://smarticle.tech/en/article/deep-learning-and-neural-network-architectures-202605150739,https://smarticle.tech/ar/article/deep-learning-and-neural-network-architectures-202605150739,Artificial Intelligence,Neural Information Processing,https://openlibrary.org/works/OL20809558W,"Neural Information Processing. by Long Cheng, Andrew Chi Sing Leung, Seiichi Ozawa. (2018). — Springer. ISBN: 9819916445",Neural Information Processing. بقلم Long Cheng، Andrew Chi Sing Leung، Seiichi Ozawa. (2018). — Springer. ردمك: 9819916445
Deep Learning and Neural Network Architectures,التعلم العميق وهياكل الشبكات العصبية,https://smarticle.tech/en/article/deep-learning-and-neural-network-architectures-202605150739,https://smarticle.tech/ar/article/deep-learning-and-neural-network-architectures-202605150739,Artificial Intelligence,Introduction to Neural and Cognitive Modeling,https://archive.org/details/introductiontone0000levi,Introduction to Neural and Cognitive Modeling. by Daniel S. Levine. (1991). — Taylor & Francis Group. ISBN: 1410605507,Introduction to Neural and Cognitive Modeling. بقلم Daniel S. Levine. (1991). — Taylor & Francis Group. ردمك: 1410605507
Deep Learning and Neural Network Architectures,التعلم العميق وهياكل الشبكات العصبية,https://smarticle.tech/en/article/deep-learning-and-neural-network-architectures-202605150739,https://smarticle.tech/ar/article/deep-learning-and-neural-network-architectures-202605150739,Artificial Intelligence,Perceptrons,https://archive.org/details/perceptronsintro0000mins,"Perceptrons. by Marvin Minsky, Seymour Papert, Léon Bottou. (1969). — M.I.T. Press. ISBN: 0262343932",Perceptrons. بقلم Marvin Minsky، Seymour Papert، Léon Bottou. (1969). — M.I.T. Press. ردمك: 0262343932
Deep Learning and Neural Network Architectures,التعلم العميق وهياكل الشبكات العصبية,https://smarticle.tech/en/article/deep-learning-and-neural-network-architectures-202605150739,https://smarticle.tech/ar/article/deep-learning-and-neural-network-architectures-202605150739,Artificial Intelligence,Engineering Applications of Neural Networks,https://openlibrary.org/works/OL20698209W,"Engineering Applications of Neural Networks. by Chrisina Jayne, Shigang Yue, Lazaros S. Iliadis. (2012). — Springer International Publishing AG. ISBN: 9783642410130",Engineering Applications of Neural Networks. بقلم Chrisina Jayne، Shigang Yue، Lazaros S. Iliadis. (2012). — Springer International Publishing AG. ردمك: 9783642410130
Deep Learning and Neural Network Architectures,التعلم العميق وهياكل الشبكات العصبية,https://smarticle.tech/en/article/deep-learning-and-neural-network-architectures-202605150739,https://smarticle.tech/ar/article/deep-learning-and-neural-network-architectures-202605150739,Artificial Intelligence,Computational Intelligence,https://openlibrary.org/works/OL5851746W,Computational Intelligence. by Andries P. Engelbrecht. (2002). — John Wiley & Sons. ISBN: 9780470848708,Computational Intelligence. بقلم Andries P. Engelbrecht. (2002). — John Wiley & Sons. ردمك: 9780470848708
Deep Learning and Neural Network Architectures,التعلم العميق وهياكل الشبكات العصبية,https://smarticle.tech/en/article/deep-learning-and-neural-network-architectures-202605150739,https://smarticle.tech/ar/article/deep-learning-and-neural-network-architectures-202605150739,Artificial Intelligence,Deep Learning for Biomedical Applications,https://openlibrary.org/works/OL25284642W,"Deep Learning for Biomedical Applications. by Utku Kose, Omer Deperlioglu, D. Jude Hemanth. (2021). — Taylor & Francis Group. ISBN: 1000406431",Deep Learning for Biomedical Applications. بقلم Utku Kose، Omer Deperlioglu، D. Jude Hemanth. (2021). — Taylor & Francis Group. ردمك: 1000406431
Deep Learning and Neural Network Architectures,التعلم العميق وهياكل الشبكات العصبية,https://smarticle.tech/en/article/deep-learning-and-neural-network-architectures-202605150739,https://smarticle.tech/ar/article/deep-learning-and-neural-network-architectures-202605150739,Artificial Intelligence,Deep Learning for Remote Sensing Images with Open Source Software,https://openlibrary.org/works/OL25247992W,Deep Learning for Remote Sensing Images with Open Source Software. by Rémi Cresson. (2020). — CRC Press. ISBN: 9781000093605,Deep Learning for Remote Sensing Images with Open Source Software. بقلم Rémi Cresson. (2020). — CRC Press. ردمك: 9781000093605
Deep Learning and Neural Network Architectures,التعلم العميق وهياكل الشبكات العصبية,https://smarticle.tech/en/article/deep-learning-and-neural-network-architectures-202605150739,https://smarticle.tech/ar/article/deep-learning-and-neural-network-architectures-202605150739,Artificial Intelligence,Nuts and Bolts of Deep Learning for Computer Vision,https://doi.org/10.1007/978-1-4842-6616-8_2,"Vaibhav Verdhan. ""Nuts and Bolts of Deep Learning for Computer Vision"". crossref, 2021.","Vaibhav Verdhan. ""Nuts and Bolts of Deep Learning for Computer Vision"". crossref, 2021."
Deep Learning and Neural Network Architectures,التعلم العميق وهياكل الشبكات العصبية,https://smarticle.tech/en/article/deep-learning-and-neural-network-architectures-202605150739,https://smarticle.tech/ar/article/deep-learning-and-neural-network-architectures-202605150739,Artificial Intelligence,Convolutional neural network architectures,https://doi.org/10.1016/b978-0-323-90198-7.00001-x,"Huang, S.-C., Le, T.-H. ""Convolutional neural network architectures"". crossref, 2021.","Huang, S.-C., Le, T.-H. ""Convolutional neural network architectures"". crossref, 2021."
Deep Learning and Neural Network Architectures,التعلم العميق وهياكل الشبكات العصبية,https://smarticle.tech/en/article/deep-learning-and-neural-network-architectures-202605150739,https://smarticle.tech/ar/article/deep-learning-and-neural-network-architectures-202605150739,Artificial Intelligence,Overview of advanced neural network architectures,https://doi.org/10.1016/b978-0-323-67538-3.00003-8,"Benjamin R. Mitchell. ""Overview of advanced neural network architectures"". crossref, 2021.","Benjamin R. Mitchell. ""Overview of advanced neural network architectures"". crossref, 2021."
Transformer Architectures and Large Language Models,هندسة المحولات والنماذج اللغوية الكبيرة: ثورة الذكاء الاصطناعي في معالجة اللغة,https://smarticle.tech/en/article/transformer-architectures-and-large-language-models-202605150748,https://smarticle.tech/ar/article/transformer-architectures-and-large-language-models-202605150748,Artificial Intelligence,Artificial intelligence,https://archive.org/details/isbn_9788177583670,"Artificial intelligence. by Stuart J. Russell, Peter Norvig. (1994). — Prentice Hall/Pearson Education. ISBN: 1292401133",Artificial intelligence. بقلم Stuart J. Russell، Peter Norvig. (1994). — Prentice Hall/Pearson Education. ردمك: 1292401133
Transformer Architectures and Large Language Models,هندسة المحولات والنماذج اللغوية الكبيرة: ثورة الذكاء الاصطناعي في معالجة اللغة,https://smarticle.tech/en/article/transformer-architectures-and-large-language-models-202605150748,https://smarticle.tech/ar/article/transformer-architectures-and-large-language-models-202605150748,Artificial Intelligence,Deep Learning with Pytorch Quick Start Guide,https://openlibrary.org/works/OL25233183W,"Deep Learning with Pytorch Quick Start Guide. by David Julian. (2018). — de Gruyter GmbH, Walter. ISBN: 9781789534092","Deep Learning with Pytorch Quick Start Guide. بقلم David Julian. (2018). — de Gruyter GmbH, Walter. ردمك: 9781789534092"
Transformer Architectures and Large Language Models,هندسة المحولات والنماذج اللغوية الكبيرة: ثورة الذكاء الاصطناعي في معالجة اللغة,https://smarticle.tech/en/article/transformer-architectures-and-large-language-models-202605150748,https://smarticle.tech/ar/article/transformer-architectures-and-large-language-models-202605150748,Artificial Intelligence,Attention mechanisms in neural networks,https://arxiv.org/abs/2601.03329,"Hasi Hays. ""Attention mechanisms in neural networks"". semantic_scholar_foundational, 2026.","هاسي هايز. ""آليات الانتباه في الشبكات العصبية"". *semantic_scholar_foundational*، 2026."
Transformer Architectures and Large Language Models,هندسة المحولات والنماذج اللغوية الكبيرة: ثورة الذكاء الاصطناعي في معالجة اللغة,https://smarticle.tech/en/article/transformer-architectures-and-large-language-models-202605150748,https://smarticle.tech/ar/article/transformer-architectures-and-large-language-models-202605150748,Artificial Intelligence,The role of selective attention on academic foundations: A cognitive neuroscience perspective,https://doi.org/10.1016/j.dcn.2011.11.001,"Stevens, C., Bavelier, D. ""The role of selective attention on academic foundations: A cognitive neuroscience perspective"". *semantic_scholar_foundational*, 2011.","ستيفنز، سي، وبافلييه، دي. ""دور الانتباه الانتقائي في الأسس الأكاديمية: منظور من علم الأعصاب المعرفي"". *semantic_scholar_foundational*، 2011."
"Reinforcement Learning: Agents, Rewards, and Policy Optimization",التعلم المعزز: الوكلاء، المكافآت، وتحسين السياسة.,https://smarticle.tech/en/article/reinforcement-learning-agents-rewards-and-policy-optimization-202605150816,https://smarticle.tech/ar/article/reinforcement-learning-agents-rewards-and-policy-optimization-202605150816,Artificial Intelligence,Foundations of Reinforcement Learning with Applications in Finance,https://openlibrary.org/works/OL28353397W,"Foundations of Reinforcement Learning with Applications in Finance. by Ashwin Rao, Tikhon Jelvis. (2022). — Unknown Publisher. ISBN: 9781000801057",Foundations of Reinforcement Learning with Applications in Finance. بقلم Ashwin Rao، Tikhon Jelvis. (2022). — Unknown Publisher. ردمك: 9781000801057
"Reinforcement Learning: Agents, Rewards, and Policy Optimization",التعلم المعزز: الوكلاء، المكافآت، وتحسين السياسة.,https://smarticle.tech/en/article/reinforcement-learning-agents-rewards-and-policy-optimization-202605150816,https://smarticle.tech/ar/article/reinforcement-learning-agents-rewards-and-policy-optimization-202605150816,Artificial Intelligence,Mastering Reinforcement Learning : from Foundations to Frontiers,https://openlibrary.org/works/OL35778756W,Mastering Reinforcement Learning : from Foundations to Frontiers. by Neelesh Mungol. (2023). — Absolute Author Publishing House. ISBN: 9781649537973,Mastering Reinforcement Learning : from Foundations to Frontiers. بقلم Neelesh Mungol. (2023). — Absolute Author Publishing House. ردمك: 9781649537973
"Reinforcement Learning: Agents, Rewards, and Policy Optimization",التعلم المعزز: الوكلاء، المكافآت، وتحسين السياسة.,https://smarticle.tech/en/article/reinforcement-learning-agents-rewards-and-policy-optimization-202605150816,https://smarticle.tech/ar/article/reinforcement-learning-agents-rewards-and-policy-optimization-202605150816,Artificial Intelligence,Multi-Agent Reinforcement Learning,https://openlibrary.org/works/OL38040572W,"Multi-Agent Reinforcement Learning. by Stefano V. Albrecht, Filippos Christianos, Lukas Schäfer. (2024). — MIT Press. ISBN: 9780262049375",Multi-Agent Reinforcement Learning. بقلم Stefano V. Albrecht، Filippos Christianos، Lukas Schäfer. (2024). — MIT Press. ردمك: 9780262049375
"Reinforcement Learning: Agents, Rewards, and Policy Optimization",التعلم المعزز: الوكلاء، المكافآت، وتحسين السياسة.,https://smarticle.tech/en/article/reinforcement-learning-agents-rewards-and-policy-optimization-202605150816,https://smarticle.tech/ar/article/reinforcement-learning-agents-rewards-and-policy-optimization-202605150816,Artificial Intelligence,Mathematical Foundation of Reinforcement Learning,https://openlibrary.org/works/OL38117249W,Mathematical Foundation of Reinforcement Learning. by Shiyu Zhao. (2024). — Springer. ISBN: 9789819739431,Mathematical Foundation of Reinforcement Learning. بقلم Shiyu Zhao. (2024). — Springer. ردمك: 9789819739431
"Reinforcement Learning: Agents, Rewards, and Policy Optimization",التعلم المعزز: الوكلاء، المكافآت، وتحسين السياسة.,https://smarticle.tech/en/article/reinforcement-learning-agents-rewards-and-policy-optimization-202605150816,https://smarticle.tech/ar/article/reinforcement-learning-agents-rewards-and-policy-optimization-202605150816,Artificial Intelligence,Foundations of Deep Reinforcement Learning,https://openlibrary.org/works/OL20793929W,"Foundations of Deep Reinforcement Learning. by Laura Graesser, Wah Loon Keng. (2019). — Addison-Wesley Professional. ISBN: 0135172470",Foundations of Deep Reinforcement Learning. بقلم Laura Graesser، Wah Loon Keng. (2019). — Addison-Wesley Professional. ردمك: 0135172470
"Reinforcement Learning: Agents, Rewards, and Policy Optimization",التعلم المعزز: الوكلاء، المكافآت، وتحسين السياسة.,https://smarticle.tech/en/article/reinforcement-learning-agents-rewards-and-policy-optimization-202605150816,https://smarticle.tech/ar/article/reinforcement-learning-agents-rewards-and-policy-optimization-202605150816,Artificial Intelligence,An Introduction To Deep Reinforcement Learning,https://openlibrary.org/works/OL38054984W,"An Introduction To Deep Reinforcement Learning. by Vincent François-Lavet, Peter Henderson, Riashat Islam. (2018). ISBN: 9781680835397",An Introduction To Deep Reinforcement Learning. بقلم Vincent François-Lavet، Peter Henderson، Riashat Islam. (2018). ردمك: 9781680835397
"Reinforcement Learning: Agents, Rewards, and Policy Optimization",التعلم المعزز: الوكلاء، المكافآت، وتحسين السياسة.,https://smarticle.tech/en/article/reinforcement-learning-agents-rewards-and-policy-optimization-202605150816,https://smarticle.tech/ar/article/reinforcement-learning-agents-rewards-and-policy-optimization-202605150816,Artificial Intelligence,Introduction to Deep Reinforcement Learning,https://openlibrary.org/works/OL28331713W,"Introduction to Deep Reinforcement Learning. by Vincent François-Lavet, Peter Henderson, Riashat Islam. (2018). — Now Publishers. ISBN: 1680835386",Introduction to Deep Reinforcement Learning. بقلم Vincent François-Lavet، Peter Henderson، Riashat Islam. (2018). — Now Publishers. ردمك: 1680835386
"Reinforcement Learning: Agents, Rewards, and Policy Optimization",التعلم المعزز: الوكلاء، المكافآت، وتحسين السياسة.,https://smarticle.tech/en/article/reinforcement-learning-agents-rewards-and-policy-optimization-202605150816,https://smarticle.tech/ar/article/reinforcement-learning-agents-rewards-and-policy-optimization-202605150816,Artificial Intelligence,Foundations of learning classifier systems,https://openlibrary.org/works/OL16944039W,Foundations of learning classifier systems. by Larry Bull. (2005). — Springer Berlin / Heidelberg. ISBN: 3540250735,Foundations of learning classifier systems. بقلم Larry Bull. (2005). — Springer Berlin / Heidelberg. ردمك: 3540250735
"Reinforcement Learning: Agents, Rewards, and Policy Optimization",التعلم المعزز: الوكلاء، المكافآت، وتحسين السياسة.,https://smarticle.tech/en/article/reinforcement-learning-agents-rewards-and-policy-optimization-202605150816,https://smarticle.tech/ar/article/reinforcement-learning-agents-rewards-and-policy-optimization-202605150816,Artificial Intelligence,TRUST-REGION BASED POLICY OPTIMIZATION FOR EFFICIENT REINFORCEMENT LEARNING,https://doi.org/10.23860/diss-li-hepfeng-2023,"Li, Hepfeng. ""TRUST-REGION BASED POLICY OPTIMIZATION FOR EFFICIENT REINFORCEMENT LEARNING"". crossref, 2023.","لي، هيبفينغ. ""التحسين القائم على منطقة الثقة للسياسة في التعلم المعزز الفعال"". كروسريف، 2023."
"Reinforcement Learning: Agents, Rewards, and Policy Optimization",التعلم المعزز: الوكلاء، المكافآت، وتحسين السياسة.,https://smarticle.tech/en/article/reinforcement-learning-agents-rewards-and-policy-optimization-202605150816,https://smarticle.tech/ar/article/reinforcement-learning-agents-rewards-and-policy-optimization-202605150816,Artificial Intelligence,Stochastic Optimization Methods for Policy Evaluation in Reinforcement Learning,https://doi.org/10.1561/9781638283713,"Zhou, Yi; Ma, Shaocong. ""Stochastic Optimization Methods for Policy Evaluation in Reinforcement Learning"". crossref, 2024.","زهو، يي؛ ما، شاوكونغ. ""طرق التحسين العشوائي لتقييم السياسة في التعلم المعزز"". كروسريف، 2024."
"Network Security: Cryptographic Protocols, TLS, and Firewall Architecture",أمان الشبكات: البروتوكولات التشفيرية، TLS، وهندسة الجدار الناري.,https://smarticle.tech/en/article/network-security-cryptographic-protocols-tls-and-firewall-architecture-202605150839,https://smarticle.tech/ar/article/network-security-cryptographic-protocols-tls-and-firewall-architecture-202605150839,Cybersecurity,Introduction to modern cryptography,https://archive.org/details/Introduction_to_Modern_Cryptography,"Introduction to modern cryptography. by Jonathan Katz, Yehuda Lindell. (2007). — CRC Press. ISBN: 9781351133036",Introduction to modern cryptography. بقلم Jonathan Katz، Yehuda Lindell. (2007). — CRC Press. ردمك: 9781351133036
"Network Security: Cryptographic Protocols, TLS, and Firewall Architecture",أمان الشبكات: البروتوكولات التشفيرية، TLS، وهندسة الجدار الناري.,https://smarticle.tech/en/article/network-security-cryptographic-protocols-tls-and-firewall-architecture-202605150839,https://smarticle.tech/ar/article/network-security-cryptographic-protocols-tls-and-firewall-architecture-202605150839,Cybersecurity,Practical Introduction to Enterprise Network and Security Management,https://openlibrary.org/works/OL21607997W,Practical Introduction to Enterprise Network and Security Management. by Bongsik Shin. (2017). — Taylor & Francis Group. ISBN: 1498787991,Practical Introduction to Enterprise Network and Security Management. بقلم Bongsik Shin. (2017). — Taylor & Francis Group. ردمك: 1498787991
"Network Security: Cryptographic Protocols, TLS, and Firewall Architecture",أمان الشبكات: البروتوكولات التشفيرية، TLS، وهندسة الجدار الناري.,https://smarticle.tech/en/article/network-security-cryptographic-protocols-tls-and-firewall-architecture-202605150839,https://smarticle.tech/ar/article/network-security-cryptographic-protocols-tls-and-firewall-architecture-202605150839,Cybersecurity,Introduction to Computer Networks and Cybersecurity,https://archive.org/details/introductiontoco0000wuch,"Introduction to Computer Networks and Cybersecurity. by Chwan-Hwa (John) Wu, J. David Irwin. (2013). — Taylor & Francis Group. ISBN: 9781466572140",Introduction to Computer Networks and Cybersecurity. بقلم Chwan-Hwa (John) Wu، J. David Irwin. (2013). — Taylor & Francis Group. ردمك: 9781466572140
"Network Security: Cryptographic Protocols, TLS, and Firewall Architecture",أمان الشبكات: البروتوكولات التشفيرية، TLS، وهندسة الجدار الناري.,https://smarticle.tech/en/article/network-security-cryptographic-protocols-tls-and-firewall-architecture-202605150839,https://smarticle.tech/ar/article/network-security-cryptographic-protocols-tls-and-firewall-architecture-202605150839,Cybersecurity,"Access Control, Security, and Trust",https://archive.org/details/accesscontrolsec0000chin,"Access Control, Security, and Trust. by Shiu-Kai Chin, Susan Beth Older. (2009). — CRC Press LLC. ISBN: 1439894639","Access Control, Security, and Trust. بقلم Shiu-Kai Chin، Susan Beth Older. (2009). — CRC Press LLC. ردمك: 1439894639"
"Network Security: Cryptographic Protocols, TLS, and Firewall Architecture",أمان الشبكات: البروتوكولات التشفيرية، TLS، وهندسة الجدار الناري.,https://smarticle.tech/en/article/network-security-cryptographic-protocols-tls-and-firewall-architecture-202605150839,https://smarticle.tech/ar/article/network-security-cryptographic-protocols-tls-and-firewall-architecture-202605150839,Cybersecurity,Cryptographic Protocol,https://openlibrary.org/works/OL20682307W,"Cryptographic Protocol. by Ling Dong, Kefei Chen. (2012). — Springer London, Limited. ISBN: 9783642240737","Cryptographic Protocol. بقلم Ling Dong، Kefei Chen. (2012). — Springer London, Limited. ردمك: 9783642240737"
"Network Security: Cryptographic Protocols, TLS, and Firewall Architecture",أمان الشبكات: البروتوكولات التشفيرية، TLS، وهندسة الجدار الناري.,https://smarticle.tech/en/article/network-security-cryptographic-protocols-tls-and-firewall-architecture-202605150839,https://smarticle.tech/ar/article/network-security-cryptographic-protocols-tls-and-firewall-architecture-202605150839,Cybersecurity,Introduction to network security,https://openlibrary.org/works/OL9889133W,Introduction to network security. by Douglas Jacobson. (2008). — Taylor & Francis Group. ISBN: 1439890838,Introduction to network security. بقلم Douglas Jacobson. (2008). — Taylor & Francis Group. ردمك: 1439890838
"Network Security: Cryptographic Protocols, TLS, and Firewall Architecture",أمان الشبكات: البروتوكولات التشفيرية، TLS، وهندسة الجدار الناري.,https://smarticle.tech/en/article/network-security-cryptographic-protocols-tls-and-firewall-architecture-202605150839,https://smarticle.tech/ar/article/network-security-cryptographic-protocols-tls-and-firewall-architecture-202605150839,Cybersecurity,"Cryptographic Protocols, Techniques for Secure Protocol Design",https://openlibrary.org/works/OL21405840W,"Cryptographic Protocols, Techniques for Secure Protocol Design. by Markus Jakobsson, Wenbo Mao, Helger Lipmaa. (2008). — Pearson Education, Limited. ISBN: 9780131484719","Cryptographic Protocols, Techniques for Secure Protocol Design. بقلم Markus Jakobsson، Wenbo Mao، Helger Lipmaa. (2008). — Pearson Education, Limited. ردمك: 9780131484719"
"Network Security: Cryptographic Protocols, TLS, and Firewall Architecture",أمان الشبكات: البروتوكولات التشفيرية، TLS، وهندسة الجدار الناري.,https://smarticle.tech/en/article/network-security-cryptographic-protocols-tls-and-firewall-architecture-202605150839,https://smarticle.tech/ar/article/network-security-cryptographic-protocols-tls-and-firewall-architecture-202605150839,Cybersecurity,Architecture and applications for a distributed embedded firewall,https://doi.org/10.1109/acsac.2001.991548,"Payne, C., Markham, T. ""Architecture and applications for a distributed embedded firewall"". crossref, 2001.","Payne, C., Markham, T. ""الهيكل المعماري والتطبيقات لجدار ناري موزع مدمج"". Crossref، 2001."
"Network Security: Cryptographic Protocols, TLS, and Firewall Architecture",أمان الشبكات: البروتوكولات التشفيرية، TLS، وهندسة الجدار الناري.,https://smarticle.tech/en/article/network-security-cryptographic-protocols-tls-and-firewall-architecture-202605150839,https://smarticle.tech/ar/article/network-security-cryptographic-protocols-tls-and-firewall-architecture-202605150839,Cybersecurity,Security at the network edge: a distributed firewall architecture,https://doi.org/10.1109/discex.2001.932222,"Markham, T., Payne, C. ""Security at the network edge: a distributed firewall architecture"". crossref, 2001.","Markham, T., Payne, C. ""الأمن عند حافة الشبكة: هيكل معماري لجدار ناري موزع"". Crossref، 2001."
"Network Security: Cryptographic Protocols, TLS, and Firewall Architecture",أمان الشبكات: البروتوكولات التشفيرية، TLS، وهندسة الجدار الناري.,https://smarticle.tech/en/article/network-security-cryptographic-protocols-tls-and-firewall-architecture-202605150839,https://smarticle.tech/ar/article/network-security-cryptographic-protocols-tls-and-firewall-architecture-202605150839,Cybersecurity,A Survey of Firewall Technologies for Network Security,https://doi.org/10.1016/j.egypro.2011.12.138,"Xie Liang. ""A Survey of Firewall Technologies for Network Security"". crossref, 2011.","Xie Liang. ""دراسة استقصائية لتقنيات الجدران النارية لأمن الشبكات"". Crossref، 2011."
Adversarial Attacks and Defenses in Machine Learning Systems,الهجمات الخصمية والدفاعات في أنظمة التعلم الآلي,https://smarticle.tech/en/article/adversarial-attacks-and-defenses-in-machine-learning-systems-202605150850,https://smarticle.tech/ar/article/adversarial-attacks-and-defenses-in-machine-learning-systems-202605150850,Cybersecurity,Cyber Security and Adversarial Machine Learning,https://openlibrary.org/works/OL26769710W,Cyber Security and Adversarial Machine Learning. by Ferhat Ozgur Catak. (2021). — IGI Global. ISBN: 9781799890638,Cyber Security and Adversarial Machine Learning. بقلم Ferhat Ozgur Catak. (2021). — IGI Global. ردمك: 9781799890638
Adversarial Attacks and Defenses in Machine Learning Systems,الهجمات الخصمية والدفاعات في أنظمة التعلم الآلي,https://smarticle.tech/en/article/adversarial-attacks-and-defenses-in-machine-learning-systems-202605150850,https://smarticle.tech/ar/article/adversarial-attacks-and-defenses-in-machine-learning-systems-202605150850,Cybersecurity,Adversarial Machine Learning,https://openlibrary.org/works/OL20520459W,"Adversarial Machine Learning. by Anthony D. Joseph, Blaine Nelson, Benjamin I. P. Rubinstein. (2017). — Cambridge University Press. ISBN: 9781107338548",Adversarial Machine Learning. بقلم Anthony D. Joseph، Blaine Nelson، Benjamin I. P. Rubinstein. (2017). — Cambridge University Press. ردمك: 9781107338548
Adversarial Attacks and Defenses in Machine Learning Systems,الهجمات الخصمية والدفاعات في أنظمة التعلم الآلي,https://smarticle.tech/en/article/adversarial-attacks-and-defenses-in-machine-learning-systems-202605150850,https://smarticle.tech/ar/article/adversarial-attacks-and-defenses-in-machine-learning-systems-202605150850,Cybersecurity,Towards Deep Learning Models Resistant to Adversarial Attacks,https://arxiv.org/abs/1706.06083,"Madry A., Makelov A., Schmidt L., Tsipras D., Vladu A. ""Towards Deep Learning Models Resistant to Adversarial Attacks"". semantic_scholar_foundational, 2017.","مَادْري، إيه.، مَاكيلُوف، إيه.، شْمِيدْت، إل.، تْسِيرَاس، د.، فْلَادُو، إيه. ""نحو نماذج تعلّم عميق مقاومة للهجمات العدائية"". semantic_scholar_foundational، 2017."
Adversarial Attacks and Defenses in Machine Learning Systems,الهجمات الخصمية والدفاعات في أنظمة التعلم الآلي,https://smarticle.tech/en/article/adversarial-attacks-and-defenses-in-machine-learning-systems-202605150850,https://smarticle.tech/ar/article/adversarial-attacks-and-defenses-in-machine-learning-systems-202605150850,Cybersecurity,Adversarial Attacks and Defenses in Deep Learning,https://doi.org/10.1016/j.eng.2019.12.012,"Ren, K., Tianhang Zheng, Zhan Qin, Xue Liu. ""Adversarial Attacks and Defenses in Deep Learning"". Engineering, 2020.","رِن، ك.، تْيانْهَانْغ زْهَنْغ، زْهَانْ قِين، شْيُهْ لِيُو. ""الهجمات الدفاعية والهجمات المضادة في التعلّم العميق"". Engineering، 2020."
Adversarial Attacks and Defenses in Machine Learning Systems,الهجمات الخصمية والدفاعات في أنظمة التعلم الآلي,https://smarticle.tech/en/article/adversarial-attacks-and-defenses-in-machine-learning-systems-202605150850,https://smarticle.tech/ar/article/adversarial-attacks-and-defenses-in-machine-learning-systems-202605150850,Cybersecurity,Optimism in the Face of Adversity: Understanding and Improving Deep Learning Through Adversarial Robustness,https://arxiv.org/abs/2010.09624,"Guillermo Ortiz-Jiménez et al. ""Optimism in the Face of Adversity: Understanding and Improving Deep Learning Through Adversarial Robustness"". semantic_scholar_foundational, 2020.","غِيلِيرْمُو أورتِيز-خِيمِينِيز وآخرون. ""التفاؤل في مواجهة الشدائد: فهم وتحسين التعلّم العميق من خلال المتانة ضد الهجمات العدائية"". semantic_scholar_foundational، 2020."
Adversarial Attacks and Defenses in Machine Learning Systems,الهجمات الخصمية والدفاعات في أنظمة التعلم الآلي,https://smarticle.tech/en/article/adversarial-attacks-and-defenses-in-machine-learning-systems-202605150850,https://smarticle.tech/ar/article/adversarial-attacks-and-defenses-in-machine-learning-systems-202605150850,Cybersecurity,A Simple Framework to Enhance the Adversarial Robustness of Deep Learning-based Intrusion Detection System,https://arxiv.org/abs/2312.03245,"Xin Yuan, Shu Han, Wei Huang, Hongliang Ye, Xianglong Kong, Fan Zhang. ""A Simple Framework to Enhance the Adversarial Robustness of Deep Learning-based Intrusion Detection System"". semantic_scholar_foundational, 2023.","شِينْ يُوانْ، شْو هَانْ، وِي هْوَانْغ، هْونغْلِيَانْغ يَ، شِيَانْغْلُونغْ كْونغْ، فَانْ زْهَانْغ. ""إطار عمل بسيط لتعزيز متانة أنظمة كشف التسلل القائمة على التعلّم العميق ضد الهجمات العدائية"". semantic_scholar_foundational، 2023."
Adversarial Attacks and Defenses in Machine Learning Systems,الهجمات الخصمية والدفاعات في أنظمة التعلم الآلي,https://smarticle.tech/en/article/adversarial-attacks-and-defenses-in-machine-learning-systems-202605150850,https://smarticle.tech/ar/article/adversarial-attacks-and-defenses-in-machine-learning-systems-202605150850,Cybersecurity,"Evaluating the Robustness of Deep Learning Models against Adversarial Attacks: An Analysis with FGSM, PGD and CW",https://doi.org/10.3390/bdcc8010008,"W. Villegas-Ch., Ángel Jaramillo-Alcázar, Sergio Luján-Mora. ""Evaluating the Robustness of Deep Learning Models against Adversarial Attacks: An Analysis with FGSM, PGD and CW"". BDCC, 2024.","و. فِيلْيَغاس-شْ، آنْخِيلْ جَارَامِيلْو-أَلْكَازَار، سِرْجِيو لُوخَانْ-مُورا. ""تقييم متانة نماذج التعلّم العميق ضد الهجمات العدائية: تحليل باستخدام FGSM وPGD وCW"". BDCC، 2024."
Adversarial Attacks and Defenses in Machine Learning Systems,الهجمات الخصمية والدفاعات في أنظمة التعلم الآلي,https://smarticle.tech/en/article/adversarial-attacks-and-defenses-in-machine-learning-systems-202605150850,https://smarticle.tech/ar/article/adversarial-attacks-and-defenses-in-machine-learning-systems-202605150850,Cybersecurity,On the role of deep learning model complexity in adversarial robustness for medical images,https://doi.org/10.1186/s12911-022-01891-w,"Rodriguez D., Nayak T., Chen Y., Krishnan R., Huang Y. ""On the role of deep learning model complexity in adversarial robustness for medical images"". semantic_scholar_foundational, 2022.","رُدْرِغِيز، د.، نَايَاك، ت.، شْيِنْ، ي.، كْرِيشْنَانْ، ر.، هْوَانْغ، ي. ""حول دور تعقيد نماذج التعلّم العميق في المتانة ضد الهجمات العدائية للصور الطبية"". semantic_scholar_foundational، 2022."
Adversarial Attacks and Defenses in Machine Learning Systems,الهجمات الخصمية والدفاعات في أنظمة التعلم الآلي,https://smarticle.tech/en/article/adversarial-attacks-and-defenses-in-machine-learning-systems-202605150850,https://smarticle.tech/ar/article/adversarial-attacks-and-defenses-in-machine-learning-systems-202605150850,Cybersecurity,Adversarial Robustness Enhancement for Deep Learning-Based Soft Sensors: An Adversarial Training Strategy Using Historical Gradients and Domain Adapta,https://doi.org/10.3390/s24123909,"Runyuan Guo, Qingyuan Chen, Hanqing Liu, Wenqing Wang. ""Adversarial Robustness Enhancement for Deep Learning-Based Soft Sensors: An Adversarial Training Strategy Using Historical Gradients and Domain Adaptation"". semantic_scholar_foundational, 2024.","رُونْيُوانْ غْوَ، قِينغْيُوانْ شْيِنْ، هَانْقِينغْ لِيُو، وِنْقِينغْ وَانْغ. ""تعزيز متانة أجهزة الاستشعار الناعمة القائمة على التعلّم العميق ضد الهجمات العدائية: استراتيجية تدريب عدائي باستخدام التدرجات التاريخية والتكيّف المجالي"". semantic_scholar_foundational، 2024."
Adversarial Attacks and Defenses in Machine Learning Systems,الهجمات الخصمية والدفاعات في أنظمة التعلم الآلي,https://smarticle.tech/en/article/adversarial-attacks-and-defenses-in-machine-learning-systems-202605150850,https://smarticle.tech/ar/article/adversarial-attacks-and-defenses-in-machine-learning-systems-202605150850,Cybersecurity,TabularBench: Benchmarking Adversarial Robustness for Tabular Deep Learning in Real-world Use-cases,https://arxiv.org/abs/2408.07579,"Thibault Simonetto, Salah Ghamizi, Maxime Cordy. ""TabularBench: Benchmarking Adversarial Robustness for Tabular Deep Learning in Real-world Use-cases"". semantic_scholar_foundational, 2024.","تِيبُولْتْ سِيمونِيتُو، صَلَاحْ غَامِيزِيّ، مَاكْسِيمْ كوردِي. ""TabularBench: تقييم متانة التعلّم العميق الجدولي ضد الهجمات العدائية في حالات الاستخدام الحقيقية"". semantic_scholar_foundational، 2024."
Privacy-Preserving Computing: Differential Privacy and Federated Learning,الحوسبة المحافظة على الخصوصية: الخصوصية التفاضلية والتعلم المجمّع.,https://smarticle.tech/en/article/privacy-preserving-computing-differential-privacy-and-federated-learning-202605150858,https://smarticle.tech/ar/article/privacy-preserving-computing-differential-privacy-and-federated-learning-202605150858,Cybersecurity,Privacy-Preserving Computing,https://openlibrary.org/works/OL36044441W,"Privacy-Preserving Computing. by Kai Chen, Qiang Yang. (2023). — Cambridge University Press. ISBN: 1009299530",Privacy-Preserving Computing. بقلم Kai Chen، Qiang Yang. (2023). — Cambridge University Press. ردمك: 1009299530
Privacy-Preserving Computing: Differential Privacy and Federated Learning,الحوسبة المحافظة على الخصوصية: الخصوصية التفاضلية والتعلم المجمّع.,https://smarticle.tech/en/article/privacy-preserving-computing-differential-privacy-and-federated-learning-202605150858,https://smarticle.tech/ar/article/privacy-preserving-computing-differential-privacy-and-federated-learning-202605150858,Cybersecurity,Privacy-Preserving in Edge Computing,https://openlibrary.org/works/OL26762119W,"Privacy-Preserving in Edge Computing. by Longxiang Gao, Tom H. Luan, Bruce Gu. (2021). — Springer. ISBN: 9789811621987",Privacy-Preserving in Edge Computing. بقلم Longxiang Gao، Tom H. Luan، Bruce Gu. (2021). — Springer. ردمك: 9789811621987
Privacy-Preserving Computing: Differential Privacy and Federated Learning,الحوسبة المحافظة على الخصوصية: الخصوصية التفاضلية والتعلم المجمّع.,https://smarticle.tech/en/article/privacy-preserving-computing-differential-privacy-and-federated-learning-202605150858,https://smarticle.tech/ar/article/privacy-preserving-computing-differential-privacy-and-federated-learning-202605150858,Cybersecurity,Privacy-Preserving Data Publishing,https://openlibrary.org/works/OL27328120W,"Privacy-Preserving Data Publishing. by Raymond Chi-Wing Wong, Ada Wai-Chee Fu. (2010). — Morgan & Claypool Publishers. ISBN: 3031007069",Privacy-Preserving Data Publishing. بقلم Raymond Chi-Wing Wong، Ada Wai-Chee Fu. (2010). — Morgan & Claypool Publishers. ردمك: 3031007069
Privacy-Preserving Computing: Differential Privacy and Federated Learning,الحوسبة المحافظة على الخصوصية: الخصوصية التفاضلية والتعلم المجمّع.,https://smarticle.tech/en/article/privacy-preserving-computing-differential-privacy-and-federated-learning-202605150858,https://smarticle.tech/ar/article/privacy-preserving-computing-differential-privacy-and-federated-learning-202605150858,Cybersecurity,Differential Privacy Federated Learning: A Comprehensive Review,https://doi.org/10.14569/ijacsa.2024.0150722,"Shan, Fangfang et al. ""Differential Privacy Federated Learning: A Comprehensive Review"". semantic_scholar_foundational, 2024.","شان، فانغفانغ وآخرون. ""التعلم الموزع للخصوصية التفاضلية: مراجعة شاملة"". semantic_scholar_foundational، 2024."
Privacy-Preserving Computing: Differential Privacy and Federated Learning,الحوسبة المحافظة على الخصوصية: الخصوصية التفاضلية والتعلم المجمّع.,https://smarticle.tech/en/article/privacy-preserving-computing-differential-privacy-and-federated-learning-202605150858,https://smarticle.tech/ar/article/privacy-preserving-computing-differential-privacy-and-federated-learning-202605150858,Cybersecurity,Verified Foundations for Differential Privacy,https://arxiv.org/abs/2412.01671,"Markus de Medeiros et al. ""Verified Foundations for Differential Privacy"". semantic_scholar_foundational, 2024.","ماركوس دي ميديروس وآخرون. ""الأسس الموثقة للخصوصية التفاضلية"". semantic_scholar_foundational، 2024."
Privacy-Preserving Computing: Differential Privacy and Federated Learning,الحوسبة المحافظة على الخصوصية: الخصوصية التفاضلية والتعلم المجمّع.,https://smarticle.tech/en/article/privacy-preserving-computing-differential-privacy-and-federated-learning-202605150858,https://smarticle.tech/ar/article/privacy-preserving-computing-differential-privacy-and-federated-learning-202605150858,Cybersecurity,Applications of Differential Privacy in Social Network Analysis: A Survey,https://doi.org/10.1109/TKDE.2021.3073062,"Honglu Jiang et al. ""Applications of Differential Privacy in Social Network Analysis: A Survey"". IEEE Transactions on Knowledge and Data Engineering, 2023.","هونغلو جيانغ وآخرون. ""تطبيقات الخصوصية التفاضلية في تحليل الشبكات الاجتماعية: دراسة استقصائية"". مجلة IEEE فيactions on Knowledge and Data Engineering، 2023."
Privacy-Preserving Computing: Differential Privacy and Federated Learning,الحوسبة المحافظة على الخصوصية: الخصوصية التفاضلية والتعلم المجمّع.,https://smarticle.tech/en/article/privacy-preserving-computing-differential-privacy-and-federated-learning-202605150858,https://smarticle.tech/ar/article/privacy-preserving-computing-differential-privacy-and-federated-learning-202605150858,Cybersecurity,Statistical Data Privacy: A Song of Privacy and Utility,https://arxiv.org/abs/2205.03336,"Slavkovic, Aleksandra B., and Jeremy Seeman. ""Statistical Data Privacy: A Song of Privacy and Utility"". semantic_scholar_foundational, 2022.","سلافكوفيتش، ألكسندرا ب.، وجيريمي سيمين. ""الخصوصية الإحصائية في البيانات: أغنية الخصوصية والمنفعة"". semantic_scholar_foundational، 2022."
Privacy-Preserving Computing: Differential Privacy and Federated Learning,الحوسبة المحافظة على الخصوصية: الخصوصية التفاضلية والتعلم المجمّع.,https://smarticle.tech/en/article/privacy-preserving-computing-differential-privacy-and-federated-learning-202605150858,https://smarticle.tech/ar/article/privacy-preserving-computing-differential-privacy-and-federated-learning-202605150858,Cybersecurity,Differential Privacy and Its Applications in Social Network Analysis: A Survey,https://arxiv.org/abs/2010.02973,"Honglu Jiang, J. Pei, Dongxiao Yu, Jiguo Yu, Bei Gong, Xiuzhen Cheng. ""Differential Privacy and Its Applications in Social Network Analysis: A Survey"". semantic_scholar_foundational, 2020.","هونغلو جيانغ، ج. بي، دونغشياو يو، جيجو يو، بي غونغ، شيوزهين تشينغ. ""الخصوصية التفاضلية وتطبيقاتها في تحليل الشبكات الاجتماعية: دراسة استقصائية"". semantic_scholar_foundational، 2020."
Privacy-Preserving Computing: Differential Privacy and Federated Learning,الحوسبة المحافظة على الخصوصية: الخصوصية التفاضلية والتعلم المجمّع.,https://smarticle.tech/en/article/privacy-preserving-computing-differential-privacy-and-federated-learning-202605150858,https://smarticle.tech/ar/article/privacy-preserving-computing-differential-privacy-and-federated-learning-202605150858,Cybersecurity,Generating Synthetic Data with Formal Privacy Guarantees: State of the Art and the Road Ahead,https://arxiv.org/abs/2503.20846,"Schlegel, V., Bharath, A. A., Zhao, Z., Yee, K. ""Generating Synthetic Data with Formal Privacy Guarantees: State of the Art and the Road Ahead"". semantic_scholar_foundational, 2025.","شليغل، ف.، بهارات، أ. أ.، زهاو، ز.، يي، ك. ""توليد البيانات الاصطناعية مع ضمانات خصوصية رسمية: الحالة الراهنة والطريق إلى الأمام"". semantic_scholar_foundational، 2025."
Privacy-Preserving Computing: Differential Privacy and Federated Learning,الحوسبة المحافظة على الخصوصية: الخصوصية التفاضلية والتعلم المجمّع.,https://smarticle.tech/en/article/privacy-preserving-computing-differential-privacy-and-federated-learning-202605150858,https://smarticle.tech/ar/article/privacy-preserving-computing-differential-privacy-and-federated-learning-202605150858,Cybersecurity,DATA PRIVACY-AWARE MACHINE LEARNING AND FEDERATED LEARNING: A FRAMEWORK FOR DATA SECURITY,https://doi.org/10.63125/vj1hem03,"Md. Tarek Hasan, Sai Praveen Kudapa. ""DATA PRIVACY-AWARE MACHINE LEARNING AND FEDERATED LEARNING: A FRAMEWORK FOR DATA SECURITY"". semantic_scholar_foundational, 2021.","مد. طارق حسن، ساي برافين كودابا. ""إطار عمل لأمن البيانات: التعلم الآلي والخصوصية في التعلم الموزع"". semantic_scholar_foundational، 2021."
"Cloud Infrastructure Architecture: IaaS, PaaS, SaaS, and Hybrid Models",معمارية البنية التحتية السحابية: IaaS، PaaS، SaaS، والنماذج الهجينة.,https://smarticle.tech/en/article/cloud-infrastructure-architecture-iaas-paas-saas-and-hybrid-models-202605150907,https://smarticle.tech/ar/article/cloud-infrastructure-architecture-iaas-paas-saas-and-hybrid-models-202605150907,Cloud Computing,"Leadership, Management and Data Science",https://openlibrary.org/works/OL31045813W,"Leadership, Management and Data Science. by Jerry Ramonyai. (2022). — Independently Published. ISBN: 9798421609384","Leadership, Management and Data Science. بقلم Jerry Ramonyai. (2022). — Independently Published. ردمك: 9798421609384"
"Cloud Infrastructure Architecture: IaaS, PaaS, SaaS, and Hybrid Models",معمارية البنية التحتية السحابية: IaaS، PaaS، SaaS، والنماذج الهجينة.,https://smarticle.tech/en/article/cloud-infrastructure-architecture-iaas-paas-saas-and-hybrid-models-202605150907,https://smarticle.tech/ar/article/cloud-infrastructure-architecture-iaas-paas-saas-and-hybrid-models-202605150907,Cloud Computing,Establishing AI-Specific Cloud Computing Infrastructure,https://openlibrary.org/works/OL42458327W,"Establishing AI-Specific Cloud Computing Infrastructure. by Avinash Kumar Sharma, Sumit Kumar. (2025). — IGI Global. ISBN: 9798369396964",Establishing AI-Specific Cloud Computing Infrastructure. بقلم Avinash Kumar Sharma، Sumit Kumar. (2025). — IGI Global. ردمك: 9798369396964
"Cloud Infrastructure Architecture: IaaS, PaaS, SaaS, and Hybrid Models",معمارية البنية التحتية السحابية: IaaS، PaaS، SaaS، والنماذج الهجينة.,https://smarticle.tech/en/article/cloud-infrastructure-architecture-iaas-paas-saas-and-hybrid-models-202605150907,https://smarticle.tech/ar/article/cloud-infrastructure-architecture-iaas-paas-saas-and-hybrid-models-202605150907,Cloud Computing,AWS for Solutions Architects,https://openlibrary.org/works/OL27090398W,"AWS for Solutions Architects. by Alberto Artasanchez. (2021). — Packt Publishing, Limited. ISBN: 9781789539233","AWS for Solutions Architects. بقلم Alberto Artasanchez. (2021). — Packt Publishing, Limited. ردمك: 9781789539233"
"Cloud Infrastructure Architecture: IaaS, PaaS, SaaS, and Hybrid Models",معمارية البنية التحتية السحابية: IaaS، PaaS، SaaS، والنماذج الهجينة.,https://smarticle.tech/en/article/cloud-infrastructure-architecture-iaas-paas-saas-and-hybrid-models-202605150907,https://smarticle.tech/ar/article/cloud-infrastructure-architecture-iaas-paas-saas-and-hybrid-models-202605150907,Cloud Computing,Protecting Information Assets and It Infrastructure in the Cloud,https://archive.org/details/protectinginform0000dasr,"Protecting Information Assets and It Infrastructure in the Cloud. by Ravi Das. (2019). — Auerbach Publishers, Incorporated. ISBN: 9781032605104","Protecting Information Assets and It Infrastructure in the Cloud. بقلم Ravi Das. (2019). — Auerbach Publishers, Incorporated. ردمك: 9781032605104"
"Cloud Infrastructure Architecture: IaaS, PaaS, SaaS, and Hybrid Models",معمارية البنية التحتية السحابية: IaaS، PaaS، SaaS، والنماذج الهجينة.,https://smarticle.tech/en/article/cloud-infrastructure-architecture-iaas-paas-saas-and-hybrid-models-202605150907,https://smarticle.tech/ar/article/cloud-infrastructure-architecture-iaas-paas-saas-and-hybrid-models-202605150907,Cloud Computing,Internet Infrastructure,https://openlibrary.org/works/OL21325678W,"Internet Infrastructure. by Fox, Richard, Wei Hao. (2017). — Taylor & Francis Group. ISBN: 9781351707169","Internet Infrastructure. بقلم Fox, Richard، Wei Hao. (2017). — Taylor & Francis Group. ردمك: 9781351707169"
"Cloud Infrastructure Architecture: IaaS, PaaS, SaaS, and Hybrid Models",معمارية البنية التحتية السحابية: IaaS، PaaS، SaaS، والنماذج الهجينة.,https://smarticle.tech/en/article/cloud-infrastructure-architecture-iaas-paas-saas-and-hybrid-models-202605150907,https://smarticle.tech/ar/article/cloud-infrastructure-architecture-iaas-paas-saas-and-hybrid-models-202605150907,Cloud Computing,Mastering OpenStack,https://openlibrary.org/works/OL28618486W,"Mastering OpenStack. by Omar Khedher. (2015). — Packt Publishing, Limited. ISBN: 1835468918","Mastering OpenStack. بقلم Omar Khedher. (2015). — Packt Publishing, Limited. ردمك: 1835468918"
"Cloud Infrastructure Architecture: IaaS, PaaS, SaaS, and Hybrid Models",معمارية البنية التحتية السحابية: IaaS، PaaS، SaaS، والنماذج الهجينة.,https://smarticle.tech/en/article/cloud-infrastructure-architecture-iaas-paas-saas-and-hybrid-models-202605150907,https://smarticle.tech/ar/article/cloud-infrastructure-architecture-iaas-paas-saas-and-hybrid-models-202605150907,Cloud Computing,Oracle Cloud Infrastructure for Solutions Architects,https://openlibrary.org/works/OL25804758W,"Oracle Cloud Infrastructure for Solutions Architects. by Prasenjit Sarkar. (2021). — de Gruyter GmbH, Walter. ISBN: 1800566468","Oracle Cloud Infrastructure for Solutions Architects. بقلم Prasenjit Sarkar. (2021). — de Gruyter GmbH, Walter. ردمك: 1800566468"
"Cloud Infrastructure Architecture: IaaS, PaaS, SaaS, and Hybrid Models",معمارية البنية التحتية السحابية: IaaS، PaaS، SaaS، والنماذج الهجينة.,https://smarticle.tech/en/article/cloud-infrastructure-architecture-iaas-paas-saas-and-hybrid-models-202605150907,https://smarticle.tech/ar/article/cloud-infrastructure-architecture-iaas-paas-saas-and-hybrid-models-202605150907,Cloud Computing,Administering Windows Server Hybrid Core Infrastructure AZ-800 Exam Guide,https://openlibrary.org/works/OL32417830W,"Administering Windows Server Hybrid Core Infrastructure AZ-800 Exam Guide. by Steve Miles. (2022). — Packt Publishing, Limited. ISBN: 180324514X","Administering Windows Server Hybrid Core Infrastructure AZ-800 Exam Guide. بقلم Steve Miles. (2022). — Packt Publishing, Limited. ردمك: 180324514X"
"Cloud Infrastructure Architecture: IaaS, PaaS, SaaS, and Hybrid Models",معمارية البنية التحتية السحابية: IaaS، PaaS، SaaS، والنماذج الهجينة.,https://smarticle.tech/en/article/cloud-infrastructure-architecture-iaas-paas-saas-and-hybrid-models-202605150907,https://smarticle.tech/ar/article/cloud-infrastructure-architecture-iaas-paas-saas-and-hybrid-models-202605150907,Cloud Computing,Handbook of Research on Cloud and Fog Computing Infrastructures for Data Science,https://openlibrary.org/works/OL27394642W,"Handbook of Research on Cloud and Fog Computing Infrastructures for Data Science. by Pethuru Raj, Anupama Raman. (2018). — IGI Global. ISBN: 9781522559726",Handbook of Research on Cloud and Fog Computing Infrastructures for Data Science. بقلم Pethuru Raj، Anupama Raman. (2018). — IGI Global. ردمك: 9781522559726
"Cloud Infrastructure Architecture: IaaS, PaaS, SaaS, and Hybrid Models",معمارية البنية التحتية السحابية: IaaS، PaaS، SaaS، والنماذج الهجينة.,https://smarticle.tech/en/article/cloud-infrastructure-architecture-iaas-paas-saas-and-hybrid-models-202605150907,https://smarticle.tech/ar/article/cloud-infrastructure-architecture-iaas-paas-saas-and-hybrid-models-202605150907,Cloud Computing,"COMPARATIVE ANALYSIS OF SAAS, IAAS, AND PAAS: EXPLORING THE CLOUD COMPUTING PARADIGM",https://doi.org/10.55524/csistw.2024.12.1.16,"Rizvi, Qaim Mehdi; Ansari, Talha; Siddiqui, Osama. ""Comparative Analysis of SaaS, IaaS, and PaaS: Exploring the Cloud Computing Paradigm"". crossref, 2024.","رضوي، قايم مهدي؛ أنصاري، طلحة؛ صديقي، أسامة. ""التحليل المقارن لـ SaaS وIaaS وPaaS: استكشاف نموذج الحوسبة السحابية"". كروسريف، 2024."
Microservices and Container Orchestration with Kubernetes,الخدمات المصغرة وتنسيق الحاويات مع Kubernetes,https://smarticle.tech/en/article/microservices-and-container-orchestration-with-kubernetes-202605150915,https://smarticle.tech/ar/article/microservices-and-container-orchestration-with-kubernetes-202605150915,Cloud Computing,"Bootstrapping Microservices with Docker, Kubernetes, and Terraform",https://openlibrary.org/works/OL25784615W,"Bootstrapping Microservices with Docker, Kubernetes, and Terraform. by Ashley Davis. (2021). — Manning Publications Co. LLC. ISBN: 9781617297212","Bootstrapping Microservices with Docker, Kubernetes, and Terraform. بقلم Ashley Davis. (2021). — Manning Publications Co. LLC. ردمك: 9781617297212"
Microservices and Container Orchestration with Kubernetes,الخدمات المصغرة وتنسيق الحاويات مع Kubernetes,https://smarticle.tech/en/article/microservices-and-container-orchestration-with-kubernetes-202605150915,https://smarticle.tech/ar/article/microservices-and-container-orchestration-with-kubernetes-202605150915,Cloud Computing,"Bootstrapping Microservices, Second Edition",https://openlibrary.org/works/OL37622510W,"Bootstrapping Microservices, Second Edition. by Ashley Davis. (2024). — Manning Publications Co. LLC. ISBN: 9781633438569","Bootstrapping Microservices, Second Edition. بقلم Ashley Davis. (2024). — Manning Publications Co. LLC. ردمك: 9781633438569"
Microservices and Container Orchestration with Kubernetes,الخدمات المصغرة وتنسيق الحاويات مع Kubernetes,https://smarticle.tech/en/article/microservices-and-container-orchestration-with-kubernetes-202605150915,https://smarticle.tech/ar/article/microservices-and-container-orchestration-with-kubernetes-202605150915,Cloud Computing,Cloud Native Applications with Docker and Kubernetes,https://openlibrary.org/works/OL28804145W,Cloud Native Applications with Docker and Kubernetes. by Jonathan Bartlett. (2022). — Apress L. P.. ISBN: 9781484288757,Cloud Native Applications with Docker and Kubernetes. بقلم Jonathan Bartlett. (2022). — Apress L. P.. ردمك: 9781484288757
Microservices and Container Orchestration with Kubernetes,الخدمات المصغرة وتنسيق الحاويات مع Kubernetes,https://smarticle.tech/en/article/microservices-and-container-orchestration-with-kubernetes-202605150915,https://smarticle.tech/ar/article/microservices-and-container-orchestration-with-kubernetes-202605150915,Cloud Computing,Hands-On Cloud-Native Microservices with Jakarta EE,https://openlibrary.org/works/OL24718396W,"Hands-On Cloud-Native Microservices with Jakarta EE. by Luigi Fugaro, Mauro Vocale. (2019). — Packt Publishing. ISBN: 9781788837866",Hands-On Cloud-Native Microservices with Jakarta EE. بقلم Luigi Fugaro، Mauro Vocale. (2019). — Packt Publishing. ردمك: 9781788837866
Microservices and Container Orchestration with Kubernetes,الخدمات المصغرة وتنسيق الحاويات مع Kubernetes,https://smarticle.tech/en/article/microservices-and-container-orchestration-with-kubernetes-202605150915,https://smarticle.tech/ar/article/microservices-and-container-orchestration-with-kubernetes-202605150915,Cloud Computing,Hands-On Docker for Microservices with Python,https://openlibrary.org/works/OL25224538W,"Hands-On Docker for Microservices with Python. by Jaime Buelta. (2019). — Packt Publishing, Limited. ISBN: 9781838822552","Hands-On Docker for Microservices with Python. بقلم Jaime Buelta. (2019). — Packt Publishing, Limited. ردمك: 9781838822552"
Microservices and Container Orchestration with Kubernetes,الخدمات المصغرة وتنسيق الحاويات مع Kubernetes,https://smarticle.tech/en/article/microservices-and-container-orchestration-with-kubernetes-202605150915,https://smarticle.tech/ar/article/microservices-and-container-orchestration-with-kubernetes-202605150915,Cloud Computing,Kubernetes Microservices with Docker,https://openlibrary.org/works/OL19546940W,Kubernetes Microservices with Docker. by Deepak Vohra. (2016). — Apress. ISBN: 1484219066,Kubernetes Microservices with Docker. بقلم Deepak Vohra. (2016). — Apress. ردمك: 1484219066
Microservices and Container Orchestration with Kubernetes,الخدمات المصغرة وتنسيق الحاويات مع Kubernetes,https://smarticle.tech/en/article/microservices-and-container-orchestration-with-kubernetes-202605150915,https://smarticle.tech/ar/article/microservices-and-container-orchestration-with-kubernetes-202605150915,Cloud Computing,The Road To Microservice Architecture,https://openlibrary.org/works/OL42685965W,The Road To Microservice Architecture. by Raymond Pairan. — Raymond Pairan. ISBN: 9781096943587,The Road To Microservice Architecture. بقلم Raymond Pairan. — Raymond Pairan. ردمك: 9781096943587
Microservices and Container Orchestration with Kubernetes,الخدمات المصغرة وتنسيق الحاويات مع Kubernetes,https://smarticle.tech/en/article/microservices-and-container-orchestration-with-kubernetes-202605150915,https://smarticle.tech/ar/article/microservices-and-container-orchestration-with-kubernetes-202605150915,Cloud Computing,Microservices Container Security Orchestration Framework within Kubernetes and Docker for Business-Critical Applications within Digital Transformation,https://doi.org/10.17762/ijritcc.v11i3.9863,"Singh, Amarjeet. ""Microservices Container Security Orchestration Framework within Kubernetes and Docker for Business-Critical Applications within Digital Transformation"". crossref, 2023.","سينغ، أمارجيت. ""إطار عمل تنسيق أمن حاويات الخدمات المصغرة داخل كل من كوبرنيتيس ودوكر للتطبيقات الحرجة للأعمال ضمن التحول الرقمي"". كروسرف، 2023."
Microservices and Container Orchestration with Kubernetes,الخدمات المصغرة وتنسيق الحاويات مع Kubernetes,https://smarticle.tech/en/article/microservices-and-container-orchestration-with-kubernetes-202605150915,https://smarticle.tech/ar/article/microservices-and-container-orchestration-with-kubernetes-202605150915,Cloud Computing,Containerizing Microservices Using Kubernetes,https://doi.org/10.1007/978-1-4842-8832-0_9,"Telang, Tarun. ""Containerizing Microservices Using Kubernetes"". crossref, 2022.","تلانغ، تارون. ""تحويل الخدمات المصغرة إلى حاويات باستخدام كوبرنيتيس"". كروسرف، 2022."
Serverless Computing: Event-Driven Architecture and Function-as-a-Service,الحوسبة بدون خوادم: الهندسة المدفوعة بالأحداث والوظيفة كخدمة.,https://smarticle.tech/en/article/serverless-computing-event-driven-architecture-and-function-as-a-service-202605150925,https://smarticle.tech/ar/article/serverless-computing-event-driven-architecture-and-function-as-a-service-202605150925,Cloud Computing,"Serverless Computing Concepts, Technology and Architecture",https://openlibrary.org/works/OL37858000W,"Serverless Computing Concepts, Technology and Architecture. by Aluvalu, V.. (2024). — IGI Global. ISBN: 9798369316832","Serverless Computing Concepts, Technology and Architecture. بقلم Aluvalu، V.. (2024). — IGI Global. ردمك: 9798369316832"
Serverless Computing: Event-Driven Architecture and Function-as-a-Service,الحوسبة بدون خوادم: الهندسة المدفوعة بالأحداث والوظيفة كخدمة.,https://smarticle.tech/en/article/serverless-computing-event-driven-architecture-and-function-as-a-service-202605150925,https://smarticle.tech/ar/article/serverless-computing-event-driven-architecture-and-function-as-a-service-202605150925,Cloud Computing,Azure for Architects,https://openlibrary.org/works/OL22153895W,"Azure for Architects. by Ritesh Modi, Jack Lee, Rithin Skaria. (2017). — Packt Publishing, Limited. ISBN: 1839210591","Azure for Architects. بقلم Ritesh Modi، Jack Lee، Rithin Skaria. (2017). — Packt Publishing, Limited. ردمك: 1839210591"
Serverless Computing: Event-Driven Architecture and Function-as-a-Service,الحوسبة بدون خوادم: الهندسة المدفوعة بالأحداث والوظيفة كخدمة.,https://smarticle.tech/en/article/serverless-computing-event-driven-architecture-and-function-as-a-service-202605150925,https://smarticle.tech/ar/article/serverless-computing-event-driven-architecture-and-function-as-a-service-202605150925,Cloud Computing,Azure Serverless Computing Cookbook,https://openlibrary.org/works/OL20560215W,"Azure Serverless Computing Cookbook. by Praveen Kumar Sreeram. (2017). — Packt Publishing, Limited. ISBN: 9781789615265","Azure Serverless Computing Cookbook. بقلم Praveen Kumar Sreeram. (2017). — Packt Publishing, Limited. ردمك: 9781789615265"
Serverless Computing: Event-Driven Architecture and Function-as-a-Service,الحوسبة بدون خوادم: الهندسة المدفوعة بالأحداث والوظيفة كخدمة.,https://smarticle.tech/en/article/serverless-computing-event-driven-architecture-and-function-as-a-service-202605150925,https://smarticle.tech/ar/article/serverless-computing-event-driven-architecture-and-function-as-a-service-202605150925,Cloud Computing,Serverless Architectures with AWS,https://openlibrary.org/works/OL25239773W,"Serverless Architectures with AWS. by Mohit Gupta. (2018). — de Gruyter GmbH, Walter. ISBN: 9781789802238","Serverless Architectures with AWS. بقلم Mohit Gupta. (2018). — de Gruyter GmbH, Walter. ردمك: 9781789802238"
Serverless Computing: Event-Driven Architecture and Function-as-a-Service,الحوسبة بدون خوادم: الهندسة المدفوعة بالأحداث والوظيفة كخدمة.,https://smarticle.tech/en/article/serverless-computing-event-driven-architecture-and-function-as-a-service-202605150925,https://smarticle.tech/ar/article/serverless-computing-event-driven-architecture-and-function-as-a-service-202605150925,Cloud Computing,Serverless Integration Design Patterns with Azure,https://openlibrary.org/works/OL25240063W,"Serverless Integration Design Patterns with Azure. by Abhishek Kumar, Srinivasa Mahendrakar. (2019). — de Gruyter GmbH, Walter. ISBN: 9781788399234","Serverless Integration Design Patterns with Azure. بقلم Abhishek Kumar، Srinivasa Mahendrakar. (2019). — de Gruyter GmbH, Walter. ردمك: 9781788399234"
Serverless Computing: Event-Driven Architecture and Function-as-a-Service,الحوسبة بدون خوادم: الهندسة المدفوعة بالأحداث والوظيفة كخدمة.,https://smarticle.tech/en/article/serverless-computing-event-driven-architecture-and-function-as-a-service-202605150925,https://smarticle.tech/ar/article/serverless-computing-event-driven-architecture-and-function-as-a-service-202605150925,Cloud Computing,Serverless Programming Cookbook,https://openlibrary.org/works/OL25233373W,"Serverless Programming Cookbook. by Heartin Kanikathottu. (2019). — de Gruyter GmbH, Walter. ISBN: 1788623797","Serverless Programming Cookbook. بقلم Heartin Kanikathottu. (2019). — de Gruyter GmbH, Walter. ردمك: 1788623797"
Serverless Computing: Event-Driven Architecture and Function-as-a-Service,الحوسبة بدون خوادم: الهندسة المدفوعة بالأحداث والوظيفة كخدمة.,https://smarticle.tech/en/article/serverless-computing-event-driven-architecture-and-function-as-a-service-202605150925,https://smarticle.tech/ar/article/serverless-computing-event-driven-architecture-and-function-as-a-service-202605150925,Cloud Computing,Mastering Azure Serverless Computing,https://openlibrary.org/works/OL25231858W,"Mastering Azure Serverless Computing. by Lorenzo Barbieri, Massimo Bonanni. (2019). — de Gruyter GmbH, Walter. ISBN: 9781789952056","Mastering Azure Serverless Computing. بقلم Lorenzo Barbieri، Massimo Bonanni. (2019). — de Gruyter GmbH, Walter. ردمك: 9781789952056"
Serverless Computing: Event-Driven Architecture and Function-as-a-Service,الحوسبة بدون خوادم: الهندسة المدفوعة بالأحداث والوظيفة كخدمة.,https://smarticle.tech/en/article/serverless-computing-event-driven-architecture-and-function-as-a-service-202605150925,https://smarticle.tech/ar/article/serverless-computing-event-driven-architecture-and-function-as-a-service-202605150925,Cloud Computing,"Leadership, Management and Data Science",https://openlibrary.org/works/OL31065267W,"Leadership, Management and Data Science. by Jerry Ramonyai. (2022). — Independently Published. ISBN: 9798420829240","Leadership, Management and Data Science. بقلم Jerry Ramonyai. (2022). — Independently Published. ردمك: 9798420829240"
Serverless Computing: Event-Driven Architecture and Function-as-a-Service,الحوسبة بدون خوادم: الهندسة المدفوعة بالأحداث والوظيفة كخدمة.,https://smarticle.tech/en/article/serverless-computing-event-driven-architecture-and-function-as-a-service-202605150925,https://smarticle.tech/ar/article/serverless-computing-event-driven-architecture-and-function-as-a-service-202605150925,Cloud Computing,Improving Existing WMS for Reduced Makespan of Workflows with Lambda,https://doi.org/10.1007/978-3-030-71593-9_21,"Ali S. A. Al-Haboobi, G. Kecskeméti. ""Improving Existing WMS for Reduced Makespan of Workflows with Lambda"". semantic_scholar_foundational, 2021.","علي س. أ. الحبابي، ج. كيتشكميتي. ""تحسين أنظمة إدارة المستودعات الحالية لتقليل زمن إنجاز العمليات في تدفقات العمل باستخدام لامدا"". semantic_scholar_foundational، 2021."
Core operation: one iteration of marginal update,العملية الأساسية: تكرار واحد لتحديث هامشي,https://smarticle.tech/en/article/core-operation-one-iteration-of-marginal-update-202605250506,https://smarticle.tech/ar/article/core-operation-one-iteration-of-marginal-update-202605250506,Artificial Intelligence,Hyperedge approximation for stochastic processes on higher-order networks,https://arxiv.org/abs/2605.23444,"Sheng, Anzhi et al. ""Hyperedge approximation for stochastic processes on higher-order networks"". arxiv, 2026.","شينغ، أنزهي وآخرون. ""التقريب باستخدام الحواف الفائقة للعمليات العشوائية على الشبكات ذات الرتبة العليا"". أرخايف، 2026."
Core operation: one iteration of marginal update,العملية الأساسية: تكرار واحد لتحديث هامشي,https://smarticle.tech/en/article/core-operation-one-iteration-of-marginal-update-202605250506,https://smarticle.tech/ar/article/core-operation-one-iteration-of-marginal-update-202605250506,Artificial Intelligence,Hypergraph Generation via Structured Stochastic Diffusion,https://arxiv.org/abs/2605.05024,"Hypergraph Generation via Structured Stochastic Diffusion"". http://arxiv.org/abs/2605.05024v1","""توليد الرسوم البيانية الفائقة عبر الانتشار العشوائي الهيكلي"". http://arxiv.org/abs/2605.05024v1"
Core operation: one iteration of marginal update,العملية الأساسية: تكرار واحد لتحديث هامشي,https://smarticle.tech/en/article/core-operation-one-iteration-of-marginal-update-202605250506,https://smarticle.tech/ar/article/core-operation-one-iteration-of-marginal-update-202605250506,Artificial Intelligence,Higher order trade-offs in hypergraph community detection,https://arxiv.org/abs/2601.10502,"Higher order trade-offs in hypergraph community detection. arXiv, 2026.","""المقايضات ذات الرتبة العليا في كشف المجتمعات في الرسوم البيانية الفائقة"". أرخايف، 2026."
Core operation: one iteration of marginal update,العملية الأساسية: تكرار واحد لتحديث هامشي,https://smarticle.tech/en/article/core-operation-one-iteration-of-marginal-update-202605250506,https://smarticle.tech/ar/article/core-operation-one-iteration-of-marginal-update-202605250506,Artificial Intelligence,Achieving the Kesten-Stigum bound in the non-uniform hypergraph stochastic block model,https://arxiv.org/abs/2604.20907,"Achieving the Kesten-Stigum bound in the non-uniform hypergraph stochastic block model"".","""تحقيق حد كستن-ستيغم في نموذج الكتلة العشوائي للرسوم البيانية الفائقة غير المنتظم""."
Core operation: one iteration of marginal update,العملية الأساسية: تكرار واحد لتحديث هامشي,https://smarticle.tech/en/article/core-operation-one-iteration-of-marginal-update-202605250506,https://smarticle.tech/ar/article/core-operation-one-iteration-of-marginal-update-202605250506,Artificial Intelligence,Learning Multi-Order Block Structure in Higher-Order Networks,https://arxiv.org/abs/2511.21350,"Learning Multi-Order Block Structure in Higher-Order Networks"".","""تعلم بنية الكتل متعددة الرتبة في الشبكات ذات الرتبة العليا""."
Endpoint for a specific hypergraph (replace with actual ID),نقطة النهاية لرسم بياني فرعي محدد (استبدل بالمعرف الفعلي).,https://smarticle.tech/en/article/endpoint-for-a-specific-hypergraph-replace-with-actual-id-202605250841,https://smarticle.tech/ar/article/endpoint-for-a-specific-hypergraph-replace-with-actual-id-202605250841,Artificial Intelligence,Hypergraphx-data: a repository for higher-order network data,https://arxiv.org/abs/2605.18166,"Lotito, Q. F., Betti, L., Nortier, B., Montresor, A., Battiston, F. ""Hypergraphx-data: a repository for higher-order network data"". arxiv, 2026.","لوتيتو، ق. ف.، بيتي، ل.، نورتير، ب.، مونترسور، أ.، باتيستون، ف. ""هايبرغرافكس-داتا: مستودع لبيانات الشبكات من الرتبة العليا"". أركسف، 2026."
Endpoint for a specific hypergraph (replace with actual ID),نقطة النهاية لرسم بياني فرعي محدد (استبدل بالمعرف الفعلي).,https://smarticle.tech/en/article/endpoint-for-a-specific-hypergraph-replace-with-actual-id-202605250841,https://smarticle.tech/ar/article/endpoint-for-a-specific-hypergraph-replace-with-actual-id-202605250841,Artificial Intelligence,Dynamic Hypergraph Representation Learning for Multivariate Time Series without Prior Knowledge,https://arxiv.org/abs/2605.22540,"Dynamic Hypergraph Representation Learning for Multivariate Time Series without Prior Knowledge"".",التعلم الديناميكي لتمثيل الهايبرغراف للسلسلات الزمنية متعددة المتغيرات دون معرفة مسبقة.
Endpoint for a specific hypergraph (replace with actual ID),نقطة النهاية لرسم بياني فرعي محدد (استبدل بالمعرف الفعلي).,https://smarticle.tech/en/article/endpoint-for-a-specific-hypergraph-replace-with-actual-id-202605250841,https://smarticle.tech/ar/article/endpoint-for-a-specific-hypergraph-replace-with-actual-id-202605250841,Artificial Intelligence,Attention-Based Hypergraph Neural Network: A Personalized Recommendation,https://doi.org/10.3390/app15116332,Attention-Based Hypergraph Neural Network: A Personalized Recommendation.,الشبكة العصبية الهايبرغرافية القائمة على الانتباه: توصية شخصية.
Endpoint for a specific hypergraph (replace with actual ID),نقطة النهاية لرسم بياني فرعي محدد (استبدل بالمعرف الفعلي).,https://smarticle.tech/en/article/endpoint-for-a-specific-hypergraph-replace-with-actual-id-202605250841,https://smarticle.tech/ar/article/endpoint-for-a-specific-hypergraph-replace-with-actual-id-202605250841,Artificial Intelligence,H2GCN: A hybrid hypergraph convolution network for skeleton-based action recognition,https://doi.org/10.1016/j.jksuci.2024.102072,"H2GCN: A hybrid hypergraph convolution network for skeleton-based action recognition"".",إتش2جي سي إن: شبكة هجينة للالتواء الهايبرغرافي للتعرف على الأفعال بناءً على الهيكل العظمي.
Endpoint for a specific hypergraph (replace with actual ID),نقطة النهاية لرسم بياني فرعي محدد (استبدل بالمعرف الفعلي).,https://smarticle.tech/en/article/endpoint-for-a-specific-hypergraph-replace-with-actual-id-202605250841,https://smarticle.tech/ar/article/endpoint-for-a-specific-hypergraph-replace-with-actual-id-202605250841,Artificial Intelligence,A Hypergraph Matching-Based Subchannel Allocation for Multi-Platoon&#x2019;s Communications,https://doi.org/10.1109/ACCESS.2023.3335838,A Hypergraph Matching-Based Subchannel Allocation for Multi-Platoon's Communications.,تخصيص قنوات فرعية قائم على مطابقة الهايبرغراف لتواصلMultiple-Platoon.
Identify rows with more than one non‑zero entry (repeat collaborations),تحديد الصفوف التي تحتوي على أكثر من إدخال غير صفري (علاقات متكررة).,https://smarticle.tech/en/article/identify-rows-with-more-than-one-nonzero-entry-repeat-collaborations-202605260747,https://smarticle.tech/ar/article/identify-rows-with-more-than-one-nonzero-entry-repeat-collaborations-202605260747,Artificial Intelligence,Building Digital Societies as Ecosystems: How Recognition and Repeat Relationships Sustain Cross-Community Work in Open Source,https://arxiv.org/abs/2605.25055,"Lucia Gomez Tejeiro et al. ""Building Digital Societies as Ecosystems: How Recognition and Repeat Relationships Sustain Cross-Community Work in Open Source"". arxiv, 2026.","Lucia Gomez Tejeiro et al. ""Building Digital Societies as Ecosystems: How Recognition and Repeat Relationships Sustain Cross-Community Work in Open Source"". arxiv, 2026."
Identify rows with more than one non‑zero entry (repeat collaborations),تحديد الصفوف التي تحتوي على أكثر من إدخال غير صفري (علاقات متكررة).,https://smarticle.tech/en/article/identify-rows-with-more-than-one-nonzero-entry-repeat-collaborations-202605260747,https://smarticle.tech/ar/article/identify-rows-with-more-than-one-nonzero-entry-repeat-collaborations-202605260747,Artificial Intelligence,StreamingClaw Technical Report,https://arxiv.org/abs/2603.22120,"""StreamingClaw Technical Report"". , .","""StreamingClaw Technical Report"". , ."
Identify rows with more than one non‑zero entry (repeat collaborations),تحديد الصفوف التي تحتوي على أكثر من إدخال غير صفري (علاقات متكررة).,https://smarticle.tech/en/article/identify-rows-with-more-than-one-nonzero-entry-repeat-collaborations-202605260747,https://smarticle.tech/ar/article/identify-rows-with-more-than-one-nonzero-entry-repeat-collaborations-202605260747,Artificial Intelligence,SpikingMoE: SDPrompt-Guided Dynamic Expert Fusion in Spiking Neural Networks,https://arxiv.org/abs/2605.23188,"SpikingMoE: ""SpikingMoE: SDPrompt-Guided Dynamic Expert Fusion in Spiking Neural Networks"".","SpikingMoE: ""SpikingMoE: SDPrompt-Guided Dynamic Expert Fusion in Spiking Neural Networks""."
Identify rows with more than one non‑zero entry (repeat collaborations),تحديد الصفوف التي تحتوي على أكثر من إدخال غير صفري (علاقات متكررة).,https://smarticle.tech/en/article/identify-rows-with-more-than-one-nonzero-entry-repeat-collaborations-202605260747,https://smarticle.tech/ar/article/identify-rows-with-more-than-one-nonzero-entry-repeat-collaborations-202605260747,Artificial Intelligence,UniRef-Image-Edit: Towards Scalable and Consistent Multi-Reference Image Editing,https://arxiv.org/abs/2602.14186,UniRef-Image-Edit: Towards Scalable and Consistent Multi-Reference Image Editing.,UniRef-Image-Edit: Towards Scalable and Consistent Multi-Reference Image Editing.
Identify rows with more than one non‑zero entry (repeat collaborations),تحديد الصفوف التي تحتوي على أكثر من إدخال غير صفري (علاقات متكررة).,https://smarticle.tech/en/article/identify-rows-with-more-than-one-nonzero-entry-repeat-collaborations-202605260747,https://smarticle.tech/ar/article/identify-rows-with-more-than-one-nonzero-entry-repeat-collaborations-202605260747,Artificial Intelligence,Understanding the relation between repeat developer interactions and bug resolution times in large open source ecosystems: A multisystem study,https://doi.org/10.1002/smr.2317,"""Understanding the relation between repeat developer interactions and bug resolution times in large open source ecosystems: A multisystem study"". , .","""Understanding the relation between repeat developer interactions and bug resolution times in large open source ecosystems: A multisystem study"". , ."
Current community and its size,المجتمع الحالي وحجمه,https://smarticle.tech/en/article/current-community-and-its-size-202605260824,https://smarticle.tech/ar/article/current-community-and-its-size-202605260824,Artificial Intelligence,Heuristic and exact modularity optimization with size-constrained communities,https://arxiv.org/abs/2605.25248,"Filipi N. Silva, Samin Aref, Vincent Traag, Santo Fortunato. ""Heuristic and exact modularity optimization with size-constrained communities"". arxiv, 2026.","Filipi N. Silva, Samin Aref, Vincent Traag, Santo Fortunato. ""Heuristic and exact modularity optimization with size-constrained communities"". arxiv, 2026."
Current community and its size,المجتمع الحالي وحجمه,https://smarticle.tech/en/article/current-community-and-its-size-202605260824,https://smarticle.tech/ar/article/current-community-and-its-size-202605260824,Artificial Intelligence,Quantum-inspired meta-heuristic approaches for a constrained portfolio optimization problem,https://doi.org/10.21203/rs.3.rs-3366903/v1,"Quantum-inspired meta-heuristic approaches for a constrained portfolio optimization problem"".","Quantum-inspired meta-heuristic approaches for a constrained portfolio optimization problem""."
Current community and its size,المجتمع الحالي وحجمه,https://smarticle.tech/en/article/current-community-and-its-size-202605260824,https://smarticle.tech/ar/article/current-community-and-its-size-202605260824,Artificial Intelligence,SOME ASPECTS OF SUSTAINABLE LAND MANAGEMENT AGRICULTURAL LAND USE AREAS WITHIN THE TERRITORIAL COMMUNITIES,http://journals.nubip.edu.ua/index.php/Zemleustriy/article/view/7215/7000,"SOME ASPECTS OF SUSTAINABLE LAND MANAGEMENT AGRICULTURAL LAND USE AREAS WITHIN THE TERRITORIAL COMMUNITIES"".","SOME ASPECTS OF SUSTAINABLE LAND MANAGEMENT AGRICULTURAL LAND USE AREAS WITHIN THE TERRITORIAL COMMUNITIES""."
Current community and its size,المجتمع الحالي وحجمه,https://smarticle.tech/en/article/current-community-and-its-size-202605260824,https://smarticle.tech/ar/article/current-community-and-its-size-202605260824,Artificial Intelligence,The effect of chili pepper-Chinese chives intercropping on rhizosphere microorganisms and root-stem endophytes,https://doi.org/10.3389/fmicb.2025.1716326,"""The effect of chili pepper-Chinese chives intercropping on rhizosphere microorganisms and root-stem endophytes"". , .","""The effect of chili pepper-Chinese chives intercropping on rhizosphere microorganisms and root-stem endophytes"". , ."
Current community and its size,المجتمع الحالي وحجمه,https://smarticle.tech/en/article/current-community-and-its-size-202605260824,https://smarticle.tech/ar/article/current-community-and-its-size-202605260824,Artificial Intelligence,Heuristic Methods for the Antenna-Constrained Beam Layout Optimization on Multibeam Broadcasting Mission,https://doi.org/10.5220/0012380200003639,"Heuristic Methods for the Antenna-Constrained Beam Layout Optimization on Multibeam Broadcasting Mission"".","Heuristic Methods for the Antenna-Constrained Beam Layout Optimization on Multibeam Broadcasting Mission""."
Current community and its size,المجتمع الحالي وحجمه,https://smarticle.tech/en/article/current-community-and-its-size-202605260824,https://smarticle.tech/ar/article/current-community-and-its-size-202605260824,Artificial Intelligence,Construction and Analysis of Social Structure Model of Public Space in Fuzhou Cangxia Community from Dual Network Perspective,https://doi.org/10.3390/buildings15091473,"Construction and Analysis of Social Structure Model of Public Space in Fuzhou Cangxia Community from Dual Network Perspective"". *Buildings*, 2025.","Construction and Analysis of Social Structure Model of Public Space in Fuzhou Cangxia Community from Dual Network Perspective"". *Buildings*, 2025."
ISO 42010 Adaptation for Systems of Systems Emergent Behavior,تكييف ISO 42010 لسلوك الأنظمة المتشابكة الناشئ,https://smarticle.tech/en/article/iso-42010-adaptation-for-systems-of-systems-emergent-behavior-202605261143,https://smarticle.tech/ar/article/iso-42010-adaptation-for-systems-of-systems-emergent-behavior-202605261143,Artificial Intelligence,An ISO/IEC/IEEE 42010:2022 Standard-Based Adaptation for Systems-of-Systems,https://doi.org/10.1109/ACCESS.2025.3576238,"IEEE. ""An ISO/IEC/IEEE 42010:2022 Standard-Based Adaptation for Systems-of-Systems"". *doaj*, 2025.","معهد مهندسي الكهرباء والإلكترونيات. ""تكييف قائم على معيار أيزو/مiec/ieee 42010:2022 لأنظمة الأنظمة"". *دويج*، 2025."
ISO 42010 Adaptation for Systems of Systems Emergent Behavior,تكييف ISO 42010 لسلوك الأنظمة المتشابكة الناشئ,https://smarticle.tech/en/article/iso-42010-adaptation-for-systems-of-systems-emergent-behavior-202605261143,https://smarticle.tech/ar/article/iso-42010-adaptation-for-systems-of-systems-emergent-behavior-202605261143,Artificial Intelligence,System of systems software architecture description using the ISO/IEC/IEEE 42010 standard,https://doi.org/10.1145/3019612.3019803,"System of systems software architecture description using the ISO/IEC/IEEE 42010 standard"".",وصف هندسة برمجيات أنظمة الأنظمة باستخدام معيار أيزو/مiec/ieee 42010.
ISO 42010 Adaptation for Systems of Systems Emergent Behavior,تكييف ISO 42010 لسلوك الأنظمة المتشابكة الناشئ,https://smarticle.tech/en/article/iso-42010-adaptation-for-systems-of-systems-emergent-behavior-202605261143,https://smarticle.tech/ar/article/iso-42010-adaptation-for-systems-of-systems-emergent-behavior-202605261143,Artificial Intelligence,A modeling approach for Systems-of-Systems by adapting ISO/IEC/IEEE 42010 Standard evaluated by Goal-Question-Metric,https://doi.org/10.1016/j.scico.2019.102305,"A modeling approach for Systems-of-Systems by adapting ISO/IEC/IEEE 42010 Standard evaluated by Goal-Question-Metric"". *Science of Computer Programming*, Unknown.",نهج نمذجة لأنظمة الأنظمة من خلال تكييف معيار أيزو/مiec/ieee 42010 وتقييمه بواسطة هدف-سؤال-مقياس. *علم برمجة الحاسوب*، مجهول.
ISO 42010 Adaptation for Systems of Systems Emergent Behavior,تكييف ISO 42010 لسلوك الأنظمة المتشابكة الناشئ,https://smarticle.tech/en/article/iso-42010-adaptation-for-systems-of-systems-emergent-behavior-202605261143,https://smarticle.tech/ar/article/iso-42010-adaptation-for-systems-of-systems-emergent-behavior-202605261143,Artificial Intelligence,Context-aware architecture utilizing computing with words and ISO/IEC/IEEE 42010,https://doi.org/10.1109/secon.2016.7506652,"Context-aware architecture utilizing computing with words and ISO/IEC/IEEE 42010"". SECON, 2016.",هندسة السياقات الواعية باستخدام الحوسبة بالكلمات ومعيار أيزو/مiec/ieee 42010. *SECON*، 2016.
Group-Based Ultralightweight Authentication for Medical IoT Security,المصادقة الفائقة الخفيفة القائمة على المجموعات لأمان إنترنت الأشياء الطبي.,https://smarticle.tech/en/article/group-based-ultralightweight-authentication-for-medical-iot-security-202605261210,https://smarticle.tech/ar/article/group-based-ultralightweight-authentication-for-medical-iot-security-202605261210,Cybersecurity,Group-Based Ultralightweight Authentication Protocol for Telecare Medical Information Systems,https://doi.org/10.1109/ACCESS.2025.3586952,"IEEE Access. ""Group-Based Ultralightweight Authentication Protocol for Telecare Medical Information Systems"". IEEE Access, 2025.","IEEE Access. ""بروتوكول مصادقة خفيف الوزن للغاية قائم على المجموعات لأنظمة المعلومات الطبية عن بعد""."
Group-Based Ultralightweight Authentication for Medical IoT Security,المصادقة الفائقة الخفيفة القائمة على المجموعات لأمان إنترنت الأشياء الطبي.,https://smarticle.tech/en/article/group-based-ultralightweight-authentication-for-medical-iot-security-202605261210,https://smarticle.tech/ar/article/group-based-ultralightweight-authentication-for-medical-iot-security-202605261210,Cybersecurity,On the Security of A Dynamic ID-based Authentication Scheme for Telecare Medical Information Systems,https://doi.org/10.1007/s10916-013-9929-4,"On the Security of A Dynamic ID-based Authentication Scheme for Telecare Medical Information Systems"".","""حول أمن مخطط مصادقة قائم على المعرف الديناميكي لأنظمة المعلومات الطبية عن بعد""."
Group-Based Ultralightweight Authentication for Medical IoT Security,المصادقة الفائقة الخفيفة القائمة على المجموعات لأمان إنترنت الأشياء الطبي.,https://smarticle.tech/en/article/group-based-ultralightweight-authentication-for-medical-iot-security-202605261210,https://smarticle.tech/ar/article/group-based-ultralightweight-authentication-for-medical-iot-security-202605261210,Cybersecurity,Cryptanalysis and Improvement of an Improved Two Factor Authentication Protocol for Telecare Medical Information Systems,https://doi.org/10.1007/s10916-015-0244-0,"""Cryptanalysis and Improvement of an Improved Two Factor Authentication Protocol for Telecare Medical Information Systems"". , .","""تحليل التشفير وتحسين بروتوكول مصادقة ثنائي العوامل محسن لأنظمة المعلومات الطبية عن بعد""."
Group-Based Ultralightweight Authentication for Medical IoT Security,المصادقة الفائقة الخفيفة القائمة على المجموعات لأمان إنترنت الأشياء الطبي.,https://smarticle.tech/en/article/group-based-ultralightweight-authentication-for-medical-iot-security-202605261210,https://smarticle.tech/ar/article/group-based-ultralightweight-authentication-for-medical-iot-security-202605261210,Cybersecurity,A Novel Provably-Secure ECC-based Authentication and Key Management Protocol for Telecare Medical Information Systems,https://doi.org/10.1109/iccke48569.2019.8965036,"A Novel Provably-Secure ECC-based Authentication and Key Management Protocol for Telecare Medical Information Systems"". IEEE, 2019.","""بروتوكول جديد آمن إثباتياً للمصادقة وإدارة المفاتيح قائم على هندسة المنحنيات الإهليلجية لأنظمة المعلومات الطبية عن بعد"". IEEE، 2019."
Group-Based Ultralightweight Authentication for Medical IoT Security,المصادقة الفائقة الخفيفة القائمة على المجموعات لأمان إنترنت الأشياء الطبي.,https://smarticle.tech/en/article/group-based-ultralightweight-authentication-for-medical-iot-security-202605261210,https://smarticle.tech/ar/article/group-based-ultralightweight-authentication-for-medical-iot-security-202605261210,Cybersecurity,Improved Dynamic ID-based Authentication Scheme for Telecare Medical Information Systems,https://doi.org/10.1007/s10916-012-9912-5,"Improved Dynamic ID-based Authentication Scheme for Telecare Medical Information Systems"".","""مخطط مصادقة محسن قائم على المعرف الديناميكي لأنظمة المعلومات الطبية عن بعد""."
AI Smart Grid Anomaly Detection for Cyber Intrusions,كشف الشذوذ في الشبكة الذكية للذكاء الاصطناعي ضد الاختراقات السيبرانية.,https://smarticle.tech/en/article/ai-smart-grid-anomaly-detection-for-cyber-intrusions-202605261304,https://smarticle.tech/ar/article/ai-smart-grid-anomaly-detection-for-cyber-intrusions-202605261304,Artificial Intelligence,A Review of Smart Grid Anomaly Detection Approaches Pertaining to Artificial Intelligence,https://doi.org/10.3390/app14031194,"Applied Sciences. ""A Review of Smart Grid Anomaly Detection Approaches Pertaining to Artificial Intelligence"". Applied Sciences, 2024.","العلوم التطبيقية. ""مراجعة لأساليب كشف الشذوذ في شبكات الذكية باستخدام الذكاء الاصطناعي""."
AI Smart Grid Anomaly Detection for Cyber Intrusions,كشف الشذوذ في الشبكة الذكية للذكاء الاصطناعي ضد الاختراقات السيبرانية.,https://smarticle.tech/en/article/ai-smart-grid-anomaly-detection-for-cyber-intrusions-202605261304,https://smarticle.tech/ar/article/ai-smart-grid-anomaly-detection-for-cyber-intrusions-202605261304,Artificial Intelligence,Anomaly Detection in Smart Grid Networks Using Power Consumption Data,https://doi.org/10.5220/0012137600003555,"Anomaly Detection in Smart Grid Networks Using Power Consumption Data"".",كشف الشذوذ في شبكات الشبكات الذكية باستخدام بيانات استهلاك الطاقة.
AI Smart Grid Anomaly Detection for Cyber Intrusions,كشف الشذوذ في الشبكة الذكية للذكاء الاصطناعي ضد الاختراقات السيبرانية.,https://smarticle.tech/en/article/ai-smart-grid-anomaly-detection-for-cyber-intrusions-202605261304,https://smarticle.tech/ar/article/ai-smart-grid-anomaly-detection-for-cyber-intrusions-202605261304,Artificial Intelligence,DATA AUGMENTATION FOR SMART GRID ANOMALY DETECTION,https://doi.org/10.23860/diss-1659,"DATA AUGMENTATION FOR SMART GRID ANOMALY DETECTION"".",زيادة البيانات لكشف الشذوذ في شبكات الذكية.
AI Smart Grid Anomaly Detection for Cyber Intrusions,كشف الشذوذ في الشبكة الذكية للذكاء الاصطناعي ضد الاختراقات السيبرانية.,https://smarticle.tech/en/article/ai-smart-grid-anomaly-detection-for-cyber-intrusions-202605261304,https://smarticle.tech/ar/article/ai-smart-grid-anomaly-detection-for-cyber-intrusions-202605261304,Artificial Intelligence,A Hierarchical Framework for Smart Grid Anomaly Detection Using Large-Scale Smart Meter Data,https://doi.org/10.1109/tsg.2017.2697440,"A Hierarchical Framework for Smart Grid Anomaly Detection Using Large-Scale Smart Meter Data"". IEEE Transactions on Smart Grid, 2017.","إطار عمل هرمي لكشف الشذوذ في شبكات الذكية باستخدام بيانات عدادات ذكية واسعة النطاق"". مجلة معهد مهندسي الكهرباء والإلكترونيات في معاملات الشبكات الذكية، 2017."
AI Smart Grid Anomaly Detection for Cyber Intrusions,كشف الشذوذ في الشبكة الذكية للذكاء الاصطناعي ضد الاختراقات السيبرانية.,https://smarticle.tech/en/article/ai-smart-grid-anomaly-detection-for-cyber-intrusions-202605261304,https://smarticle.tech/ar/article/ai-smart-grid-anomaly-detection-for-cyber-intrusions-202605261304,Artificial Intelligence,On the use of pattern matching for rapid anomaly detection in smart grid infrastructures,https://doi.org/10.1109/smartgridcomm.2011.6102321,On the use of pattern matching for rapid anomaly detection in smart grid infrastructures.,حول استخدام مطابقة الأنماط للكشف السريع عن الشذوذ في بنيات شبكات الذكية.
Weak CN Stars in the Large Magellanic Cloud Discovery,نجوم سيانوجين الضعيفة في سحابة ماجلان الكبيرة: الاكتشاف.,https://smarticle.tech/en/article/weak-cn-stars-in-the-large-magellanic-cloud-discovery-202605280912,https://smarticle.tech/ar/article/weak-cn-stars-in-the-large-magellanic-cloud-discovery-202605280912,Artificial Intelligence,Discovery of Weak CN Stars in the Large Magellanic Cloud and Comparison to Stellar Models,https://doi.org/10.3847/1538-4357/adb030,"Discovery of Weak CN Stars in the Large Magellanic Cloud and Comparison to Stellar Models. *doaj*, 2025.",اكتشاف النجوم الضعيفة الحاوية على السيانوجين في سحابة ماجلان الكبرى والمقارنة مع النماذج النجمية. *doaj*، 2025.
Weak CN Stars in the Large Magellanic Cloud Discovery,نجوم سيانوجين الضعيفة في سحابة ماجلان الكبيرة: الاكتشاف.,https://smarticle.tech/en/article/weak-cn-stars-in-the-large-magellanic-cloud-discovery-202605280912,https://smarticle.tech/ar/article/weak-cn-stars-in-the-large-magellanic-cloud-discovery-202605280912,Artificial Intelligence,Complete Stellar Models: Interior and Spectral Evolution of Massive Stars,https://doi.org/10.1007/978-94-011-0125-7_39,"Complete Stellar Models: Interior and Spectral Evolution of Massive Stars"".",النماذج النجمية الكاملة: التطور الداخلي والطيفي للنجوم الضخمة.
Weak CN Stars in the Large Magellanic Cloud Discovery,نجوم سيانوجين الضعيفة في سحابة ماجلان الكبيرة: الاكتشاف.,https://smarticle.tech/en/article/weak-cn-stars-in-the-large-magellanic-cloud-discovery-202605280912,https://smarticle.tech/ar/article/weak-cn-stars-in-the-large-magellanic-cloud-discovery-202605280912,Artificial Intelligence,Testing Stellar Evolution Models of Metal-Poor Stars,https://doi.org/10.1063/1.1893347,"Testing Stellar Evolution Models of Metal-Poor Stars"".",اختبار نماذج التطور النجمي للنجوم الفقيرة بالمعادن.
Weak CN Stars in the Large Magellanic Cloud Discovery,نجوم سيانوجين الضعيفة في سحابة ماجلان الكبيرة: الاكتشاف.,https://smarticle.tech/en/article/weak-cn-stars-in-the-large-magellanic-cloud-discovery-202605280912,https://smarticle.tech/ar/article/weak-cn-stars-in-the-large-magellanic-cloud-discovery-202605280912,Artificial Intelligence,12. Stellar Models: Structure and Evolution,https://doi.org/10.1515/9781400868988-014,Stellar Models: Structure and Evolution. 2015.,النماذج النجمية: التركيب والتطور. 2015.
Weak CN Stars in the Large Magellanic Cloud Discovery,نجوم سيانوجين الضعيفة في سحابة ماجلان الكبيرة: الاكتشاف.,https://smarticle.tech/en/article/weak-cn-stars-in-the-large-magellanic-cloud-discovery-202605280912,https://smarticle.tech/ar/article/weak-cn-stars-in-the-large-magellanic-cloud-discovery-202605280912,Artificial Intelligence,Stellar Models,https://doi.org/10.1142/9781783265817_0007,"Stellar Models"". *Stellar Populations*, 2016.",النماذج النجمية. *السكانات النجمية*، 2016.
"Multi-Resolution and Multi-Temporal Satellite Remote Sensing Analysis to Understand Human-Induced Changes in the Landscape for the Protection of Cultural Heritage: The Case Study of the MapDam Project, Syria",التحليل المتعدد الدقة والمتعدد الزمان للاستشعار عن بُعد عبر الأقمار الصناعية لفهم التغييرات البشرية في المشهد من أجل حماية التراث الثقافي: دراسة حالة مشروع مابدام، سوريا.,https://smarticle.tech/en/article/multi-resolution-and-multi-temporal-satellite-remote-sensing-analysis-to-un-202605281421,https://smarticle.tech/ar/article/multi-resolution-and-multi-temporal-satellite-remote-sensing-analysis-to-un-202605281421,Artificial Intelligence,Multi-Resolution and Multi-Temporal Satellite Remote Sensing Analysis to Understand Human-Induced Changes in the Landscape for the Protection of Cultu,https://doi.org/10.3390/land14112233,"Multi-Resolution and Multi-Temporal Satellite Remote Sensing Analysis to Understand Human-Induced Changes in the Landscape for the Protection of Cultural Heritage: The Case Study of the MapDam Project, Syria. Land, 2025.","التحليل متعدد الدقة والزمني للاستشعار عن بعد بالأقمار الاصطناعية لفهم التغيرات التي من صنع الإنسان في المناظر الطبيعية من أجل حماية التراث الثقافي: دراسة حالة مشروع مابدام، سوريا. مجلة ""لاند""، 2025."
"Multi-Resolution and Multi-Temporal Satellite Remote Sensing Analysis to Understand Human-Induced Changes in the Landscape for the Protection of Cultural Heritage: The Case Study of the MapDam Project, Syria",التحليل المتعدد الدقة والمتعدد الزمان للاستشعار عن بُعد عبر الأقمار الصناعية لفهم التغييرات البشرية في المشهد من أجل حماية التراث الثقافي: دراسة حالة مشروع مابدام، سوريا.,https://smarticle.tech/en/article/multi-resolution-and-multi-temporal-satellite-remote-sensing-analysis-to-un-202605281421,https://smarticle.tech/ar/article/multi-resolution-and-multi-temporal-satellite-remote-sensing-analysis-to-un-202605281421,Artificial Intelligence,Satellite Remote Sensing for Cultural Heritage Protection: The Consensus Platform and AI-Assisted Bibliometric Analysis of Scientific and Grey Literat,https://doi.org/10.3390/heritage9040149,"Satellite Remote Sensing for Cultural Heritage Protection: The Consensus Platform and AI-Assisted Bibliometric Analysis of Scientific and Grey Literature (2010–2025)"". *Heritage*, 2024.","الاستشعار عن بعد بالأقمار الاصطناعية لحماية التراث الثقافي: منصة الإجماع والتحليل البيبليومتري بمساعدة الذكاء الاصطناعي للأدب العلمي والأدبيات الرمادية (2010–2025). مجلة ""هيريتج""، 2024."
"Multi-Resolution and Multi-Temporal Satellite Remote Sensing Analysis to Understand Human-Induced Changes in the Landscape for the Protection of Cultural Heritage: The Case Study of the MapDam Project, Syria",التحليل المتعدد الدقة والمتعدد الزمان للاستشعار عن بُعد عبر الأقمار الصناعية لفهم التغييرات البشرية في المشهد من أجل حماية التراث الثقافي: دراسة حالة مشروع مابدام، سوريا.,https://smarticle.tech/en/article/multi-resolution-and-multi-temporal-satellite-remote-sensing-analysis-to-un-202605281421,https://smarticle.tech/ar/article/multi-resolution-and-multi-temporal-satellite-remote-sensing-analysis-to-un-202605281421,Artificial Intelligence,Integrating Satellite Remote Sensing and Ethical AI for Cultural Heritage Preservation,https://doi.org/10.5194/egusphere-egu25-4477,"Integrating Satellite Remote Sensing and Ethical AI for Cultural Heritage Preservation"".",دمج الاستشعار عن بعد بالأقمار الاصطناعية والذكاء الاصطناعي الأخلاقي لحماية التراث الثقافي.
"Multi-Resolution and Multi-Temporal Satellite Remote Sensing Analysis to Understand Human-Induced Changes in the Landscape for the Protection of Cultural Heritage: The Case Study of the MapDam Project, Syria",التحليل المتعدد الدقة والمتعدد الزمان للاستشعار عن بُعد عبر الأقمار الصناعية لفهم التغييرات البشرية في المشهد من أجل حماية التراث الثقافي: دراسة حالة مشروع مابدام، سوريا.,https://smarticle.tech/en/article/multi-resolution-and-multi-temporal-satellite-remote-sensing-analysis-to-un-202605281421,https://smarticle.tech/ar/article/multi-resolution-and-multi-temporal-satellite-remote-sensing-analysis-to-un-202605281421,Artificial Intelligence,"DIGITALESCAPE Project—Aerial Remote Sensing, HBIM, and Archaeology for the Preservation and Dissemination of the Cultural Heritage at Risk in the Sier",https://doi.org/10.3390/rs15133315,"DIGITALESCAPE Project—Aerial Remote Sensing, HBIM, and Archaeology for the Preservation and Dissemination of the Cultural Heritage at Risk in the Sierra Sur and Sierra Morena Regions"". Remote Sensing, 2023.","مشروع ديجيتال إسكейب: الاستشعار الجوي عن بعد، نماذج معلومات المباني التاريخية (HBIM)، وعلم الآثار من أجل حفظ ونشر التراث الثقافي المعرض للخطر في منطقتي سيرا سور وسيرا مورينا. مجلة ""ريمووت سينسينغ""، 2023."
"Multi-Resolution and Multi-Temporal Satellite Remote Sensing Analysis to Understand Human-Induced Changes in the Landscape for the Protection of Cultural Heritage: The Case Study of the MapDam Project, Syria",التحليل المتعدد الدقة والمتعدد الزمان للاستشعار عن بُعد عبر الأقمار الصناعية لفهم التغييرات البشرية في المشهد من أجل حماية التراث الثقافي: دراسة حالة مشروع مابدام، سوريا.,https://smarticle.tech/en/article/multi-resolution-and-multi-temporal-satellite-remote-sensing-analysis-to-un-202605281421,https://smarticle.tech/ar/article/multi-resolution-and-multi-temporal-satellite-remote-sensing-analysis-to-un-202605281421,Artificial Intelligence,Satellite-Based Methodology for Purposes of Rescue Archaeology of Cultural Heritage Threatened by Dam Construction,https://doi.org/10.3390/rs14041009,"Satellite-Based Methodology for Purposes of Rescue Archaeology of Cultural Heritage Threatened by Dam Construction"". Remote Sensing, 2022.","المنهجية القائمة على الأقمار الاصطناعية لأغراض علم الآثار الإنقاذي للتراث الثقافي المهدد بانشاء السدود. مجلة ""ريمووت سينسينغ""، 2022."
PlatonicNav Reveals Inherent Semantic Topology for Embodied Navigation,PlatonicNav يكشف عن البنية الدلالية الكامنة للملاحة المتجسدة.,https://smarticle.tech/en/article/platonicnav-reveals-inherent-semantic-topology-for-embodied-navigation-202606031401,https://smarticle.tech/ar/article/platonicnav-reveals-inherent-semantic-topology-for-embodied-navigation-202606031401,Artificial Intelligence,PlatonicNav: Unveiling Semantic Correspondence in Navigation with Platonic Topological Maps,https://arxiv.org/abs/2606.01788,"PlatonicNav: Unveiling Semantic Correspondence in Navigation with Platonic Topological Maps. hf_daily, 2026.",PlatonicNav: كشف التوافق الدلالي في الملاحة باستخدام خرائط طوبولوجية بلاتونية. hf_daily، 2026.
Local Perturbation Theory Explains Cross-Domain Interference in Multi-Domain RL,نظرية الاضطراب المحلي وتفسيرها للتداخل عبر المجالات في التعلم المعزز متعدد المجالات,https://smarticle.tech/en/article/local-perturbation-theory-explains-cross-domain-interference-in-multi-domai-202606031735,https://smarticle.tech/ar/article/local-perturbation-theory-explains-cross-domain-interference-in-multi-domai-202606031735,Artificial Intelligence,A Local Perturbation Theory for Cross-Domain Interference and Recovery in Multi-Domain RL,https://arxiv.org/abs/2606.02398,"""A Local Perturbation Theory for Cross-Domain Interference and Recovery in Multi-Domain RL"". hf_daily, 2026.","""نظرية الاضطراب المحلي للتداخل عبر المجالات والتعافي في التعلم المعزز متعدد المجالات""."
Local Perturbation Theory Explains Cross-Domain Interference in Multi-Domain RL,نظرية الاضطراب المحلي وتفسيرها للتداخل عبر المجالات في التعلم المعزز متعدد المجالات,https://smarticle.tech/en/article/local-perturbation-theory-explains-cross-domain-interference-in-multi-domai-202606031735,https://smarticle.tech/ar/article/local-perturbation-theory-explains-cross-domain-interference-in-multi-domai-202606031735,Artificial Intelligence,CARE-RL: Capability-Aware Reinforcement Learning for Mitigating Cross-Domain Conflicts,https://arxiv.org/abs/2606.00609,CARE-RL: Capability-Aware Reinforcement Learning for Mitigating Cross-Domain Conflicts.,CARE-RL: التعلم المعزز القائم على القدرات للتخفيف من الصراعات عبر المجالات.
Local Perturbation Theory Explains Cross-Domain Interference in Multi-Domain RL,نظرية الاضطراب المحلي وتفسيرها للتداخل عبر المجالات في التعلم المعزز متعدد المجالات,https://smarticle.tech/en/article/local-perturbation-theory-explains-cross-domain-interference-in-multi-domai-202606031735,https://smarticle.tech/ar/article/local-perturbation-theory-explains-cross-domain-interference-in-multi-domai-202606031735,Artificial Intelligence,Reinforcement Learning from Cross-domain Videos with Video Prediction Model,https://arxiv.org/abs/2606.03201,"Reinforcement Learning from Cross-domain Videos with Video Prediction Model"".",التعلم المعزز من خلال مقاطع الفيديو عبر المجالات مع نموذج توقع الفيديو.
Local Perturbation Theory Explains Cross-Domain Interference in Multi-Domain RL,نظرية الاضطراب المحلي وتفسيرها للتداخل عبر المجالات في التعلم المعزز متعدد المجالات,https://smarticle.tech/en/article/local-perturbation-theory-explains-cross-domain-interference-in-multi-domai-202606031735,https://smarticle.tech/ar/article/local-perturbation-theory-explains-cross-domain-interference-in-multi-domai-202606031735,Artificial Intelligence,Cross-Domain Energy-Guided Diffusion Generation for Off-Dynamics Reinforcement Learning,https://arxiv.org/abs/2605.24810,"""Cross-Domain Energy-Guided Diffusion Generation for Off-Dynamics Reinforcement Learning"". , .","""التوليد الانتشاري الموجه بالطاقة عبر المجالات للتعلم المعزز خارج ديناميكيات الأفعال""."
Local Perturbation Theory Explains Cross-Domain Interference in Multi-Domain RL,نظرية الاضطراب المحلي وتفسيرها للتداخل عبر المجالات في التعلم المعزز متعدد المجالات,https://smarticle.tech/en/article/local-perturbation-theory-explains-cross-domain-interference-in-multi-domai-202606031735,https://smarticle.tech/ar/article/local-perturbation-theory-explains-cross-domain-interference-in-multi-domai-202606031735,Artificial Intelligence,Unifying Value Alignment and Assignment in Cross-Domain Offline Reinforcement Learning with Heterogeneous Datasets,https://arxiv.org/abs/2605.24862,"Unifying Value Alignment and Assignment in Cross-Domain Offline Reinforcement Learning with Heterogeneous Datasets"".",توحيد محاذاة القيمة وتعيينها في التعلم المعزز غير المتزامن عبر المجالات باستخدام مجموعات بيانات غير متجانسة.
