Academic Concept (EN),Academic Concept (AR),Concept URL (EN),Concept URL (AR),Subcategory,Reference Title,Reference URL,Citation (EN),Citation (AR)
Plate Tectonics and the Geological Formation of Earth's Continents,تكتونيات الصفائح وتكوين القارات الأرضية جيولوجيًا.,https://smarticle.tech/en/article/plate-tectonics-and-the-geological-formation-of-earth-s-continents-202605130455,https://smarticle.tech/ar/article/plate-tectonics-and-the-geological-formation-of-earth-s-continents-202605130455,Continents,Himalaya,https://openlibrary.org/works/OL36175641W,"Himalaya. by Rodolphe Cattin, Jean-Luc Epard. (2023). — Wiley & Sons, Incorporated, John. ISBN: 1394228600","Himalaya. بقلم Rodolphe Cattin، Jean-Luc Epard. (2023). — Wiley & Sons, Incorporated, John. ردمك: 1394228600"
Plate Tectonics and the Geological Formation of Earth's Continents,تكتونيات الصفائح وتكوين القارات الأرضية جيولوجيًا.,https://smarticle.tech/en/article/plate-tectonics-and-the-geological-formation-of-earth-s-continents-202605130455,https://smarticle.tech/ar/article/plate-tectonics-and-the-geological-formation-of-earth-s-continents-202605130455,Continents,Geomechanics and Geodynamics of Rock Masses,https://openlibrary.org/works/OL21345683W,Geomechanics and Geodynamics of Rock Masses. by Vladimir Litvinenko. (2018). — Taylor & Francis Group. ISBN: 0429830041,Geomechanics and Geodynamics of Rock Masses. بقلم Vladimir Litvinenko. (2018). — Taylor & Francis Group. ردمك: 0429830041
Plate Tectonics and the Geological Formation of Earth's Continents,تكتونيات الصفائح وتكوين القارات الأرضية جيولوجيًا.,https://smarticle.tech/en/article/plate-tectonics-and-the-geological-formation-of-earth-s-continents-202605130455,https://smarticle.tech/ar/article/plate-tectonics-and-the-geological-formation-of-earth-s-continents-202605130455,Continents,Proceedings of the 30th International Geological Congress,https://openlibrary.org/works/OL942035W,"Proceedings of the 30th International Geological Congress. by International Geological Congress (30th 1996 Beijing, China). (1997). — Brill Academic Publishers. ISBN: 9789067642415","Proceedings of the 30th International Geological Congress. بقلم International Geological Congress (30th 1996 Beijing, China). (1997). — Brill Academic Publishers. ردمك: 9789067642415"
Plate Tectonics and the Geological Formation of Earth's Continents,تكتونيات الصفائح وتكوين القارات الأرضية جيولوجيًا.,https://smarticle.tech/en/article/plate-tectonics-and-the-geological-formation-of-earth-s-continents-202605130455,https://smarticle.tech/ar/article/plate-tectonics-and-the-geological-formation-of-earth-s-continents-202605130455,Continents,Earth's dynamic systems,https://archive.org/details/earthsdynamicsys0000hamb,Earth's dynamic systems. by W. Kenneth Hamblin. (1975). — Burgess Pub. Co.. ISBN: 9780808747420,Earth's dynamic systems. بقلم W. Kenneth Hamblin. (1975). — Burgess Pub. Co.. ردمك: 9780808747420
Plate Tectonics and the Geological Formation of Earth's Continents,تكتونيات الصفائح وتكوين القارات الأرضية جيولوجيًا.,https://smarticle.tech/en/article/plate-tectonics-and-the-geological-formation-of-earth-s-continents-202605130455,https://smarticle.tech/ar/article/plate-tectonics-and-the-geological-formation-of-earth-s-continents-202605130455,Continents,Introduction to Earth Science,https://openlibrary.org/works/OL34329287W,Introduction to Earth Science. by Michael Anderson. (2011). — Rosen Publishing Group. ISBN: 1283079305,Introduction to Earth Science. بقلم Michael Anderson. (2011). — Rosen Publishing Group. ردمك: 1283079305
Plate Tectonics and the Geological Formation of Earth's Continents,تكتونيات الصفائح وتكوين القارات الأرضية جيولوجيًا.,https://smarticle.tech/en/article/plate-tectonics-and-the-geological-formation-of-earth-s-continents-202605130455,https://smarticle.tech/ar/article/plate-tectonics-and-the-geological-formation-of-earth-s-continents-202605130455,Continents,Continental Drift—The Road to Plate Tectonics,https://doi.org/10.1093/oso/9780195165890.003.0003,"Rogers, John J. W., and M. Santosh. ""Continental Drift—The Road to Plate Tectonics"". crossref, 2004.","روجرز، جون ج. دبليو، وسانتوش، م. ""الانجراف القاري—الطريق إلى تكتونيات الصفائح"". *كروسريف*، 2004."
Plate Tectonics and the Geological Formation of Earth's Continents,تكتونيات الصفائح وتكوين القارات الأرضية جيولوجيًا.,https://smarticle.tech/en/article/plate-tectonics-and-the-geological-formation-of-earth-s-continents-202605130455,https://smarticle.tech/ar/article/plate-tectonics-and-the-geological-formation-of-earth-s-continents-202605130455,Continents,"Contractional theory, continental drift and plate tectonics",https://doi.org/10.1007/978-3-540-76504-2_1,"Frisch, Wolfgang; Meschede, Martin; Blakey, Ronald. ""Contractional theory, continental drift and plate tectonics"". *crossref*, 2010.","فريش، فولفغانغ؛ ميشيده، مارتن؛ بلاكي، رونالد. ""النظرية الانكماشية، والانجراف القاري، وتكتونيات الصفائح"". *كروسريف*، 2010."
Plate Tectonics and the Geological Formation of Earth's Continents,تكتونيات الصفائح وتكوين القارات الأرضية جيولوجيًا.,https://smarticle.tech/en/article/plate-tectonics-and-the-geological-formation-of-earth-s-continents-202605130455,https://smarticle.tech/ar/article/plate-tectonics-and-the-geological-formation-of-earth-s-continents-202605130455,Continents,The birth of plate tectonics,https://doi.org/10.1017/cbo9781139095938.009,"Henry R. Frankel. ""The birth of plate tectonics"". crossref, 2012.","فرانكل، هنري آر. ""نشأة تكتونيات الصفائح"". *كروسريف*، 2012."
Plate Tectonics and the Geological Formation of Earth's Continents,تكتونيات الصفائح وتكوين القارات الأرضية جيولوجيًا.,https://smarticle.tech/en/article/plate-tectonics-and-the-geological-formation-of-earth-s-continents-202605130455,https://smarticle.tech/ar/article/plate-tectonics-and-the-geological-formation-of-earth-s-continents-202605130455,Continents,Plate Tectonics and Continental Drift,https://doi.org/10.1016/b978-0-08-028076-9.50013-8,"Condie K.C. ""Plate Tectonics and Continental Drift"". crossref, 1982.","كونداي، ك. سي. ""تكتونيات الصفائح والانجراف القاري"". *كروسريف*، 1982."
"Physical Geography of Africa: Landscape, Climate Zones, and Bioregions",الجغرافيا الطبيعية لأفريقيا: التضاريس، مناطق المناخ، والمناطق البيولوجية.,https://smarticle.tech/en/article/physical-geography-of-africa-landscape-climate-zones-and-bioregions-202605140924,https://smarticle.tech/ar/article/physical-geography-of-africa-landscape-climate-zones-and-bioregions-202605140924,Continents,Universal Geography,https://openlibrary.org/works/OL24374239W,Universal Geography. by Conrad Malte-Brun. (2015). — Franklin Classics. ISBN: 9781343667044,Universal Geography. بقلم Conrad Malte-Brun. (2015). — Franklin Classics. ردمك: 9781343667044
"Physical Geography of Africa: Landscape, Climate Zones, and Bioregions",الجغرافيا الطبيعية لأفريقيا: التضاريس، مناطق المناخ، والمناطق البيولوجية.,https://smarticle.tech/en/article/physical-geography-of-africa-landscape-climate-zones-and-bioregions-202605140924,https://smarticle.tech/ar/article/physical-geography-of-africa-landscape-climate-zones-and-bioregions-202605140924,Continents,The encyclopædia of geography,https://archive.org/details/encyclopdiageog00bradgoog,"The encyclopædia of geography. by Murray, Hugh. (1837). — Lea and Blanchard. ISBN: 9780665493836","The encyclopædia of geography. بقلم Murray, Hugh. (1837). — Lea and Blanchard. ردمك: 9780665493836"
"Physical Geography of Africa: Landscape, Climate Zones, and Bioregions",الجغرافيا الطبيعية لأفريقيا: التضاريس، مناطق المناخ، والمناطق البيولوجية.,https://smarticle.tech/en/article/physical-geography-of-africa-landscape-climate-zones-and-bioregions-202605140924,https://smarticle.tech/ar/article/physical-geography-of-africa-landscape-climate-zones-and-bioregions-202605140924,Continents,World geography,https://archive.org/details/worldgeography00brad_0,World geography. by John Hodgdon Bradley. (1945). — Ginn,World geography. بقلم John Hodgdon Bradley. (1945). — Ginn
"Physical Geography of Africa: Landscape, Climate Zones, and Bioregions",الجغرافيا الطبيعية لأفريقيا: التضاريس، مناطق المناخ، والمناطق البيولوجية.,https://smarticle.tech/en/article/physical-geography-of-africa-landscape-climate-zones-and-bioregions-202605140924,https://smarticle.tech/ar/article/physical-geography-of-africa-landscape-climate-zones-and-bioregions-202605140924,Continents,The Uganda protectorate,https://archive.org/details/ugandaprotectora01john,The Uganda protectorate. by Harry Hamilton Johnston. (1902). — Hutchinson,The Uganda protectorate. بقلم Harry Hamilton Johnston. (1902). — Hutchinson
"Physical Geography of Africa: Landscape, Climate Zones, and Bioregions",الجغرافيا الطبيعية لأفريقيا: التضاريس، مناطق المناخ، والمناطق البيولوجية.,https://smarticle.tech/en/article/physical-geography-of-africa-landscape-climate-zones-and-bioregions-202605140924,https://smarticle.tech/ar/article/physical-geography-of-africa-landscape-climate-zones-and-bioregions-202605140924,Continents,"An account of travels into the interior of Southern Africa, in the years 1797 and 1798",https://archive.org/details/accountoftravels01barr,"An account of travels into the interior of Southern Africa, in the years 1797 and 1798. by John Barrow. (1801). — Johnson Reprint","An account of travels into the interior of Southern Africa, in the years 1797 and 1798. بقلم John Barrow. (1801). — Johnson Reprint"
"Physical Geography of Africa: Landscape, Climate Zones, and Bioregions",الجغرافيا الطبيعية لأفريقيا: التضاريس، مناطق المناخ، والمناطق البيولوجية.,https://smarticle.tech/en/article/physical-geography-of-africa-landscape-climate-zones-and-bioregions-202605140924,https://smarticle.tech/ar/article/physical-geography-of-africa-landscape-climate-zones-and-bioregions-202605140924,Continents,South African scenery,https://openlibrary.org/works/OL4594774W,South African scenery. by Lester Charles King. (1942). — Hafner Pub. Co.,South African scenery. بقلم Lester Charles King. (1942). — Hafner Pub. Co.
"Physical Geography of Africa: Landscape, Climate Zones, and Bioregions",الجغرافيا الطبيعية لأفريقيا: التضاريس، مناطق المناخ، والمناطق البيولوجية.,https://smarticle.tech/en/article/physical-geography-of-africa-landscape-climate-zones-and-bioregions-202605140924,https://smarticle.tech/ar/article/physical-geography-of-africa-landscape-climate-zones-and-bioregions-202605140924,Continents,A new Outline Geography of West Africa,https://openlibrary.org/works/OL11325492W,A new Outline Geography of West Africa. by Herbert Oguejiofo Nkemka Oboli. (1978). — Harrap (etc.). ISBN: 9780245532139,A new Outline Geography of West Africa. بقلم Herbert Oguejiofo Nkemka Oboli. (1978). — Harrap (etc.). ردمك: 9780245532139
"Physical Geography of Africa: Landscape, Climate Zones, and Bioregions",الجغرافيا الطبيعية لأفريقيا: التضاريس، مناطق المناخ، والمناطق البيولوجية.,https://smarticle.tech/en/article/physical-geography-of-africa-landscape-climate-zones-and-bioregions-202605140924,https://smarticle.tech/ar/article/physical-geography-of-africa-landscape-climate-zones-and-bioregions-202605140924,Continents,An Introduction to Map Reading for Kenya,https://openlibrary.org/works/OL10199426M,"An Introduction to Map Reading for Kenya. by J.P. Odero, G.E.D. Lewis. (1988). — Evans Brothers - Africa list. ISBN: 9780237509590",An Introduction to Map Reading for Kenya. بقلم J.P. Odero، G.E.D. Lewis. (1988). — Evans Brothers - Africa list. ردمك: 9780237509590
"Physical Geography of Africa: Landscape, Climate Zones, and Bioregions",الجغرافيا الطبيعية لأفريقيا: التضاريس، مناطق المناخ، والمناطق البيولوجية.,https://smarticle.tech/en/article/physical-geography-of-africa-landscape-climate-zones-and-bioregions-202605140924,https://smarticle.tech/ar/article/physical-geography-of-africa-landscape-climate-zones-and-bioregions-202605140924,Continents,African Biomes,https://doi.org/10.1093/obo/9780199830060-0112,"Sinclair, Anthony R.E., and Rene L. Beyers. ""African Biomes"". *crossref*, 2014.","سينكلير، أنتوني آر. إي.، وبييرس، رينيه إل. ""الأنظمة البيئية الأفريقية"". *كروسريف*، 2014."
"Physical Geography of Africa: Landscape, Climate Zones, and Bioregions",الجغرافيا الطبيعية لأفريقيا: التضاريس، مناطق المناخ، والمناطق البيولوجية.,https://smarticle.tech/en/article/physical-geography-of-africa-landscape-climate-zones-and-bioregions-202605140924,https://smarticle.tech/ar/article/physical-geography-of-africa-landscape-climate-zones-and-bioregions-202605140924,Continents,Biomes and Zonobiomes,https://doi.org/10.1007/978-3-642-76268-0_7,"Huggett, Richard John. ""Biomes and Zonobiomes"". crossref, 1991.","هاغيت، ريتشارد جون. ""الأنظمة البيئية والمناطق البيئية"". *كروسريف*، 1991."
"Physical Geography of Asia: Relief, River Systems, and Monsoon Dynamics",الجغرافيا الفيزيائية لآسيا: التضاريس، أنظمة الأنهار، وديناميات الرياح الموسمية.,https://smarticle.tech/en/article/physical-geography-of-asia-relief-river-systems-and-monsoon-dynamics-202605140931,https://smarticle.tech/ar/article/physical-geography-of-asia-relief-river-systems-and-monsoon-dynamics-202605140931,Continents,Essai politique sur le royaume de la Nouvelle-Espagne,https://archive.org/details/cihm_18544,Essai politique sur le royaume de la Nouvelle-Espagne. by Alexander von Humboldt. (1811). — I. Riley. ISBN: 0665181760,Essai politique sur le royaume de la Nouvelle-Espagne. بقلم Alexander von Humboldt. (1811). — I. Riley. ردمك: 0665181760
"Physical Geography of Asia: Relief, River Systems, and Monsoon Dynamics",الجغرافيا الفيزيائية لآسيا: التضاريس، أنظمة الأنهار، وديناميات الرياح الموسمية.,https://smarticle.tech/en/article/physical-geography-of-asia-relief-river-systems-and-monsoon-dynamics-202605140931,https://smarticle.tech/ar/article/physical-geography-of-asia-relief-river-systems-and-monsoon-dynamics-202605140931,Continents,Ansichten der Natur,https://archive.org/details/ansichtendernatu00humb,Ansichten der Natur. by Alexander von Humboldt. (1849). — Editions européennes Erasme. ISBN: 2738800718,Ansichten der Natur. بقلم Alexander von Humboldt. (1849). — Editions européennes Erasme. ردمك: 2738800718
"Physical Geography of Asia: Relief, River Systems, and Monsoon Dynamics",الجغرافيا الفيزيائية لآسيا: التضاريس، أنظمة الأنهار، وديناميات الرياح الموسمية.,https://smarticle.tech/en/article/physical-geography-of-asia-relief-river-systems-and-monsoon-dynamics-202605140931,https://smarticle.tech/ar/article/physical-geography-of-asia-relief-river-systems-and-monsoon-dynamics-202605140931,Continents,Universal Geography,https://openlibrary.org/works/OL24374239W,Universal Geography. by Conrad Malte-Brun. (2015). — Franklin Classics. ISBN: 9781343667044,Universal Geography. بقلم Conrad Malte-Brun. (2015). — Franklin Classics. ردمك: 9781343667044
"Physical Geography of Asia: Relief, River Systems, and Monsoon Dynamics",الجغرافيا الفيزيائية لآسيا: التضاريس، أنظمة الأنهار، وديناميات الرياح الموسمية.,https://smarticle.tech/en/article/physical-geography-of-asia-relief-river-systems-and-monsoon-dynamics-202605140931,https://smarticle.tech/ar/article/physical-geography-of-asia-relief-river-systems-and-monsoon-dynamics-202605140931,Continents,The encyclopædia of geography,https://archive.org/details/encyclopdiageog00bradgoog,"The encyclopædia of geography. by Murray, Hugh. (1837). — Lea and Blanchard. ISBN: 9780665493836","The encyclopædia of geography. بقلم Murray, Hugh. (1837). — Lea and Blanchard. ردمك: 9780665493836"
"Physical Geography of Asia: Relief, River Systems, and Monsoon Dynamics",الجغرافيا الفيزيائية لآسيا: التضاريس، أنظمة الأنهار، وديناميات الرياح الموسمية.,https://smarticle.tech/en/article/physical-geography-of-asia-relief-river-systems-and-monsoon-dynamics-202605140931,https://smarticle.tech/ar/article/physical-geography-of-asia-relief-river-systems-and-monsoon-dynamics-202605140931,Continents,The Physical Geography of Southeast Asia,https://doi.org/10.1093/oso/9780199248025.001.0001,"The Physical Geography of Southeast Asia. *Source*, 2019.",النص: الجغرافيا الفيزيائية لجنوب شرق آسيا. *Source*، 2019.
"Political Geography: National Borders, Territory, and Sovereignty",الجغرافيا السياسية: الحدود الوطنية، الإقليم، والسيادة.,https://smarticle.tech/en/article/political-geography-national-borders-territory-and-sovereignty-202605140937,https://smarticle.tech/ar/article/political-geography-national-borders-territory-and-sovereignty-202605140937,Countries,"Cosmopolitanism, Self-Determination and Territory",https://openlibrary.org/works/OL20673284W,"Cosmopolitanism, Self-Determination and Territory. by Oliviero Angeli. (2015). — Palgrave Macmillan. ISBN: 1137004940","Cosmopolitanism, Self-Determination and Territory. بقلم Oliviero Angeli. (2015). — Palgrave Macmillan. ردمك: 1137004940"
"Political Geography: National Borders, Territory, and Sovereignty",الجغرافيا السياسية: الحدود الوطنية، الإقليم، والسيادة.,https://smarticle.tech/en/article/political-geography-national-borders-territory-and-sovereignty-202605140937,https://smarticle.tech/ar/article/political-geography-national-borders-territory-and-sovereignty-202605140937,Countries,"Borders, nations, and states",https://archive.org/details/bordersnationsst0000unse,"Borders, nations, and states. by Liam O'Dowd, Thomas M. Wilson. (1996). — Avebury. ISBN: 9781859721582","Borders, nations, and states. بقلم Liam O'Dowd، Thomas M. Wilson. (1996). — Avebury. ردمك: 9781859721582"
"Political Geography: National Borders, Territory, and Sovereignty",الجغرافيا السياسية: الحدود الوطنية، الإقليم، والسيادة.,https://smarticle.tech/en/article/political-geography-national-borders-territory-and-sovereignty-202605140937,https://smarticle.tech/ar/article/political-geography-national-borders-territory-and-sovereignty-202605140937,Countries,Identifying the ‘Outsider’: An Assessment of Foreigner Tribunals in the Indian State of Assam,https://doi.org/10.35715/scr2001.117,"Rahman, T. A. ""Identifying the ‘Outsider’: An Assessment of Foreigner Tribunals in the Indian State of Assam"". semantic_scholar_foundational, 2020.","رحمن، ط. أ. ""تحديد 'الغريب': تقييم محاكم الأجانب في ولاية آسام الهندية"". semantic_scholar_foundational، 2020."
"Political Geography: National Borders, Territory, and Sovereignty",الجغرافيا السياسية: الحدود الوطنية، الإقليم، والسيادة.,https://smarticle.tech/en/article/political-geography-national-borders-territory-and-sovereignty-202605140937,https://smarticle.tech/ar/article/political-geography-national-borders-territory-and-sovereignty-202605140937,Countries,From impact refugees to deterritorialized states: Foresighting extreme legal-policy cases in asteroid impact scenarios,https://arxiv.org/abs/2111.13643,"Elisa Simão-Soler, E. Peña-Asensio. ""From impact refugees to deterritorialized states: Foresighting extreme legal-policy cases in asteroid impact scenarios"". semantic_scholar_foundational, 2021.","إليسا سيمون-سولر، إي. بينيا-أسينسيو. ""من لاجئي التأثير إلى الدول منزوعة الإقليم: استشراف حالات قانونية-سياسية متطرفة في سيناريوهات تأثير الكويكبات"". semantic_scholar_foundational، 2021."
"Political Geography: National Borders, Territory, and Sovereignty",الجغرافيا السياسية: الحدود الوطنية، الإقليم، والسيادة.,https://smarticle.tech/en/article/political-geography-national-borders-territory-and-sovereignty-202605140937,https://smarticle.tech/ar/article/political-geography-national-borders-territory-and-sovereignty-202605140937,Countries,DIVIDING THE ARCTIC. ON THE ISSUE OF THE RUSSIAN ARCTIC BOUNDARIES,https://doi.org/10.28995/2073-6339-2023-4-58-68,"Gomelauri, A. ""DIVIDING THE ARCTIC. ON THE ISSUE OF THE RUSSIAN ARCTIC BOUNDARIES"". semantic_scholar_foundational, 2023.","غوميلوري، أ. ""تقسيم القطب الشمالي: حول مسألة حدود القطب الشمالي الروسي"". semantic_scholar_foundational، 2023."
"Political Geography: National Borders, Territory, and Sovereignty",الجغرافيا السياسية: الحدود الوطنية، الإقليم، والسيادة.,https://smarticle.tech/en/article/political-geography-national-borders-territory-and-sovereignty-202605140937,https://smarticle.tech/ar/article/political-geography-national-borders-territory-and-sovereignty-202605140937,Countries,On the Borderline – Using National and International Legal Frameworks to Address the Traffic of Pre-Columbian Antiquities between Mexico and the Unite,https://doi.org/10.4467/2450050xsnr.21.018.15263,"Quiñones Vilá, Claudia S. ""On the Borderline – Using National and International Legal Frameworks to Address the Traffic of Pre-Columbian Antiquities between Mexico and the United States"". semantic_scholar_foundational, 2021.","كوينونيس فيلا، كلوديا س. ""على الحدود – استخدام الأطر القانونية الوطنية والدولية لمعالجة تجارة الآثار ما قبل الكولومبية بين المكسيك والولايات المتحدة"". semantic_scholar_foundational، 2021."
"Political Geography: National Borders, Territory, and Sovereignty",الجغرافيا السياسية: الحدود الوطنية، الإقليم، والسيادة.,https://smarticle.tech/en/article/political-geography-national-borders-territory-and-sovereignty-202605140937,https://smarticle.tech/ar/article/political-geography-national-borders-territory-and-sovereignty-202605140937,Countries,Features of legal differentiation of the border sphere in Ukraine,https://doi.org/10.54103/2464-8914/21918,"Tyshchuk, Viktor Volodymyrovych. ""Features of legal differentiation of the border sphere in Ukraine"". semantic_scholar_foundational, 2023.","تيشتشوك، فيكتور فولوديميروفيتش. ""ميزات التمييز القانوني لقطاع الحدود في أوكرانيا"". semantic_scholar_foundational، 2023."
"Political Geography: National Borders, Territory, and Sovereignty",الجغرافيا السياسية: الحدود الوطنية، الإقليم، والسيادة.,https://smarticle.tech/en/article/political-geography-national-borders-territory-and-sovereignty-202605140937,https://smarticle.tech/ar/article/political-geography-national-borders-territory-and-sovereignty-202605140937,Countries,Memoirs of a Revolutionist,https://archive.org/details/memoirsofrevolut0000unse_t6f5,Memoirs of a Revolutionist. by Peter Kropotkin. (1899). — Horizon Press. ISBN: 0921689187,Memoirs of a Revolutionist. بقلم Peter Kropotkin. (1899). — Horizon Press. ردمك: 0921689187
"Political Geography: National Borders, Territory, and Sovereignty",الجغرافيا السياسية: الحدود الوطنية، الإقليم، والسيادة.,https://smarticle.tech/en/article/political-geography-national-borders-territory-and-sovereignty-202605140937,https://smarticle.tech/ar/article/political-geography-national-borders-territory-and-sovereignty-202605140937,Countries,Description of Greece,https://archive.org/details/descriptionofgre05paus_0,"Description of Greece. by Pausanias, Jean Pouilloux, James George Frazer. (1613). — Ekdotikē Athēnōn. ISBN: 9788804474098",Description of Greece. بقلم Pausanias، Jean Pouilloux، James George Frazer. (1613). — Ekdotikē Athēnōn. ردمك: 9788804474098
"Political Geography: National Borders, Territory, and Sovereignty",الجغرافيا السياسية: الحدود الوطنية، الإقليم، والسيادة.,https://smarticle.tech/en/article/political-geography-national-borders-territory-and-sovereignty-202605140937,https://smarticle.tech/ar/article/political-geography-national-borders-territory-and-sovereignty-202605140937,Countries,Kokuritsu Kokkai Toshokan shozō Meijiki kankō tosho maikuro-ban shūsei,https://openlibrary.org/works/OL33207850W,Kokuritsu Kokkai Toshokan shozō Meijiki kankō tosho maikuro-ban shūsei. by Kokuritsu Kokkai Toshokan (Japan). (1991). — Maruzen kabushiki Kaisha,Kokuritsu Kokkai Toshokan shozō Meijiki kankō tosho maikuro-ban shūsei. بقلم Kokuritsu Kokkai Toshokan (Japan). (1991). — Maruzen kabushiki Kaisha
"State Formation and Geopolitics: Why States Rise, Fail, and Reform",تشكيل الدول والجيوسياسة: لماذا ترتفع الدول وتفشل وتُصلح.,https://smarticle.tech/en/article/state-formation-and-geopolitics-why-states-rise-fail-and-reform-202605140945,https://smarticle.tech/ar/article/state-formation-and-geopolitics-why-states-rise-fail-and-reform-202605140945,Countries,Capitalism in Contemporary Iran,https://openlibrary.org/works/OL37567148W,Capitalism in Contemporary Iran. by Kayhan Valadbaygi. (2024). — Manchester University Press. ISBN: 9781526161772,Capitalism in Contemporary Iran. بقلم Kayhan Valadbaygi. (2024). — Manchester University Press. ردمك: 9781526161772
"State Formation and Geopolitics: Why States Rise, Fail, and Reform",تشكيل الدول والجيوسياسة: لماذا ترتفع الدول وتفشل وتُصلح.,https://smarticle.tech/en/article/state-formation-and-geopolitics-why-states-rise-fail-and-reform-202605140945,https://smarticle.tech/ar/article/state-formation-and-geopolitics-why-states-rise-fail-and-reform-202605140945,Countries,Living by the Gun in Chad,https://openlibrary.org/works/OL26744358W,"Living by the Gun in Chad. by Marielle Debos, Andrew Brown. (2016). — Zed Books, Limited. ISBN: 1783605332","Living by the Gun in Chad. بقلم Marielle Debos، Andrew Brown. (2016). — Zed Books, Limited. ردمك: 1783605332"
"State Formation and Geopolitics: Why States Rise, Fail, and Reform",تشكيل الدول والجيوسياسة: لماذا ترتفع الدول وتفشل وتُصلح.,https://smarticle.tech/en/article/state-formation-and-geopolitics-why-states-rise-fail-and-reform-202605140945,https://smarticle.tech/ar/article/state-formation-and-geopolitics-why-states-rise-fail-and-reform-202605140945,Countries,State Formation and Territoriality in the European Union,https://doi.org/10.1080/714000979,"Heeg, S., Ossenbrügge, J. ""State Formation and Territoriality in the European Union"". crossref, 2002.","Heeg, S., Ossenbrügge, J. ""State Formation and Territoriality in the European Union"". crossref, 2002."
"State Formation and Geopolitics: Why States Rise, Fail, and Reform",تشكيل الدول والجيوسياسة: لماذا ترتفع الدول وتفشل وتُصلح.,https://smarticle.tech/en/article/state-formation-and-geopolitics-why-states-rise-fail-and-reform-202605140945,https://smarticle.tech/ar/article/state-formation-and-geopolitics-why-states-rise-fail-and-reform-202605140945,Countries,Ethnic Enclavisation and State Formation In Kosovo,https://doi.org/10.1080/14650040903500890,"Dahlman, Carl T., and Trent Williams. ""Ethnic Enclavisation and State Formation In Kosovo"". *crossref*, 2010.","Dahlman, Carl T., and Trent Williams. ""Ethnic Enclavisation and State Formation In Kosovo"". *crossref*, 2010."
"State Formation and Geopolitics: Why States Rise, Fail, and Reform",تشكيل الدول والجيوسياسة: لماذا ترتفع الدول وتفشل وتُصلح.,https://smarticle.tech/en/article/state-formation-and-geopolitics-why-states-rise-fail-and-reform-202605140945,https://smarticle.tech/ar/article/state-formation-and-geopolitics-why-states-rise-fail-and-reform-202605140945,Countries,The Cartographic Production of Territorial Space: Mapping and State Formation in Early Modern Denmark,https://doi.org/10.1080/14650040801991639,"Strandsbjerg, Jeppe. ""The Cartographic Production of Territorial Space: Mapping and State Formation in Early Modern Denmark"". crossref, 2008.","Strandsbjerg, Jeppe. ""The Cartographic Production of Territorial Space: Mapping and State Formation in Early Modern Denmark"". crossref, 2008."
"State Formation and Geopolitics: Why States Rise, Fail, and Reform",تشكيل الدول والجيوسياسة: لماذا ترتفع الدول وتفشل وتُصلح.,https://smarticle.tech/en/article/state-formation-and-geopolitics-why-states-rise-fail-and-reform-202605140945,https://smarticle.tech/ar/article/state-formation-and-geopolitics-why-states-rise-fail-and-reform-202605140945,Countries,Empire and State Formation,https://doi.org/10.1093/obo/9780199730414-0020,"Desbarats, Catherine. ""Empire and State Formation"". *crossref*, 2012.","Desbarats, Catherine. ""Empire and State Formation"". *crossref*, 2012."
"State Formation and Geopolitics: Why States Rise, Fail, and Reform",تشكيل الدول والجيوسياسة: لماذا ترتفع الدول وتفشل وتُصلح.,https://smarticle.tech/en/article/state-formation-and-geopolitics-why-states-rise-fail-and-reform-202605140945,https://smarticle.tech/ar/article/state-formation-and-geopolitics-why-states-rise-fail-and-reform-202605140945,Countries,A Theory of Latecomer State Formation,https://doi.org/10.12987/yale/9780300248951.003.0002,"Mazzuca, Sebastián. ""A Theory of Latecomer State Formation"". *crossref*, 2021.","Mazzuca, Sebastián. ""A Theory of Latecomer State Formation"". *crossref*, 2021."
"State Formation and Geopolitics: Why States Rise, Fail, and Reform",تشكيل الدول والجيوسياسة: لماذا ترتفع الدول وتفشل وتُصلح.,https://smarticle.tech/en/article/state-formation-and-geopolitics-why-states-rise-fail-and-reform-202605140945,https://smarticle.tech/ar/article/state-formation-and-geopolitics-why-states-rise-fail-and-reform-202605140945,Countries,History of theoretical thought on inter-state relations and the formation of “International Relations” as an academic discipline,https://doi.org/10.2307/j.ctvdf09vd.4,"""History of theoretical thought on inter-state relations and the formation of “International Relations” as an academic discipline"". crossref, 2013.","""History of theoretical thought on inter-state relations and the formation of “International Relations” as an academic discipline"". crossref, 2013."
"State Formation and Geopolitics: Why States Rise, Fail, and Reform",تشكيل الدول والجيوسياسة: لماذا ترتفع الدول وتفشل وتُصلح.,https://smarticle.tech/en/article/state-formation-and-geopolitics-why-states-rise-fail-and-reform-202605140945,https://smarticle.tech/ar/article/state-formation-and-geopolitics-why-states-rise-fail-and-reform-202605140945,Countries,Religion and state formation,https://doi.org/10.4324/9780203126943-7,"Religion and state formation. ""Religion and state formation"". crossref, 2013.","Religion and state formation. ""Religion and state formation"". crossref, 2013."
"State Formation and Geopolitics: Why States Rise, Fail, and Reform",تشكيل الدول والجيوسياسة: لماذا ترتفع الدول وتفشل وتُصلح.,https://smarticle.tech/en/article/state-formation-and-geopolitics-why-states-rise-fail-and-reform-202605140945,https://smarticle.tech/ar/article/state-formation-and-geopolitics-why-states-rise-fail-and-reform-202605140945,Countries,Ancient History of Korea from the perspective of Archaeology: Theory of State Formation and the Ancient History of the Korean Peninsula,https://doi.org/10.37331/jkah.2023.6.110.59,"dae hwan Kim. ""Ancient History of Korea from the perspective of Archaeology: Theory of State Formation and the Ancient History of the Korean Peninsula"". crossref, 2023.","dae hwan Kim. ""Ancient History of Korea from the perspective of Archaeology: Theory of State Formation and the Ancient History of the Korean Peninsula"". crossref, 2023."
"Human Geography: Population Distribution, Migration, and Urbanisation",الجغرافيا البشرية: توزيع السكان. الهجرة، والتحضر.,https://smarticle.tech/en/article/human-geography-population-distribution-migration-and-urbanisation-202605140953,https://smarticle.tech/ar/article/human-geography-population-distribution-migration-and-urbanisation-202605140953,Countries,Cosmos,https://archive.org/details/cosmossurveyofge00humbrich,Cosmos. by Alexander von Humboldt. (1845). — Johns Hopkins Press. ISBN: 9781432613310,Cosmos. بقلم Alexander von Humboldt. (1845). — Johns Hopkins Press. ردمك: 9781432613310
"Human Geography: Population Distribution, Migration, and Urbanisation",الجغرافيا البشرية: توزيع السكان. الهجرة، والتحضر.,https://smarticle.tech/en/article/human-geography-population-distribution-migration-and-urbanisation-202605140953,https://smarticle.tech/ar/article/human-geography-population-distribution-migration-and-urbanisation-202605140953,Countries,Geography made easy,https://archive.org/details/cihm_52689,"Geography made easy. by Jedidiah Morse. (1784). — Meigs, Bowen & Dana. ISBN: 9780665470035","Geography made easy. بقلم Jedidiah Morse. (1784). — Meigs, Bowen & Dana. ردمك: 9780665470035"
"Human Geography: Population Distribution, Migration, and Urbanisation",الجغرافيا البشرية: توزيع السكان. الهجرة، والتحضر.,https://smarticle.tech/en/article/human-geography-population-distribution-migration-and-urbanisation-202605140953,https://smarticle.tech/ar/article/human-geography-population-distribution-migration-and-urbanisation-202605140953,Countries,Essai politique sur le royaume de la Nouvelle-Espagne,https://archive.org/details/cihm_18544,Essai politique sur le royaume de la Nouvelle-Espagne. by Alexander von Humboldt. (1811). — University of Kentucky Library. ISBN: 0665457413,Essai politique sur le royaume de la Nouvelle-Espagne. بقلم Alexander von Humboldt. (1811). — University of Kentucky Library. ردمك: 0665457413
"Human Geography: Population Distribution, Migration, and Urbanisation",الجغرافيا البشرية: توزيع السكان. الهجرة، والتحضر.,https://smarticle.tech/en/article/human-geography-population-distribution-migration-and-urbanisation-202605140953,https://smarticle.tech/ar/article/human-geography-population-distribution-migration-and-urbanisation-202605140953,Countries,The American gazetteer,https://archive.org/details/cihm_28833,The American gazetteer. by Jedidiah Morse. (1797). — Arno Press. ISBN: 9780665418969,The American gazetteer. بقلم Jedidiah Morse. (1797). — Arno Press. ردمك: 9780665418969
"Human Geography: Population Distribution, Migration, and Urbanisation",الجغرافيا البشرية: توزيع السكان. الهجرة، والتحضر.,https://smarticle.tech/en/article/human-geography-population-distribution-migration-and-urbanisation-202605140953,https://smarticle.tech/ar/article/human-geography-population-distribution-migration-and-urbanisation-202605140953,Countries,The Cultural Landscape,https://archive.org/details/culturallandscap00rube_0,The Cultural Landscape. by James M. Rubenstein. (1983). — West Pub. Co.. ISBN: 013243573X,The Cultural Landscape. بقلم James M. Rubenstein. (1983). — West Pub. Co.. ردمك: 013243573X
"Human Geography: Population Distribution, Migration, and Urbanisation",الجغرافيا البشرية: توزيع السكان. الهجرة، والتحضر.,https://smarticle.tech/en/article/human-geography-population-distribution-migration-and-urbanisation-202605140953,https://smarticle.tech/ar/article/human-geography-population-distribution-migration-and-urbanisation-202605140953,Countries,Unequal migration and urbanisation gains in China,https://doi.org/10.1016/J.JDEVECO.2019.01.009,"P. Combes, P. Combes, S. Démurger, Shi Li, Jianguo Wang. ""Unequal migration and urbanisation gains in China"". semantic_scholar_foundational, 2020.","ب. كومبس، ب. كومبس، س. ديمورغر، شي لي، جيانغاو وانغ. ""الهجرة غير المتكافئة ومكاسب التحضر في الصين"". *semantic_scholar_foundational*، 2020."
"Human Geography: Population Distribution, Migration, and Urbanisation",الجغرافيا البشرية: توزيع السكان. الهجرة، والتحضر.,https://smarticle.tech/en/article/human-geography-population-distribution-migration-and-urbanisation-202605140953,https://smarticle.tech/ar/article/human-geography-population-distribution-migration-and-urbanisation-202605140953,Countries,"Impact of Internal Migration on Population Redistribution in Europe: Urbanisation, Counterurbanisation or Spatial Equilibrium?",https://arxiv.org/abs/1911.03795,"Rowe, Francisco, M. Bell, Aude Bernard, E. Charles‐Edwards, P. Ueffing. ""Impact of Internal Migration on Population Redistribution in Europe: Urbanisation, Counterurbanisation or Spatial Equilibrium?"". semantic_scholar_foundational, 2019.","روي، فرانسيسكو، م. بيل، أود برنارد، إي. تشارلز-إدواردز، ب. أوفينج. ""تأثير الهجرة الداخلية على إعادة التوزيع السكاني في أوروبا: التحضر، أو الهجرة المعاكسة من المدن، أو التوازن المكاني؟"". *semantic_scholar_foundational*، 2019."
"Human Geography: Population Distribution, Migration, and Urbanisation",الجغرافيا البشرية: توزيع السكان. الهجرة، والتحضر.,https://smarticle.tech/en/article/human-geography-population-distribution-migration-and-urbanisation-202605140953,https://smarticle.tech/ar/article/human-geography-population-distribution-migration-and-urbanisation-202605140953,Countries,Did the pandemic bring new features to counter-urbanisation? Evidence from Estonia,https://doi.org/10.1016/j.jrurstud.2022.12.012,"T. Tammaru, Jaak Kliimask, Kadi Kalm, Jānis Zālīte. ""Did the pandemic bring new features to counter-urbanisation? Evidence from Estonia"". Journal of Rural Studies, 2022.","ت. تامارو، ياك كليماسك، كادي كالم، يانيس زاليته. ""هل جلبت الجائحة ميزات جديدة للهجرة المعاكسة من المدن؟ أدلة من إستونيا"". *Journal of Rural Studies*، 2022."
"Human Geography: Population Distribution, Migration, and Urbanisation",الجغرافيا البشرية: توزيع السكان. الهجرة، والتحضر.,https://smarticle.tech/en/article/human-geography-population-distribution-migration-and-urbanisation-202605140953,https://smarticle.tech/ar/article/human-geography-population-distribution-migration-and-urbanisation-202605140953,Countries,‘Hyper’-Urbanisation and migration: A security threat,https://doi.org/10.1016/j.cities.2020.102965,"Soumya Awasthi. ""‘Hyper’-Urbanisation and migration: A security threat"". semantic_scholar_foundational, .","سومييا أفسثي. ""'فرط' التحضر والهجرة: تهديد أمني"". *semantic_scholar_foundational*."
"Human Geography: Population Distribution, Migration, and Urbanisation",الجغرافيا البشرية: توزيع السكان. الهجرة، والتحضر.,https://smarticle.tech/en/article/human-geography-population-distribution-migration-and-urbanisation-202605140953,https://smarticle.tech/ar/article/human-geography-population-distribution-migration-and-urbanisation-202605140953,Countries,Exploring the nexus between migration and urbanisation in the Southern Africa region,https://doi.org/10.20525/ijrbs.v12i10.3114,"Chisasa, Joseph and Khumalo, Prudence. ""Exploring the nexus between migration and urbanisation in the Southern Africa region"". *semantic_scholar_foundational*, 2023.","تشيسا، جوزيف، وخومالو، برودينس. ""استكشاف العلاقة بين الهجرة والتحضر في منطقة جنوب أفريقيا"". *semantic_scholar_foundational*، 2023."
Urban Geography: The Structure and Growth of Metropolitan Areas,جغرافيا الحضر: هيكل ونمو المناطق الحضرية,https://smarticle.tech/en/article/urban-geography-the-structure-and-growth-of-metropolitan-areas-202605141001,https://smarticle.tech/ar/article/urban-geography-the-structure-and-growth-of-metropolitan-areas-202605141001,Cities,Urban Geography,https://openlibrary.org/works/OL21313878W,"Urban Geography. by Tim Hall, Heather Barrett. (2000). — Routledge. ISBN: 0203438450",Urban Geography. بقلم Tim Hall، Heather Barrett. (2000). — Routledge. ردمك: 0203438450
Urban Geography: The Structure and Growth of Metropolitan Areas,جغرافيا الحضر: هيكل ونمو المناطق الحضرية,https://smarticle.tech/en/article/urban-geography-the-structure-and-growth-of-metropolitan-areas-202605141001,https://smarticle.tech/ar/article/urban-geography-the-structure-and-growth-of-metropolitan-areas-202605141001,Cities,Urban Regeneration in the UK,https://archive.org/details/urbanregeneratio0000tall_d7s9,Urban Regeneration in the UK. by Andrew Tallon. (2009). — Taylor & Francis Group. ISBN: 9781351030304,Urban Regeneration in the UK. بقلم Andrew Tallon. (2009). — Taylor & Francis Group. ردمك: 9781351030304
Urban Geography: The Structure and Growth of Metropolitan Areas,جغرافيا الحضر: هيكل ونمو المناطق الحضرية,https://smarticle.tech/en/article/urban-geography-the-structure-and-growth-of-metropolitan-areas-202605141001,https://smarticle.tech/ar/article/urban-geography-the-structure-and-growth-of-metropolitan-areas-202605141001,Cities,The sustainable urban development reader,https://archive.org/details/sustainableurban0000unse_o1r8,"The sustainable urban development reader. by Stephen Wheeler, Timothy Beatley, Stephen M. Wheeler. (2004). — Routledge. ISBN: 9780415707756",The sustainable urban development reader. بقلم Stephen Wheeler، Timothy Beatley، Stephen M. Wheeler. (2004). — Routledge. ردمك: 9780415707756
Urban Geography: The Structure and Growth of Metropolitan Areas,جغرافيا الحضر: هيكل ونمو المناطق الحضرية,https://smarticle.tech/en/article/urban-geography-the-structure-and-growth-of-metropolitan-areas-202605141001,https://smarticle.tech/ar/article/urban-geography-the-structure-and-growth-of-metropolitan-areas-202605141001,Cities,Don't Call It Sprawl,https://openlibrary.org/works/OL2641961W,Don't Call It Sprawl. by William T. Bogart. (2006). — Cambridge University Press. ISBN: 0511246900,Don't Call It Sprawl. بقلم William T. Bogart. (2006). — Cambridge University Press. ردمك: 0511246900
Urban Geography: The Structure and Growth of Metropolitan Areas,جغرافيا الحضر: هيكل ونمو المناطق الحضرية,https://smarticle.tech/en/article/urban-geography-the-structure-and-growth-of-metropolitan-areas-202605141001,https://smarticle.tech/ar/article/urban-geography-the-structure-and-growth-of-metropolitan-areas-202605141001,Cities,Characterizing the polycentric spatial structure of Beijing Metropolitan Region using carpooling big data,https://doi.org/10.1016/j.cities.2020.103040,"Xiaobing Liu, Xuedong Yan, Wen Wang, H. Titheridge, Rui Wang, Yang Liu. ""Characterizing the polycentric spatial structure of Beijing Metropolitan Region using carpooling big data"". semantic_scholar_foundational, 2021.","Xiaobing Liu, Xuedong Yan, Wen Wang, H. Titheridge, Rui Wang, Yang Liu. ""Characterizing the polycentric spatial structure of Beijing Metropolitan Region using carpooling big data"". semantic_scholar_foundational, 2021."
Urban Geography: The Structure and Growth of Metropolitan Areas,جغرافيا الحضر: هيكل ونمو المناطق الحضرية,https://smarticle.tech/en/article/urban-geography-the-structure-and-growth-of-metropolitan-areas-202605141001,https://smarticle.tech/ar/article/urban-geography-the-structure-and-growth-of-metropolitan-areas-202605141001,Cities,Fractal-Based Modeling and Spatial Analysis of Urban Form and Growth: A Case Study of Shenzhen in China,https://arxiv.org/abs/2010.05225,"Man, Xiaoming and Chen, Yanguang. ""Fractal-Based Modeling and Spatial Analysis of Urban Form and Growth: A Case Study of Shenzhen in China"". semantic_scholar_foundational, 2020.","Man, Xiaoming and Chen, Yanguang. ""Fractal-Based Modeling and Spatial Analysis of Urban Form and Growth: A Case Study of Shenzhen in China"". semantic_scholar_foundational, 2020."
Urban Geography: The Structure and Growth of Metropolitan Areas,جغرافيا الحضر: هيكل ونمو المناطق الحضرية,https://smarticle.tech/en/article/urban-geography-the-structure-and-growth-of-metropolitan-areas-202605141001,https://smarticle.tech/ar/article/urban-geography-the-structure-and-growth-of-metropolitan-areas-202605141001,Cities,Carbon Balance Matching Relationships and Spatiotemporal Evolution Patterns in China’s National-Level Metropolitan Areas,https://doi.org/10.3390/land14040800,"Mengqi Liu, Yang Yu, Maomao Zhang, et al. ""Carbon Balance Matching Relationships and Spatiotemporal Evolution Patterns in China’s National-Level Metropolitan Areas"". Land, 2025.","Mengqi Liu, Yang Yu, Maomao Zhang, et al. ""Carbon Balance Matching Relationships and Spatiotemporal Evolution Patterns in China’s National-Level Metropolitan Areas"". Land, 2025."
Urban Geography: The Structure and Growth of Metropolitan Areas,جغرافيا الحضر: هيكل ونمو المناطق الحضرية,https://smarticle.tech/en/article/urban-geography-the-structure-and-growth-of-metropolitan-areas-202605141001,https://smarticle.tech/ar/article/urban-geography-the-structure-and-growth-of-metropolitan-areas-202605141001,Cities,Study on spatial form evolution of traditional villages in Jiuguan under the influence of historic transportation network,https://doi.org/10.1186/s40494-024-01153-0,"Zurui Lin, Yuan Liang, Xiaohui Liu. ""Study on spatial form evolution of traditional villages in Jiuguan under the influence of historic transportation network"". semantic_scholar_foundational, 2024.","Zurui Lin, Yuan Liang, Xiaohui Liu. ""Study on spatial form evolution of traditional villages in Jiuguan under the influence of historic transportation network"". semantic_scholar_foundational, 2024."
Urban Geography: The Structure and Growth of Metropolitan Areas,جغرافيا الحضر: هيكل ونمو المناطق الحضرية,https://smarticle.tech/en/article/urban-geography-the-structure-and-growth-of-metropolitan-areas-202605141001,https://smarticle.tech/ar/article/urban-geography-the-structure-and-growth-of-metropolitan-areas-202605141001,Cities,Understanding spatiotemporal evolution of the surface urban heat island in the Bangkok metropolitan region from 2000 to 2020 using enhanced land surfa,https://doi.org/10.1080/19475705.2023.2174904,"Pan, Luyang, et al. ""Understanding spatiotemporal evolution of the surface urban heat island in the Bangkok metropolitan region from 2000 to 2020 using enhanced land surface temperature"". *semantic_scholar_foundational*, 2023.","Pan, Luyang, et al. ""Understanding spatiotemporal evolution of the surface urban heat island in the Bangkok metropolitan region from 2000 to 2020 using enhanced land surface temperature"". *semantic_scholar_foundational*, 2023."
"City Planning and Infrastructure: Transportation, Zoning, and Smart Cities",تخطيط المدن والبنية التحتية: النقل، التخطيط العمراني، والمدن الذكية.,https://smarticle.tech/en/article/city-planning-and-infrastructure-transportation-zoning-and-smart-cities-202605141010,https://smarticle.tech/ar/article/city-planning-and-infrastructure-transportation-zoning-and-smart-cities-202605141010,Cities,Tomorrow,https://archive.org/details/bwb_P8-CCX-464,Tomorrow. by Ebenezer Howard. (1902). — Routledge. ISBN: 0415317479,Tomorrow. بقلم Ebenezer Howard. (1902). — Routledge. ردمك: 0415317479
"City Planning and Infrastructure: Transportation, Zoning, and Smart Cities",تخطيط المدن والبنية التحتية: النقل، التخطيط العمراني، والمدن الذكية.,https://smarticle.tech/en/article/city-planning-and-infrastructure-transportation-zoning-and-smart-cities-202605141010,https://smarticle.tech/ar/article/city-planning-and-infrastructure-transportation-zoning-and-smart-cities-202605141010,Cities,The Death and Life of Great American Cities,https://archive.org/details/deathlifeofgreat0000jane,The Death and Life of Great American Cities. by Jane Jacobs. (1961). — Brand: Vintage. ISBN: 9780140179484,The Death and Life of Great American Cities. بقلم Jane Jacobs. (1961). — Brand: Vintage. ردمك: 9780140179484
"City Planning and Infrastructure: Transportation, Zoning, and Smart Cities",تخطيط المدن والبنية التحتية: النقل، التخطيط العمراني، والمدن الذكية.,https://smarticle.tech/en/article/city-planning-and-infrastructure-transportation-zoning-and-smart-cities-202605141010,https://smarticle.tech/ar/article/city-planning-and-infrastructure-transportation-zoning-and-smart-cities-202605141010,Cities,Introduction to Urban Housing Design,https://openlibrary.org/works/OL21288654W,Introduction to Urban Housing Design. by Graham Towers. (2013). — Routledge. ISBN: 9781136391842,Introduction to Urban Housing Design. بقلم Graham Towers. (2013). — Routledge. ردمك: 9781136391842
"City Planning and Infrastructure: Transportation, Zoning, and Smart Cities",تخطيط المدن والبنية التحتية: النقل، التخطيط العمراني، والمدن الذكية.,https://smarticle.tech/en/article/city-planning-and-infrastructure-transportation-zoning-and-smart-cities-202605141010,https://smarticle.tech/ar/article/city-planning-and-infrastructure-transportation-zoning-and-smart-cities-202605141010,Cities,Introduction to transportation planning,https://archive.org/details/introductiontotr0000brut_w6p8,"Introduction to transportation planning. by Michael J. Bruton, B. Bruton. (1970). — Hyperion Books. ISBN: 0091580412",Introduction to transportation planning. بقلم Michael J. Bruton، B. Bruton. (1970). — Hyperion Books. ردمك: 0091580412
"City Planning and Infrastructure: Transportation, Zoning, and Smart Cities",تخطيط المدن والبنية التحتية: النقل، التخطيط العمراني، والمدن الذكية.,https://smarticle.tech/en/article/city-planning-and-infrastructure-transportation-zoning-and-smart-cities-202605141010,https://smarticle.tech/ar/article/city-planning-and-infrastructure-transportation-zoning-and-smart-cities-202605141010,Cities,The community planning event manual,https://openlibrary.org/works/OL16938955W,"The community planning event manual. by Nick Wates, John Thompson. (2008). — Routledge. ISBN: 9781138177376",The community planning event manual. بقلم Nick Wates، John Thompson. (2008). — Routledge. ردمك: 9781138177376
"City Planning and Infrastructure: Transportation, Zoning, and Smart Cities",تخطيط المدن والبنية التحتية: النقل، التخطيط العمراني، والمدن الذكية.,https://smarticle.tech/en/article/city-planning-and-infrastructure-transportation-zoning-and-smart-cities-202605141010,https://smarticle.tech/ar/article/city-planning-and-infrastructure-transportation-zoning-and-smart-cities-202605141010,Cities,Introduction to Community Development,https://openlibrary.org/works/OL21260232W,"Introduction to Community Development. by Rhonda Phillips, Robert H. Pittman. (2009). — Routledge. ISBN: 9781134482320",Introduction to Community Development. بقلم Rhonda Phillips، Robert H. Pittman. (2009). — Routledge. ردمك: 9781134482320
"City Planning and Infrastructure: Transportation, Zoning, and Smart Cities",تخطيط المدن والبنية التحتية: النقل، التخطيط العمراني، والمدن الذكية.,https://smarticle.tech/en/article/city-planning-and-infrastructure-transportation-zoning-and-smart-cities-202605141010,https://smarticle.tech/ar/article/city-planning-and-infrastructure-transportation-zoning-and-smart-cities-202605141010,Cities,Algorithmic Urban Planning for Smart and Sustainable Development: Systematic Review of the Literature,https://doi.org/10.1016/j.scs.2023.104562,"Son, T.H., Weedon, Z., Yigitcanlar, T., Sanchez, T., Corchado, J., Mehmood, R. ""Algorithmic Urban Planning for Smart and Sustainable Development: Systematic Review of the Literature"". SCS, 2023.","سون، ت. ه.، ويدون، ز.، يigitجانلار، ت.، سانشيز، ت.، كورتشادو، ج.، مهمود، ر. ""التخطيط الحضري الخوارزمي للتنمية الذكية والمستدامة: مراجعة منهجية للأدب"". إس.سي.إس، 2023."
"City Planning and Infrastructure: Transportation, Zoning, and Smart Cities",تخطيط المدن والبنية التحتية: النقل، التخطيط العمراني، والمدن الذكية.,https://smarticle.tech/en/article/city-planning-and-infrastructure-transportation-zoning-and-smart-cities-202605141010,https://smarticle.tech/ar/article/city-planning-and-infrastructure-transportation-zoning-and-smart-cities-202605141010,Cities,Integrating Artificial Intelligence and Environmental Science for Sustainable Urban Planning,https://doi.org/10.34306/itsdi.v5i2.666,"Muhammad Rehan Anwar, Lintang Dwi Sakti. ""Integrating Artificial Intelligence and Environmental Science for Sustainable Urban Planning"". semantic_scholar_foundational, 2024.","محمد ريحان أنور، لينتانغ دوي ساكتي. ""دمج الذكاء الاصطناعي والعلوم البيئية للتخطيط الحضري المستدام"". semantic_scholar_foundational، 2024."
"City Planning and Infrastructure: Transportation, Zoning, and Smart Cities",تخطيط المدن والبنية التحتية: النقل، التخطيط العمراني، والمدن الذكية.,https://smarticle.tech/en/article/city-planning-and-infrastructure-transportation-zoning-and-smart-cities-202605141010,https://smarticle.tech/ar/article/city-planning-and-infrastructure-transportation-zoning-and-smart-cities-202605141010,Cities,Urbanization and Land Use Planning for Achieving the Sustainable Development Goals (SDGs): A Case Study of Greece,https://doi.org/10.3390/urbansci7020043,"Kalfas, D., Kalogiannidis, S., Chatzitheodoridis, F., Toska, E. ""Urbanization and Land Use Planning for Achieving the Sustainable Development Goals (SDGs): A Case Study of Greece"". Urban Sci, 2023.","كالفاس، د.، كالوجيانيديس، س.، تشاتزيثيودوريديس، ف.، توسكا، إ. ""التحضر واستخدام الأراضي في تحقيق أهداف التنمية المستدامة (SDGs): دراسة حالة لليونان"". Urban Sci، 2023."
"City Planning and Infrastructure: Transportation, Zoning, and Smart Cities",تخطيط المدن والبنية التحتية: النقل، التخطيط العمراني، والمدن الذكية.,https://smarticle.tech/en/article/city-planning-and-infrastructure-transportation-zoning-and-smart-cities-202605141010,https://smarticle.tech/ar/article/city-planning-and-infrastructure-transportation-zoning-and-smart-cities-202605141010,Cities,Protected Areas in a neoliberal world and the role of tourism in supporting conservation and sustainable development: an assessment of strategic plann,https://doi.org/10.1080/09669582.2017.1377432,"Job, H., Becken, S., Lane, B. ""Protected Areas in a neoliberal world and the role of tourism in supporting conservation and sustainable development: an assessment of strategic planning, zoning, impact monitoring, and tourism management at natural World Heritage Sites"". Journal of Sustainable Tourism, 2017.","جوب، ه.، بيكين، س.، لين، ب. ""المناطق المحمية في عالم النيوليبرالية ودور السياحة في دعم الحفظ والتنمية المستدامة: تقييم للتخطيط الاستراتيجي، والتقسيم، ورصد الأثر، وإدارة السياحة في مواقع التراث العالمي الطبيعي"". مجلة السياحة المستدامة، 2017."
"Global Megacities: Challenges of Density, Governance, and Sustainability",المدن العملاقة العالمية: تحديات الكثافة والحكم والاستدامة.,https://smarticle.tech/en/article/global-megacities-challenges-of-density-governance-and-sustainability-202605141018,https://smarticle.tech/ar/article/global-megacities-challenges-of-density-governance-and-sustainability-202605141018,Cities,Alice's Adventures in Wonderland,https://archive.org/details/alicesadventures0000unse_v7d2,Alice's Adventures in Wonderland. by Lewis Carroll. (1865). — Unknown. ISBN: 9783741205101,Alice's Adventures in Wonderland. بقلم Lewis Carroll. (1865). — Unknown. ردمك: 9783741205101
"Global Megacities: Challenges of Density, Governance, and Sustainability",المدن العملاقة العالمية: تحديات الكثافة والحكم والاستدامة.,https://smarticle.tech/en/article/global-megacities-challenges-of-density-governance-and-sustainability-202605141018,https://smarticle.tech/ar/article/global-megacities-challenges-of-density-governance-and-sustainability-202605141018,Cities,The Picture of Dorian Gray,https://archive.org/details/pictureofdoriang00wild_5,The Picture of Dorian Gray. by Oscar Wilde. (1890). — Costa Books. ISBN: 1986907732,The Picture of Dorian Gray. بقلم Oscar Wilde. (1890). — Costa Books. ردمك: 1986907732
"Global Megacities: Challenges of Density, Governance, and Sustainability",المدن العملاقة العالمية: تحديات الكثافة والحكم والاستدامة.,https://smarticle.tech/en/article/global-megacities-challenges-of-density-governance-and-sustainability-202605141018,https://smarticle.tech/ar/article/global-megacities-challenges-of-density-governance-and-sustainability-202605141018,Cities,The Great Gatsby,https://archive.org/details/in.ernet.dli.2015.184960,The Great Gatsby. by F. Scott Fitzgerald. (1920). — Collier Books. ISBN: 9798420023068,The Great Gatsby. بقلم F. Scott Fitzgerald. (1920). — Collier Books. ردمك: 9798420023068
"Global Megacities: Challenges of Density, Governance, and Sustainability",المدن العملاقة العالمية: تحديات الكثافة والحكم والاستدامة.,https://smarticle.tech/en/article/global-megacities-challenges-of-density-governance-and-sustainability-202605141018,https://smarticle.tech/ar/article/global-megacities-challenges-of-density-governance-and-sustainability-202605141018,Cities,Dubliners,https://archive.org/details/dubliners02814gut,"Dubliners. by James Joyce. (1914). — O'Brien Press, Limited, The. ISBN: 9780857864161","Dubliners. بقلم James Joyce. (1914). — O'Brien Press, Limited, The. ردمك: 9780857864161"
"Global Megacities: Challenges of Density, Governance, and Sustainability",المدن العملاقة العالمية: تحديات الكثافة والحكم والاستدامة.,https://smarticle.tech/en/article/global-megacities-challenges-of-density-governance-and-sustainability-202605141018,https://smarticle.tech/ar/article/global-megacities-challenges-of-density-governance-and-sustainability-202605141018,Cities,The Canterbury Tales,https://archive.org/details/cu31924030286466,"The Canterbury Tales. by Geoffrey Chaucer, John E. Cunningham, Peter Ackroyd. (1478). — Clar. Press. ISBN: 9781461031840",The Canterbury Tales. بقلم Geoffrey Chaucer، John E. Cunningham، Peter Ackroyd. (1478). — Clar. Press. ردمك: 9781461031840
"Global Megacities: Challenges of Density, Governance, and Sustainability",المدن العملاقة العالمية: تحديات الكثافة والحكم والاستدامة.,https://smarticle.tech/en/article/global-megacities-challenges-of-density-governance-and-sustainability-202605141018,https://smarticle.tech/ar/article/global-megacities-challenges-of-density-governance-and-sustainability-202605141018,Cities,Troilus and Cressida,https://archive.org/details/bwb_S0-AVY-819,Troilus and Cressida. by William Shakespeare. (1609). — Dtv. ISBN: 9798412794648,Troilus and Cressida. بقلم William Shakespeare. (1609). — Dtv. ردمك: 9798412794648
"Global Megacities: Challenges of Density, Governance, and Sustainability",المدن العملاقة العالمية: تحديات الكثافة والحكم والاستدامة.,https://smarticle.tech/en/article/global-megacities-challenges-of-density-governance-and-sustainability-202605141018,https://smarticle.tech/ar/article/global-megacities-challenges-of-density-governance-and-sustainability-202605141018,Cities,Mega-City Region Development in China,https://openlibrary.org/works/OL21710431W,"Mega-City Region Development in China. by Anthony G. O. Yeh, George C. S. Lin, Fiona F. Yang. (2020). — Taylor & Francis Group. ISBN: 9780429555060",Mega-City Region Development in China. بقلم Anthony G. O. Yeh، George C. S. Lin، Fiona F. Yang. (2020). — Taylor & Francis Group. ردمك: 9780429555060
"Global Megacities: Challenges of Density, Governance, and Sustainability",المدن العملاقة العالمية: تحديات الكثافة والحكم والاستدامة.,https://smarticle.tech/en/article/global-megacities-challenges-of-density-governance-and-sustainability-202605141018,https://smarticle.tech/ar/article/global-megacities-challenges-of-density-governance-and-sustainability-202605141018,Cities,Flood insurance study,https://openlibrary.org/works/OL6779776W,"Flood insurance study. by United States. Federal Insurance Administration.. (1977). — Federal Emergency Management Agency, Federal Insufrance Administration","Flood insurance study. بقلم United States. Federal Insurance Administration.. (1977). — Federal Emergency Management Agency, Federal Insufrance Administration"
"Global Megacities: Challenges of Density, Governance, and Sustainability",المدن العملاقة العالمية: تحديات الكثافة والحكم والاستدامة.,https://smarticle.tech/en/article/global-megacities-challenges-of-density-governance-and-sustainability-202605141018,https://smarticle.tech/ar/article/global-megacities-challenges-of-density-governance-and-sustainability-202605141018,Cities,"Census of Canada, 1971",https://openlibrary.org/works/OL7027941W,"Census of Canada, 1971. by Statistics Canada. Census Division.","Census of Canada, 1971. بقلم Statistics Canada. Census Division."
"Global Megacities: Challenges of Density, Governance, and Sustainability",المدن العملاقة العالمية: تحديات الكثافة والحكم والاستدامة.,https://smarticle.tech/en/article/global-megacities-challenges-of-density-governance-and-sustainability-202605141018,https://smarticle.tech/ar/article/global-megacities-challenges-of-density-governance-and-sustainability-202605141018,Cities,Hubert Blanz,https://openlibrary.org/works/OL32030868W,Hubert Blanz. by Hubert Blanz. (2021). — Verlag für moderne Kunst. ISBN: 9783903572096,Hubert Blanz. بقلم Hubert Blanz. (2021). — Verlag für moderne Kunst. ردمك: 9783903572096
Hydrology and River Basin Systems: The Water Cycle and Catchment Dynamics,الهيدرولوجيا وأنظمة أحواض الأنهار: دورة المياه وديناميكيات الحوض.,https://smarticle.tech/en/article/hydrology-and-river-basin-systems-the-water-cycle-and-catchment-dynamics-202605141026,https://smarticle.tech/ar/article/hydrology-and-river-basin-systems-the-water-cycle-and-catchment-dynamics-202605141026,Rivers,Introduction to hydrology,https://archive.org/details/introductiontohy00vies,"Introduction to hydrology. by Warren Viessman, Gary L. Lewis. (1972). — Harper & Row. ISBN: 067399337X",Introduction to hydrology. بقلم Warren Viessman، Gary L. Lewis. (1972). — Harper & Row. ردمك: 067399337X
Hydrology and River Basin Systems: The Water Cycle and Catchment Dynamics,الهيدرولوجيا وأنظمة أحواض الأنهار: دورة المياه وديناميكيات الحوض.,https://smarticle.tech/en/article/hydrology-and-river-basin-systems-the-water-cycle-and-catchment-dynamics-202605141026,https://smarticle.tech/ar/article/hydrology-and-river-basin-systems-the-water-cycle-and-catchment-dynamics-202605141026,Rivers,Fundamentals of hydrology,https://openlibrary.org/works/OL18735642W,Fundamentals of hydrology. by Tim Davie. (2008). — Routledge. ISBN: 9781134147878,Fundamentals of hydrology. بقلم Tim Davie. (2008). — Routledge. ردمك: 9781134147878
Hydrology and River Basin Systems: The Water Cycle and Catchment Dynamics,الهيدرولوجيا وأنظمة أحواض الأنهار: دورة المياه وديناميكيات الحوض.,https://smarticle.tech/en/article/hydrology-and-river-basin-systems-the-water-cycle-and-catchment-dynamics-202605141026,https://smarticle.tech/ar/article/hydrology-and-river-basin-systems-the-water-cycle-and-catchment-dynamics-202605141026,Rivers,Management of Hydrological Systems,https://openlibrary.org/works/OL25120441W,"Management of Hydrological Systems. by Holger Manuel Benavides Muñoz, Jorge Eugenio Arias Zari, Andreas Erwin Fries. (2020). — Taylor & Francis Group. ISBN: 9780367456559",Management of Hydrological Systems. بقلم Holger Manuel Benavides Muñoz، Jorge Eugenio Arias Zari، Andreas Erwin Fries. (2020). — Taylor & Francis Group. ردمك: 9780367456559
Hydrology and River Basin Systems: The Water Cycle and Catchment Dynamics,الهيدرولوجيا وأنظمة أحواض الأنهار: دورة المياه وديناميكيات الحوض.,https://smarticle.tech/en/article/hydrology-and-river-basin-systems-the-water-cycle-and-catchment-dynamics-202605141026,https://smarticle.tech/ar/article/hydrology-and-river-basin-systems-the-water-cycle-and-catchment-dynamics-202605141026,Rivers,"Hydrologic Properties and Ground-Water Flow Systems of the Paleozoic Rocks in the Upper Colorado River Basin in Arizona, Colorado, New Mexico, Utah (U",https://openlibrary.org/works/OL4927333W,"Hydrologic Properties and Ground-Water Flow Systems of the Paleozoic Rocks in the Upper Colorado River Basin in Arizona, Colorado, New Mexico, Utah (U.S. Geological Survey Professional Paper, 1411-B). by Arthur L. Geldon. (2002). — Geological Survey (USGS). ISBN: 0607985941","Hydrologic Properties and Ground-Water Flow Systems of the Paleozoic Rocks in the Upper Colorado River Basin in Arizona, Colorado, New Mexico, Utah (U.S. Geological Survey Professional Paper, 1411-B). بقلم Arthur L. Geldon. (2002). — Geological Survey (USGS). ردمك: 0607985941"
Hydrology and River Basin Systems: The Water Cycle and Catchment Dynamics,الهيدرولوجيا وأنظمة أحواض الأنهار: دورة المياه وديناميكيات الحوض.,https://smarticle.tech/en/article/hydrology-and-river-basin-systems-the-water-cycle-and-catchment-dynamics-202605141026,https://smarticle.tech/ar/article/hydrology-and-river-basin-systems-the-water-cycle-and-catchment-dynamics-202605141026,Rivers,Water Resources Engineering,https://openlibrary.org/works/OL9287899M,"Water Resources Engineering. by Ralph A. Wurbs, Wesley P. James. (2001). — Prentice Hall. ISBN: 9780130812933",Water Resources Engineering. بقلم Ralph A. Wurbs، Wesley P. James. (2001). — Prentice Hall. ردمك: 9780130812933
Hydrology and River Basin Systems: The Water Cycle and Catchment Dynamics,الهيدرولوجيا وأنظمة أحواض الأنهار: دورة المياه وديناميكيات الحوض.,https://smarticle.tech/en/article/hydrology-and-river-basin-systems-the-water-cycle-and-catchment-dynamics-202605141026,https://smarticle.tech/ar/article/hydrology-and-river-basin-systems-the-water-cycle-and-catchment-dynamics-202605141026,Rivers,Hydrology,https://openlibrary.org/works/OL33786234W,Hydrology. by Chester Owen Wisler. (1949). — Textbook Publishers. ISBN: 0758105312,Hydrology. بقلم Chester Owen Wisler. (1949). — Textbook Publishers. ردمك: 0758105312
Hydrology and River Basin Systems: The Water Cycle and Catchment Dynamics,الهيدرولوجيا وأنظمة أحواض الأنهار: دورة المياه وديناميكيات الحوض.,https://smarticle.tech/en/article/hydrology-and-river-basin-systems-the-water-cycle-and-catchment-dynamics-202605141026,https://smarticle.tech/ar/article/hydrology-and-river-basin-systems-the-water-cycle-and-catchment-dynamics-202605141026,Rivers,Water and the world,https://archive.org/details/waterworld0000unse,Water and the world. by Alan D. Tweedie. (1966). — Nelson (Australia),Water and the world. بقلم Alan D. Tweedie. (1966). — Nelson (Australia)
Hydrology and River Basin Systems: The Water Cycle and Catchment Dynamics,الهيدرولوجيا وأنظمة أحواض الأنهار: دورة المياه وديناميكيات الحوض.,https://smarticle.tech/en/article/hydrology-and-river-basin-systems-the-water-cycle-and-catchment-dynamics-202605141026,https://smarticle.tech/ar/article/hydrology-and-river-basin-systems-the-water-cycle-and-catchment-dynamics-202605141026,Rivers,The catchment approach as the scientific basis of river basin management,https://doi.org/10.1127/lr/16/2005/29,"Boon, Philip J. ""The catchment approach as the scientific basis of river basin management"". Limnologica, 2005.","بون، فيليب ج. ""النهج القائم على الحوض كم Grundlage علمية لإدارة أحواض الأنهار"". ليمنولوجيكا، 2005."
Hydrology and River Basin Systems: The Water Cycle and Catchment Dynamics,الهيدرولوجيا وأنظمة أحواض الأنهار: دورة المياه وديناميكيات الحوض.,https://smarticle.tech/en/article/hydrology-and-river-basin-systems-the-water-cycle-and-catchment-dynamics-202605141026,https://smarticle.tech/ar/article/hydrology-and-river-basin-systems-the-water-cycle-and-catchment-dynamics-202605141026,Rivers,"Towards understanding river sediment dynamics as a basis for improved catchment, channel, and coastal management: the case of the Motueka catchment, N",https://doi.org/10.1080/15715124.2014.885437,"Fuller, Ian C., Les R. Basher, and D. Murray Hicks. ""Towards understanding river sediment dynamics as a basis for improved catchment, channel, and coastal management: the case of the Motueka catchment, Nelson, New Zealand"". *crossref*, 2014.","فولر، إيان سي، ليزر باشر، ود. موراي هيكس. ""نحو فهم ديناميكيات رواسب الأنهار كأساس لتحسين إدارة الأحواض، والقنوات، والسواحل: حالة حوض مотуكا، نيلسون، نيوزيلندا"". *كروسريف*، 2014."
Hydrology and River Basin Systems: The Water Cycle and Catchment Dynamics,الهيدرولوجيا وأنظمة أحواض الأنهار: دورة المياه وديناميكيات الحوض.,https://smarticle.tech/en/article/hydrology-and-river-basin-systems-the-water-cycle-and-catchment-dynamics-202605141026,https://smarticle.tech/ar/article/hydrology-and-river-basin-systems-the-water-cycle-and-catchment-dynamics-202605141026,Rivers,Process-based distributed modeling approach for analysis of sediment dynamics in a river basin,https://doi.org/10.5194/hessd-7-5685-2010,"Kabir, M. A., Dutta, D., Hironaka, S. ""Process-based distributed modeling approach for analysis of sediment dynamics in a river basin"". *crossref*, 2010.","كابير، م. أ، دوتا، د، هيروناكا، س. ""النهج النموذجي الموزع القائم على العمليات لتحليل ديناميكيات الرواسب في حوض نهر"". *كروسريف*، 2010."
"Delta Formation, Floodplains, and Watershed Management",تكوين الدلتا، السهول الفيضية، وإدارة الحوض,https://smarticle.tech/en/article/delta-formation-floodplains-and-watershed-management-202605141034,https://smarticle.tech/ar/article/delta-formation-floodplains-and-watershed-management-202605141034,Rivers,Fluvial forms and processes,https://archive.org/details/fluvialformsproc0000knig_p5b8,Fluvial forms and processes. by David Knighton. (1984). — Halsted Pr. ISBN: 1134666683,Fluvial forms and processes. بقلم David Knighton. (1984). — Halsted Pr. ردمك: 1134666683
"Delta Formation, Floodplains, and Watershed Management",تكوين الدلتا، السهول الفيضية، وإدارة الحوض,https://smarticle.tech/en/article/delta-formation-floodplains-and-watershed-management-202605141034,https://smarticle.tech/ar/article/delta-formation-floodplains-and-watershed-management-202605141034,Rivers,Fundamentals of fluvial geomorphology,https://openlibrary.org/works/OL12270753W,Fundamentals of fluvial geomorphology. by Ro Charlton. (2007). — Routledge. ISBN: 9780203371084,Fundamentals of fluvial geomorphology. بقلم Ro Charlton. (2007). — Routledge. ردمك: 9780203371084
"Delta Formation, Floodplains, and Watershed Management",تكوين الدلتا، السهول الفيضية، وإدارة الحوض,https://smarticle.tech/en/article/delta-formation-floodplains-and-watershed-management-202605141034,https://smarticle.tech/ar/article/delta-formation-floodplains-and-watershed-management-202605141034,Rivers,Fluvial Processes,https://openlibrary.org/works/OL21261268W,"Fluvial Processes. by Ana Maria Ferreira da Silva, M. Selim Yalin. (2017). — Taylor & Francis Group. ISBN: 1351796240",Fluvial Processes. بقلم Ana Maria Ferreira da Silva، M. Selim Yalin. (2017). — Taylor & Francis Group. ردمك: 1351796240
"Delta Formation, Floodplains, and Watershed Management",تكوين الدلتا، السهول الفيضية، وإدارة الحوض,https://smarticle.tech/en/article/delta-formation-floodplains-and-watershed-management-202605141034,https://smarticle.tech/ar/article/delta-formation-floodplains-and-watershed-management-202605141034,Rivers,River discharge to the coastal ocean,https://openlibrary.org/works/OL15538069W,River discharge to the coastal ocean. by John D. Milliman. (2011). — Cambridge University Press. ISBN: 0521879876,River discharge to the coastal ocean. بقلم John D. Milliman. (2011). — Cambridge University Press. ردمك: 0521879876
"Delta Formation, Floodplains, and Watershed Management",تكوين الدلتا، السهول الفيضية، وإدارة الحوض,https://smarticle.tech/en/article/delta-formation-floodplains-and-watershed-management-202605141034,https://smarticle.tech/ar/article/delta-formation-floodplains-and-watershed-management-202605141034,Rivers,Tools in fluvial geomorphology,https://openlibrary.org/works/OL19392079W,"Tools in fluvial geomorphology. by G. Mathias Kondolf. (2002). — Wiley & Sons, Limited, John. ISBN: 0470322330","Tools in fluvial geomorphology. بقلم G. Mathias Kondolf. (2002). — Wiley & Sons, Limited, John. ردمك: 0470322330"
"Delta Formation, Floodplains, and Watershed Management",تكوين الدلتا، السهول الفيضية، وإدارة الحوض,https://smarticle.tech/en/article/delta-formation-floodplains-and-watershed-management-202605141034,https://smarticle.tech/ar/article/delta-formation-floodplains-and-watershed-management-202605141034,Rivers,Satellite-Based Mitigation and Adaptation Scenarios for Sea Level Rise in the Lower Niger Delta,https://openlibrary.org/works/OL21349499W,Satellite-Based Mitigation and Adaptation Scenarios for Sea Level Rise in the Lower Niger Delta. by Zahrah Naankwat Musa. (2018). — Taylor & Francis Group. ISBN: 0429467265,Satellite-Based Mitigation and Adaptation Scenarios for Sea Level Rise in the Lower Niger Delta. بقلم Zahrah Naankwat Musa. (2018). — Taylor & Francis Group. ردمك: 0429467265
"Delta Formation, Floodplains, and Watershed Management",تكوين الدلتا، السهول الفيضية، وإدارة الحوض,https://smarticle.tech/en/article/delta-formation-floodplains-and-watershed-management-202605141034,https://smarticle.tech/ar/article/delta-formation-floodplains-and-watershed-management-202605141034,Rivers,Environmental Change And Agricultural Sustainability In The Mekong Delta,https://openlibrary.org/works/OL17391475W,"Environmental Change And Agricultural Sustainability In The Mekong Delta. by Mart A. Stewart. (2011). — Springer London, Limited. ISBN: 9789400736115","Environmental Change And Agricultural Sustainability In The Mekong Delta. بقلم Mart A. Stewart. (2011). — Springer London, Limited. ردمك: 9789400736115"
"Delta Formation, Floodplains, and Watershed Management",تكوين الدلتا، السهول الفيضية، وإدارة الحوض,https://smarticle.tech/en/article/delta-formation-floodplains-and-watershed-management-202605141034,https://smarticle.tech/ar/article/delta-formation-floodplains-and-watershed-management-202605141034,Rivers,Delta Waters,https://openlibrary.org/works/OL29385022W,"Delta Waters. by National Research Council, Division on Earth and Life Studies, Water Science and Technology Board. (2013). — National Academies Press. ISBN: 9780309292191",Delta Waters. بقلم National Research Council، Division on Earth and Life Studies، Water Science and Technology Board. (2013). — National Academies Press. ردمك: 9780309292191
"Delta Formation, Floodplains, and Watershed Management",تكوين الدلتا، السهول الفيضية، وإدارة الحوض,https://smarticle.tech/en/article/delta-formation-floodplains-and-watershed-management-202605141034,https://smarticle.tech/ar/article/delta-formation-floodplains-and-watershed-management-202605141034,Rivers,Watershed Hydrology and Management,https://doi.org/10.1201/9780429430633-1,"Anil Bhardwaj. ""Watershed Hydrology and Management"". crossref, 2019.","أنيل بهاردواج. ""هيدرولوجيا وإدارة الأحواض المائية"". كروسريف، 2019."
"Delta Formation, Floodplains, and Watershed Management",تكوين الدلتا، السهول الفيضية، وإدارة الحوض,https://smarticle.tech/en/article/delta-formation-floodplains-and-watershed-management-202605141034,https://smarticle.tech/ar/article/delta-formation-floodplains-and-watershed-management-202605141034,Rivers,Watershed management through a resilience lens,https://doi.org/10.1201/b11424-16,"Watershed management through a resilience lens. ""Watershed Management"". crossref, 2011.","إدارة الأحواض المائية من خلال منظور المرونة. ""إدارة الأحواض المائية"". كروسريف، 2011."
"The World's Major Rivers: Nile, Amazon, Yangtze, and Mississippi",الأنهار الكبرى في العالم: النيل، الأمازون، اليانغتسي، والمسيسيبي.,https://smarticle.tech/en/article/the-world-s-major-rivers-nile-amazon-yangtze-and-mississippi-202605141042,https://smarticle.tech/ar/article/the-world-s-major-rivers-nile-amazon-yangtze-and-mississippi-202605141042,Rivers,Travels in the Interior Districts of Africa,https://archive.org/details/travelsininterio01park,Travels in the Interior Districts of Africa. by Mungo Park. (1799). — Arno Press. ISBN: 0822325373,Travels in the Interior Districts of Africa. بقلم Mungo Park. (1799). — Arno Press. ردمك: 0822325373
"The World's Major Rivers: Nile, Amazon, Yangtze, and Mississippi",الأنهار الكبرى في العالم: النيل، الأمازون، اليانغتسي، والمسيسيبي.,https://smarticle.tech/en/article/the-world-s-major-rivers-nile-amazon-yangtze-and-mississippi-202605141042,https://smarticle.tech/ar/article/the-world-s-major-rivers-nile-amazon-yangtze-and-mississippi-202605141042,Rivers,An account of expeditions to the sources of the Mississippi,https://archive.org/details/b29318129,"An account of expeditions to the sources of the Mississippi. by Zebulon Montgomery Pike. (1810). — Bonsal, Conrad, & Co.","An account of expeditions to the sources of the Mississippi. بقلم Zebulon Montgomery Pike. (1810). — Bonsal, Conrad, & Co."
"The World's Major Rivers: Nile, Amazon, Yangtze, and Mississippi",الأنهار الكبرى في العالم: النيل، الأمازون، اليانغتسي، والمسيسيبي.,https://smarticle.tech/en/article/the-world-s-major-rivers-nile-amazon-yangtze-and-mississippi-202605141042,https://smarticle.tech/ar/article/the-world-s-major-rivers-nile-amazon-yangtze-and-mississippi-202605141042,Rivers,The Indus delta country,https://archive.org/details/indusdeltacountr00haig,"The Indus delta country. by Malcolm Robert Haig. (1887). — Creative Media Partners, LLC. ISBN: 9781020380327","The Indus delta country. بقلم Malcolm Robert Haig. (1887). — Creative Media Partners, LLC. ردمك: 9781020380327"
"The World's Major Rivers: Nile, Amazon, Yangtze, and Mississippi",الأنهار الكبرى في العالم: النيل، الأمازون، اليانغتسي، والمسيسيبي.,https://smarticle.tech/en/article/the-world-s-major-rivers-nile-amazon-yangtze-and-mississippi-202605141042,https://smarticle.tech/ar/article/the-world-s-major-rivers-nile-amazon-yangtze-and-mississippi-202605141042,Rivers,Twelve years a slave,https://archive.org/details/isbn_9781496138422,"Twelve years a slave. by Solomon Northup. (1853). — Liese. Outside The Box, Andreas. ISBN: 1539366715","Twelve years a slave. بقلم Solomon Northup. (1853). — Liese. Outside The Box, Andreas. ردمك: 1539366715"
"The World's Major Rivers: Nile, Amazon, Yangtze, and Mississippi",الأنهار الكبرى في العالم: النيل، الأمازون، اليانغتسي، والمسيسيبي.,https://smarticle.tech/en/article/the-world-s-major-rivers-nile-amazon-yangtze-and-mississippi-202605141042,https://smarticle.tech/ar/article/the-world-s-major-rivers-nile-amazon-yangtze-and-mississippi-202605141042,Rivers,Robinson Crusoe,https://archive.org/details/robinsoncrusoe0000dani_p7p6,"Robinson Crusoe. by Daniel Defoe, J. J. Grandville, Petrus Borel. (1686). — Besir Kitabevi. ISBN: 9781985276321",Robinson Crusoe. بقلم Daniel Defoe، J. J. Grandville، Petrus Borel. (1686). — Besir Kitabevi. ردمك: 9781985276321
"The World's Major Rivers: Nile, Amazon, Yangtze, and Mississippi",الأنهار الكبرى في العالم: النيل، الأمازون، اليانغتسي، والمسيسيبي.,https://smarticle.tech/en/article/the-world-s-major-rivers-nile-amazon-yangtze-and-mississippi-202605141042,https://smarticle.tech/ar/article/the-world-s-major-rivers-nile-amazon-yangtze-and-mississippi-202605141042,Rivers,Compleat angler,https://archive.org/details/anglerorcomplete00waltrich,Compleat angler. by Izaak Walton. (1653). — Collier Books. ISBN: 9780460041454,Compleat angler. بقلم Izaak Walton. (1653). — Collier Books. ردمك: 9780460041454
"The World's Major Rivers: Nile, Amazon, Yangtze, and Mississippi",الأنهار الكبرى في العالم: النيل، الأمازون، اليانغتسي، والمسيسيبي.,https://smarticle.tech/en/article/the-world-s-major-rivers-nile-amazon-yangtze-and-mississippi-202605141042,https://smarticle.tech/ar/article/the-world-s-major-rivers-nile-amazon-yangtze-and-mississippi-202605141042,Rivers,The Sediment Yield of Major Rivers of the World,https://doi.org/10.1029/wr004i004p00737,"Holeman, John N. ""The Sediment Yield of Major Rivers of the World"". crossref, 1968.","هولمان، جون إن. ""الانتاج الطيني للأنهار الرئيسية في العالم"". كروسريف، 1968."
"The World's Major Rivers: Nile, Amazon, Yangtze, and Mississippi",الأنهار الكبرى في العالم: النيل، الأمازون، اليانغتسي، والمسيسيبي.,https://smarticle.tech/en/article/the-world-s-major-rivers-nile-amazon-yangtze-and-mississippi-202605141042,https://smarticle.tech/ar/article/the-world-s-major-rivers-nile-amazon-yangtze-and-mississippi-202605141042,Rivers,"Global scale human pressure evolution imprints on sustainability of
river systems",https://doi.org/10.5194/hess-2019-227,"Ceola, Serena; Laio, Francesco; Montanari, Alberto. ""Global scale human pressure evolution imprints on sustainability of river systems"". *HESS*, 2019.","تشولا، سيرانا؛ لايو، فرانشيسكو؛ مونتاناري، ألبيرتو. ""الآثار العالمية لتطور الضغوط البشرية على استدامة أنظمة الأنهار"". *هيست* (HESS)، 2019."
"The World's Major Rivers: Nile, Amazon, Yangtze, and Mississippi",الأنهار الكبرى في العالم: النيل، الأمازون، اليانغتسي، والمسيسيبي.,https://smarticle.tech/en/article/the-world-s-major-rivers-nile-amazon-yangtze-and-mississippi-202605141042,https://smarticle.tech/ar/article/the-world-s-major-rivers-nile-amazon-yangtze-and-mississippi-202605141042,Rivers,The Ecology and Management of Wood in World Rivers,https://doi.org/10.47886/9781888569568.fmatter,"Gregory, S. V., Boyer, K. L., & Gurnell, A. M. ""The Ecology and Management of Wood in World Rivers"". crossref, 2003.","غريغوري، إس. في.، بوير، كاي إل.، وغورنيل، إيه. إم. ""الإيكولوجيا وإدارة الخشب في أنهار العالم"". كروسريف، 2003."
"The World's Major Rivers: Nile, Amazon, Yangtze, and Mississippi",الأنهار الكبرى في العالم: النيل، الأمازون، اليانغتسي، والمسيسيبي.,https://smarticle.tech/en/article/the-world-s-major-rivers-nile-amazon-yangtze-and-mississippi-202605141042,https://smarticle.tech/ar/article/the-world-s-major-rivers-nile-amazon-yangtze-and-mississippi-202605141042,Rivers,"The World Of Rivers, Estuaries, and Deltas",https://doi.org/10.2307/jj.7855343.4,"The World Of Rivers, Estuaries, and Deltas. crossref, 2024.",عالم الأنهار والمصبات والدلتا. كروسريف، 2024.
Orogenesis: How Mountains Form through Tectonic Collision and Volcanism,تكوين الجبال: كيف تتشكل الجبال عبر التصادم التكتوني والبراكين.,https://smarticle.tech/en/article/orogenesis-how-mountains-form-through-tectonic-collision-and-volcanism-202605141050,https://smarticle.tech/ar/article/orogenesis-how-mountains-form-through-tectonic-collision-and-volcanism-202605141050,Mountains,Orogenesis,https://archive.org/details/orogenesismaking0000john,Orogenesis. by M. R. W. Johnson. (2012). — Cambridge University Press. ISBN: 0521765560,Orogenesis. بقلم M. R. W. Johnson. (2012). — Cambridge University Press. ردمك: 0521765560
Orogenesis: How Mountains Form through Tectonic Collision and Volcanism,تكوين الجبال: كيف تتشكل الجبال عبر التصادم التكتوني والبراكين.,https://smarticle.tech/en/article/orogenesis-how-mountains-form-through-tectonic-collision-and-volcanism-202605141050,https://smarticle.tech/ar/article/orogenesis-how-mountains-form-through-tectonic-collision-and-volcanism-202605141050,Mountains,Plate reconstruction from Paleozoic paleomagnetism,https://archive.org/details/platereconstruct0000unse,"Plate reconstruction from Paleozoic paleomagnetism. by R. Van der Voo, Christopher R. Scotese. (1984). — Wiley & Sons, Limited, John. ISBN: 9780875905129","Plate reconstruction from Paleozoic paleomagnetism. بقلم R. Van der Voo، Christopher R. Scotese. (1984). — Wiley & Sons, Limited, John. ردمك: 9780875905129"
Orogenesis: How Mountains Form through Tectonic Collision and Volcanism,تكوين الجبال: كيف تتشكل الجبال عبر التصادم التكتوني والبراكين.,https://smarticle.tech/en/article/orogenesis-how-mountains-form-through-tectonic-collision-and-volcanism-202605141050,https://smarticle.tech/ar/article/orogenesis-how-mountains-form-through-tectonic-collision-and-volcanism-202605141050,Mountains,"Cordilleran orogenesis, extensional tectonics, and geology of the Cottonwood Mountains Area, Death Valley Region, California and Nevada",https://openlibrary.org/works/OL42786082W,"Cordilleran orogenesis, extensional tectonics, and geology of the Cottonwood Mountains Area, Death Valley Region, California and Nevada. by Jerome Kent Snow. (1990)","Cordilleran orogenesis, extensional tectonics, and geology of the Cottonwood Mountains Area, Death Valley Region, California and Nevada. بقلم Jerome Kent Snow. (1990)"
Orogenesis: How Mountains Form through Tectonic Collision and Volcanism,تكوين الجبال: كيف تتشكل الجبال عبر التصادم التكتوني والبراكين.,https://smarticle.tech/en/article/orogenesis-how-mountains-form-through-tectonic-collision-and-volcanism-202605141050,https://smarticle.tech/ar/article/orogenesis-how-mountains-form-through-tectonic-collision-and-volcanism-202605141050,Mountains,Early Paleozoic tectonics of Asia: Towards a full-plate model,https://doi.org/10.1016/J.GSF.2017.11.012,"Domeier, M. ""Early Paleozoic tectonics of Asia: Towards a full-plate model"". GSF, 2017.","دومير، م. ""التركيب التكتوني المبكر لآسيا: نحو نموذج صفيحة كاملة"". جي إس إف، 2017."
Orogenesis: How Mountains Form through Tectonic Collision and Volcanism,تكوين الجبال: كيف تتشكل الجبال عبر التصادم التكتوني والبراكين.,https://smarticle.tech/en/article/orogenesis-how-mountains-form-through-tectonic-collision-and-volcanism-202605141050,https://smarticle.tech/ar/article/orogenesis-how-mountains-form-through-tectonic-collision-and-volcanism-202605141050,Mountains,Cenozoic mountain building and topographic evolution in Western Europe: impact of billion years lithosphere evolution and plate tectonics,https://doi.org/10.1051/bsgf/2021040,"Mouthereau, F. et al. ""Cenozoic mountain building and topographic evolution in Western Europe: impact of billion years lithosphere evolution and plate tectonics"". BSGf, 2021.","ماثرّو، ف. وآخرون. ""بناء الجبال الطبوغرافي في أوروبا الغربية خلال حقبة الحياة الحديثة: تأثير تطور الغلاف الصخري عبر مليارات السنين والصفائح التكتونية"". بي إس جي إف، 2021."
Orogenesis: How Mountains Form through Tectonic Collision and Volcanism,تكوين الجبال: كيف تتشكل الجبال عبر التصادم التكتوني والبراكين.,https://smarticle.tech/en/article/orogenesis-how-mountains-form-through-tectonic-collision-and-volcanism-202605141050,https://smarticle.tech/ar/article/orogenesis-how-mountains-form-through-tectonic-collision-and-volcanism-202605141050,Mountains,"Early Paleozoic collision-related magmatism in the eastern North Qilian orogen, northern Tibet: A linkage between accretionary and collisional orogene",https://doi.org/10.1130/B35009.1,"Fu, D. et al. ""Early Paleozoic collision-related magmatism in the eastern North Qilian orogen, northern Tibet: A linkage between accretionary and collisional orogenesis"". Geological Society of America Bulletin, 2018.","فو، د. وآخرون. ""النشاط الناري المرتبط بالتصادم في حقبة الحياة القديمة المبكرة في نطاق شمال تشيليان الشرقي، شمال التبت: رابط بين نشأة التراكمية ونشأة التصادم"". نشرة الجمعية الجيولوجية الأمريكية، 2018."
Orogenesis: How Mountains Form through Tectonic Collision and Volcanism,تكوين الجبال: كيف تتشكل الجبال عبر التصادم التكتوني والبراكين.,https://smarticle.tech/en/article/orogenesis-how-mountains-form-through-tectonic-collision-and-volcanism-202605141050,https://smarticle.tech/ar/article/orogenesis-how-mountains-form-through-tectonic-collision-and-volcanism-202605141050,Mountains,"Multistage anatexis during tectonic evolution from oceanic subduction to continental collision: A review of the North Qaidam UHP Belt, NW China",https://doi.org/10.1016/J.EARSCIREV.2019.02.016,"Yu, Sheng‐yao et al. ""Multistage anatexis during tectonic evolution from oceanic subduction to continental collision: A review of the North Qaidam UHP Belt, NW China"". Earth-Science Reviews, 2019.","يو، شينغ-ياو وآخرون. ""الانصهار المتعدد خلال التطور التكتوني من اندساس محيطي إلى تصادم قاري: مراجعة لحزام شمال تشيدام فائق الضغط، شمال غرب الصين"". مراجعات علوم الأرض، 2019."
Orogenesis: How Mountains Form through Tectonic Collision and Volcanism,تكوين الجبال: كيف تتشكل الجبال عبر التصادم التكتوني والبراكين.,https://smarticle.tech/en/article/orogenesis-how-mountains-form-through-tectonic-collision-and-volcanism-202605141050,https://smarticle.tech/ar/article/orogenesis-how-mountains-form-through-tectonic-collision-and-volcanism-202605141050,Mountains,Evolution of a low convergence collisional orogen: a review of Pyrenean orogenesis,https://doi.org/10.1051/bsgf/2022018,"Ford, M. et al. ""Evolution of a low convergence collisional orogen: a review of Pyrenean orogenesis"". BSGF, 2022.","فورد، م. وآخرون. ""تطور سلسلة تصادمية منخفضة التقارب: مراجعة لتكوين جبال البرانس"". بي إس جي إف، 2022."
Orogenesis: How Mountains Form through Tectonic Collision and Volcanism,تكوين الجبال: كيف تتشكل الجبال عبر التصادم التكتوني والبراكين.,https://smarticle.tech/en/article/orogenesis-how-mountains-form-through-tectonic-collision-and-volcanism-202605141050,https://smarticle.tech/ar/article/orogenesis-how-mountains-form-through-tectonic-collision-and-volcanism-202605141050,Mountains,"Thermochronological Evidence of Early Orogenesis, Eastern Pyrenees, France",https://doi.org/10.1029/2018TC005254,"S. Ternois et al. ""Thermochronological Evidence of Early Orogenesis, Eastern Pyrenees, France"". Tectonics, 2019.","ترنوا، س. وآخرون. ""الأدلة الحرارية الزمنية للتشوه التكتوني المبكر، شرق البرانس، فرنسا"". تكتونكس، 2019."
Orogenesis: How Mountains Form through Tectonic Collision and Volcanism,تكوين الجبال: كيف تتشكل الجبال عبر التصادم التكتوني والبراكين.,https://smarticle.tech/en/article/orogenesis-how-mountains-form-through-tectonic-collision-and-volcanism-202605141050,https://smarticle.tech/ar/article/orogenesis-how-mountains-form-through-tectonic-collision-and-volcanism-202605141050,Mountains,"High-pressure granulite from Jixian, Eastern Hebei, the North China Craton: implications for Neoarchean to early Paleoproterozoic collision tectonics",https://doi.org/10.1144/SP478.16,"Wang, C., Song, S., Allen, M., Su, L., Wei, C. ""High-pressure granulite from Jixian, Eastern Hebei, the North China Craton: implications for Neoarchean to early Paleoproterozoic collision tectonics"". Source, 2018.","وانغ، ج.، سونغ، س.، آلن، م.، سو، ل.، وي، ج. ""جرانيولايت عالي الضغط من جيكسيان، شرق خبي، درع شمال الصين: دلالات على تكتونيات التصادم من حقبة النيوارشي甚至 حقبة الحياة القديمة المبكرة"". سورس، 2018."
"Alpine Ecology: Biodiversity, Altitude Zones, and Climate Sensitivity",علم البيئة الجبلية: التنوع البيولوجي، مناطق الارتفاع، وحساسية المناخ,https://smarticle.tech/en/article/alpine-ecology-biodiversity-altitude-zones-and-climate-sensitivity-202605141057,https://smarticle.tech/ar/article/alpine-ecology-biodiversity-altitude-zones-and-climate-sensitivity-202605141057,Mountains,The mountains of California,https://archive.org/details/mountainsofcalif00muirrich,The mountains of California. by John Reid Muir. (1894). — Houghton Mifflin Company. ISBN: 110107809X,The mountains of California. بقلم John Reid Muir. (1894). — Houghton Mifflin Company. ردمك: 110107809X
"Alpine Ecology: Biodiversity, Altitude Zones, and Climate Sensitivity",علم البيئة الجبلية: التنوع البيولوجي، مناطق الارتفاع، وحساسية المناخ,https://smarticle.tech/en/article/alpine-ecology-biodiversity-altitude-zones-and-climate-sensitivity-202605141057,https://smarticle.tech/ar/article/alpine-ecology-biodiversity-altitude-zones-and-climate-sensitivity-202605141057,Mountains,Mountains of California,https://openlibrary.org/works/OL41245342W,Mountains of California. by John Reid Muir. (2015). — CreateSpace Independent Publishing Platform. ISBN: 1725115964,Mountains of California. بقلم John Reid Muir. (2015). — CreateSpace Independent Publishing Platform. ردمك: 1725115964
"Alpine Ecology: Biodiversity, Altitude Zones, and Climate Sensitivity",علم البيئة الجبلية: التنوع البيولوجي، مناطق الارتفاع، وحساسية المناخ,https://smarticle.tech/en/article/alpine-ecology-biodiversity-altitude-zones-and-climate-sensitivity-202605141057,https://smarticle.tech/ar/article/alpine-ecology-biodiversity-altitude-zones-and-climate-sensitivity-202605141057,Mountains,High Altitude Geoecology,https://openlibrary.org/works/OL25226718W,High Altitude Geoecology. by Patrick J. Webber. (2019). — Taylor & Francis Group. ISBN: 0429727356,High Altitude Geoecology. بقلم Patrick J. Webber. (2019). — Taylor & Francis Group. ردمك: 0429727356
"Alpine Ecology: Biodiversity, Altitude Zones, and Climate Sensitivity",علم البيئة الجبلية: التنوع البيولوجي، مناطق الارتفاع، وحساسية المناخ,https://smarticle.tech/en/article/alpine-ecology-biodiversity-altitude-zones-and-climate-sensitivity-202605141057,https://smarticle.tech/ar/article/alpine-ecology-biodiversity-altitude-zones-and-climate-sensitivity-202605141057,Mountains,High Altitude Primates,https://archive.org/details/highaltitudeprim0000unse,"High Altitude Primates. by Nanda B. Grow, Sharon Gursky-Doyen, Alicia Krzton. (2013). — Springer London, Limited. ISBN: 9781493952830","High Altitude Primates. بقلم Nanda B. Grow، Sharon Gursky-Doyen، Alicia Krzton. (2013). — Springer London, Limited. ردمك: 9781493952830"
"Alpine Ecology: Biodiversity, Altitude Zones, and Climate Sensitivity",علم البيئة الجبلية: التنوع البيولوجي، مناطق الارتفاع، وحساسية المناخ,https://smarticle.tech/en/article/alpine-ecology-biodiversity-altitude-zones-and-climate-sensitivity-202605141057,https://smarticle.tech/ar/article/alpine-ecology-biodiversity-altitude-zones-and-climate-sensitivity-202605141057,Mountains,Casas,https://openlibrary.org/works/OL32378056W,"Casas. by Guillermo Raúl Kliczkowski, Marina Mercer. (2003). — Kliczkowski. ISBN: 9789874160652",Casas. بقلم Guillermo Raúl Kliczkowski، Marina Mercer. (2003). — Kliczkowski. ردمك: 9789874160652
"Alpine Ecology: Biodiversity, Altitude Zones, and Climate Sensitivity",علم البيئة الجبلية: التنوع البيولوجي، مناطق الارتفاع، وحساسية المناخ,https://smarticle.tech/en/article/alpine-ecology-biodiversity-altitude-zones-and-climate-sensitivity-202605141057,https://smarticle.tech/ar/article/alpine-ecology-biodiversity-altitude-zones-and-climate-sensitivity-202605141057,Mountains,The sacred balance,https://archive.org/details/sacredbalancered0000suzu,"The sacred balance. by David T. Suzuki, Amanda McConnell, Maria DeCambra. (1997). — Canadian Broadcasting Corporation (CBC Audio). ISBN: 9781550549669",The sacred balance. بقلم David T. Suzuki، Amanda McConnell، Maria DeCambra. (1997). — Canadian Broadcasting Corporation (CBC Audio). ردمك: 9781550549669
"Alpine Ecology: Biodiversity, Altitude Zones, and Climate Sensitivity",علم البيئة الجبلية: التنوع البيولوجي، مناطق الارتفاع، وحساسية المناخ,https://smarticle.tech/en/article/alpine-ecology-biodiversity-altitude-zones-and-climate-sensitivity-202605141057,https://smarticle.tech/ar/article/alpine-ecology-biodiversity-altitude-zones-and-climate-sensitivity-202605141057,Mountains,Scotland,https://archive.org/details/scotlandnatureof0000baxt,Scotland. by Colin Baxter. (1985). — David & Charles. ISBN: 1900455773,Scotland. بقلم Colin Baxter. (1985). — David & Charles. ردمك: 1900455773
"Alpine Ecology: Biodiversity, Altitude Zones, and Climate Sensitivity",علم البيئة الجبلية: التنوع البيولوجي، مناطق الارتفاع، وحساسية المناخ,https://smarticle.tech/en/article/alpine-ecology-biodiversity-altitude-zones-and-climate-sensitivity-202605141057,https://smarticle.tech/ar/article/alpine-ecology-biodiversity-altitude-zones-and-climate-sensitivity-202605141057,Mountains,Sensitivity of mass balance and equilibrium-line altitude to climate change in the French Alps,https://doi.org/10.3189/2014jog14j014,"Delphine Six, Christian Vincent. ""Sensitivity of mass balance and equilibrium-line altitude to climate change in the French Alps"". crossref, 2014.","دلفين سيكس، كريستيان فنسنت. ""حساسية الموازنة الكتلية وارتفاع خط التوازن للتغير المناخي في جبال الألب الفرنسية"". كروسريف، 2014."
"Alpine Ecology: Biodiversity, Altitude Zones, and Climate Sensitivity",علم البيئة الجبلية: التنوع البيولوجي، مناطق الارتفاع، وحساسية المناخ,https://smarticle.tech/en/article/alpine-ecology-biodiversity-altitude-zones-and-climate-sensitivity-202605141057,https://smarticle.tech/ar/article/alpine-ecology-biodiversity-altitude-zones-and-climate-sensitivity-202605141057,Mountains,Sensitivity of the Climate Response to the Altitude of Black Carbon in the Northern Subtropics in an Aquaplanet GCM,https://doi.org/10.1175/jcli-d-15-0037.1,"Hanjun Kim, Sarah M. Kang, Yen-Ting Hwang, Young-Min Yang. ""Sensitivity of the Climate Response to the Altitude of Black Carbon in the Northern Subtropics in an Aquaplanet GCM"". crossref, 2015.","هانجون كيم، سارة إم. كانغ، يان-تينج هوانغ، يونغ-مين يانغ. ""حساسية الاستجابة المناخية لارتفاع الكربون الأسود في المناطق شبه الاستوائية الشمالية في نموذج مناخ عالمي مائي"". كروسريف، 2015."
"Alpine Ecology: Biodiversity, Altitude Zones, and Climate Sensitivity",علم البيئة الجبلية: التنوع البيولوجي، مناطق الارتفاع، وحساسية المناخ,https://smarticle.tech/en/article/alpine-ecology-biodiversity-altitude-zones-and-climate-sensitivity-202605141057,https://smarticle.tech/ar/article/alpine-ecology-biodiversity-altitude-zones-and-climate-sensitivity-202605141057,Mountains,Climate Sensitivity: The Significance of the Altitude-mass-balance Feedback on Glaciers and Ice Sheets,https://doi.org/10.3189/s0260305500009113,"Letréguilly, Anne; Oerlemans, Johannes. ""Climate Sensitivity: The Significance of the Altitude-mass-balance Feedback on Glaciers and Ice Sheets"". crossref, 1990.","ليتريغوي، آن؛ أورليمانس، يوهانس. ""الحساسية المناخية: أهمية التغذية الراجعة للارتفاع-الكتلة-الموازنة على الأنهار الجليدية والصفائح الجليدية"". كروسريف، 1990."
"The Himalayas and Andes: Geography, Culture, and Geopolitical Significance",الهيمالايا والأنديز: الجغرافيا، الثقافة، والأهمية الجيوسياسية,https://smarticle.tech/en/article/the-himalayas-and-andes-geography-culture-and-geopolitical-significance-202605141106,https://smarticle.tech/ar/article/the-himalayas-and-andes-geography-culture-and-geopolitical-significance-202605141106,Mountains,A Sketch of the Geography and Geology of the Himalaya Mountains and Tibet,https://openlibrary.org/works/OL24373531W,"A Sketch of the Geography and Geology of the Himalaya Mountains and Tibet. by Sidney Gerald Burrard, Henry Hubert Hayden. (2018). — Franklin Classics. ISBN: 9780341765271",A Sketch of the Geography and Geology of the Himalaya Mountains and Tibet. بقلم Sidney Gerald Burrard، Henry Hubert Hayden. (2018). — Franklin Classics. ردمك: 9780341765271
"The Himalayas and Andes: Geography, Culture, and Geopolitical Significance",الهيمالايا والأنديز: الجغرافيا، الثقافة، والأهمية الجيوسياسية,https://smarticle.tech/en/article/the-himalayas-and-andes-geography-culture-and-geopolitical-significance-202605141106,https://smarticle.tech/ar/article/the-himalayas-and-andes-geography-culture-and-geopolitical-significance-202605141106,Mountains,"A Sketch of the Geography and Geology of the Himalaya Mountains and Tibet, Part 1",https://openlibrary.org/works/OL24409026W,"A Sketch of the Geography and Geology of the Himalaya Mountains and Tibet, Part 1. by Sidney Gerald Burrard, Henry Hubert Hayden. (2018). — Franklin Classics. ISBN: 9780343724986","A Sketch of the Geography and Geology of the Himalaya Mountains and Tibet, Part 1. بقلم Sidney Gerald Burrard، Henry Hubert Hayden. (2018). — Franklin Classics. ردمك: 9780343724986"
"The Himalayas and Andes: Geography, Culture, and Geopolitical Significance",الهيمالايا والأنديز: الجغرافيا، الثقافة، والأهمية الجيوسياسية,https://smarticle.tech/en/article/the-himalayas-and-andes-geography-culture-and-geopolitical-significance-202605141106,https://smarticle.tech/ar/article/the-himalayas-and-andes-geography-culture-and-geopolitical-significance-202605141106,Mountains,"A Sketch of the Geography and Geology of the Himalaya Mountains and Tibet, Part 4",https://openlibrary.org/works/OL24464040W,"A Sketch of the Geography and Geology of the Himalaya Mountains and Tibet, Part 4. by Sidney Gerald Burrard. (2018). — Franklin Classics. ISBN: 1018461264","A Sketch of the Geography and Geology of the Himalaya Mountains and Tibet, Part 4. بقلم Sidney Gerald Burrard. (2018). — Franklin Classics. ردمك: 1018461264"
"The Himalayas and Andes: Geography, Culture, and Geopolitical Significance",الهيمالايا والأنديز: الجغرافيا، الثقافة، والأهمية الجيوسياسية,https://smarticle.tech/en/article/the-himalayas-and-andes-geography-culture-and-geopolitical-significance-202605141106,https://smarticle.tech/ar/article/the-himalayas-and-andes-geography-culture-and-geopolitical-significance-202605141106,Mountains,Culture and the Environment in the Himalaya,https://openlibrary.org/works/OL21248084W,Culture and the Environment in the Himalaya. by Arjun Guneratne. (2009). — Routledge. ISBN: 9781135192815,Culture and the Environment in the Himalaya. بقلم Arjun Guneratne. (2009). — Routledge. ردمك: 9781135192815
"The Himalayas and Andes: Geography, Culture, and Geopolitical Significance",الهيمالايا والأنديز: الجغرافيا، الثقافة، والأهمية الجيوسياسية,https://smarticle.tech/en/article/the-himalayas-and-andes-geography-culture-and-geopolitical-significance-202605141106,https://smarticle.tech/ar/article/the-himalayas-and-andes-geography-culture-and-geopolitical-significance-202605141106,Mountains,Shaping Society through Dance: Mestizo Ritual Performance in the Peruvian Andes (review),https://doi.org/10.1353/JAF.2006.0014,"Katherine Borland. ""Shaping Society through Dance: Mestizo Ritual Performance in the Peruvian Andes (review)"". Journal of American Folklore, 2006.","كاثرين بورلاند. ""تشكيل المجتمع من خلال الرقص: الأداء الطقوسي الم Mestizo في جبال الأنديز البيروفية (مراجعة)"". مجلة الفلكلور الأمريكي، 2006."
"The Himalayas and Andes: Geography, Culture, and Geopolitical Significance",الهيمالايا والأنديز: الجغرافيا، الثقافة، والأهمية الجيوسياسية,https://smarticle.tech/en/article/the-himalayas-and-andes-geography-culture-and-geopolitical-significance-202605141106,https://smarticle.tech/ar/article/the-himalayas-and-andes-geography-culture-and-geopolitical-significance-202605141106,Mountains,The materiality of ethics: Perspectives on water and reciprocity in a Himalayan Anthropocene,https://doi.org/10.1002/wat2.1444,"Gagné, Karine. ""The materiality of ethics: Perspectives on water and reciprocity in a Himalayan Anthropocene"". semantic_scholar_foundational, 2020.","كارين غاني. ""مادية الأخلاق: وجهات نظر حول الماء والتكافؤ في الأنثروبوسين الهيمالاي"". semantic_scholar_foundational، 2020."
"The Himalayas and Andes: Geography, Culture, and Geopolitical Significance",الهيمالايا والأنديز: الجغرافيا، الثقافة، والأهمية الجيوسياسية,https://smarticle.tech/en/article/the-himalayas-and-andes-geography-culture-and-geopolitical-significance-202605141106,https://smarticle.tech/ar/article/the-himalayas-and-andes-geography-culture-and-geopolitical-significance-202605141106,Mountains,Climate Change and Biodiversity in the Tropical Andes,https://doi.org/10.1659/mrd.mm097,"Haller, Andreas. ""Climate Change and Biodiversity in the Tropical Andes"". semantic_scholar_foundational, 2012.","أندرياس هالر. ""التغير المناخي والتنوع الحيوي في الأنديز الاستوائية"". semantic_scholar_foundational، 2012."
"The Himalayas and Andes: Geography, Culture, and Geopolitical Significance",الهيمالايا والأنديز: الجغرافيا، الثقافة، والأهمية الجيوسياسية,https://smarticle.tech/en/article/the-himalayas-and-andes-geography-culture-and-geopolitical-significance-202605141106,https://smarticle.tech/ar/article/the-himalayas-and-andes-geography-culture-and-geopolitical-significance-202605141106,Mountains,Applied Montology Using Critical Biogeography in the Andes,https://doi.org/10.1080/24694452.2016.1260438,"Sarmiento, F. et al. ""Applied Montology Using Critical Biogeography in the Andes"". semantic_scholar_foundational, 2017.","ف. سارمينتو وآخرون. ""علم الجبل التطبيقي باستخدام الجغرافيا الحيوية الحرجة في الأنديز"". semantic_scholar_foundational، 2017."
"The Himalayas and Andes: Geography, Culture, and Geopolitical Significance",الهيمالايا والأنديز: الجغرافيا، الثقافة، والأهمية الجيوسياسية,https://smarticle.tech/en/article/the-himalayas-and-andes-geography-culture-and-geopolitical-significance-202605141106,https://smarticle.tech/ar/article/the-himalayas-and-andes-geography-culture-and-geopolitical-significance-202605141106,Mountains,Assessing livelihood-ecosystem interdependencies and natural resource governance in a tribally controlled region of India’s north-eastern middle Himal,https://doi.org/10.1007/s10668-020-00945-1,"Everard, M., Kataria, G., Kumar, S., & Gupta, N. ""Assessing livelihood-ecosystem interdependencies and natural resource governance in a tribally controlled region of India’s north-eastern middle Himalayas"". *Environmental Science and Policy*, 2020.","إم. إيفرارد، ج. كاتاريا، إس. كومار، & إن. غوبتا. ""تقييم الاعتماديات بين سبل العيش والنظم البيئية والحكم على الموارد الطبيعية في منطقة خاضعة للسيطرة قبلية في شمال شرق هيمالايا الوسطى في الهند"". *العلوم البيئية والسياسة*، 2020."
"The Himalayas and Andes: Geography, Culture, and Geopolitical Significance",الهيمالايا والأنديز: الجغرافيا، الثقافة، والأهمية الجيوسياسية,https://smarticle.tech/en/article/the-himalayas-and-andes-geography-culture-and-geopolitical-significance-202605141106,https://smarticle.tech/ar/article/the-himalayas-and-andes-geography-culture-and-geopolitical-significance-202605141106,Mountains,Understanding Bofedales as Cultural Landscapes in the Central Andes,https://doi.org/10.1007/s13157-021-01500-y,"C. White-Nockleby, M. Prieto, K. Yager, R. I. Meneses. ""Understanding Bofedales as Cultural Landscapes in the Central Andes"". semantic_scholar_foundational, 2021.","سي. وايت-نوكليبي، إم. برييتو، ك. ياغر، ر. آي. مينيسيس. ""فهم البوفيداليس كمناظر طبيعية ثقافية في الأنديز الوسطى"". semantic_scholar_foundational، 2021."
Arid Environments: Formation Mechanisms and Desertification Processes,البيئات الجافة: آليات التكوين وعملية التصحر,https://smarticle.tech/en/article/arid-environments-formation-mechanisms-and-desertification-processes-202605141115,https://smarticle.tech/ar/article/arid-environments-formation-mechanisms-and-desertification-processes-202605141115,Deserts,"Data sets, indicators, and methods to assess land degradation in drylands : report of the LADA e-mail conference, 9 October - 4 November 2002",https://archive.org/details/bub_gb_LDXSfJGWbMgC,"Data sets, indicators, and methods to assess land degradation in drylands : report of the LADA e-mail conference, 9 October - 4 November 2002. by Food and Agriculture Organization of the. (2003). — Food & Agriculture Organization of the UN (FA. ISBN: 9789251049259","Data sets, indicators, and methods to assess land degradation in drylands : report of the LADA e-mail conference, 9 October - 4 November 2002. بقلم Food and Agriculture Organization of the. (2003). — Food & Agriculture Organization of the UN (FA. ردمك: 9789251049259"
Arid Environments: Formation Mechanisms and Desertification Processes,البيئات الجافة: آليات التكوين وعملية التصحر,https://smarticle.tech/en/article/arid-environments-formation-mechanisms-and-desertification-processes-202605141115,https://smarticle.tech/ar/article/arid-environments-formation-mechanisms-and-desertification-processes-202605141115,Deserts,Patterns of Land Degradation in Drylands,https://openlibrary.org/works/OL21177233W,"Patterns of Land Degradation in Drylands. by Eva Nora Mueller, John Wainwright, Anthony J. Parsons. (2013). — Springer. ISBN: 9789400799615",Patterns of Land Degradation in Drylands. بقلم Eva Nora Mueller، John Wainwright، Anthony J. Parsons. (2013). — Springer. ردمك: 9789400799615
Arid Environments: Formation Mechanisms and Desertification Processes,البيئات الجافة: آليات التكوين وعملية التصحر,https://smarticle.tech/en/article/arid-environments-formation-mechanisms-and-desertification-processes-202605141115,https://smarticle.tech/ar/article/arid-environments-formation-mechanisms-and-desertification-processes-202605141115,Deserts,The economics of dryland management,https://archive.org/details/economicsofdryla0000dixo,"The economics of dryland management. by John A. Dixon, David E. James, Paul B. Sherman. (1989). — Routledge. ISBN: 1134047061",The economics of dryland management. بقلم John A. Dixon، David E. James، Paul B. Sherman. (1989). — Routledge. ردمك: 1134047061
Arid Environments: Formation Mechanisms and Desertification Processes,البيئات الجافة: آليات التكوين وعملية التصحر,https://smarticle.tech/en/article/arid-environments-formation-mechanisms-and-desertification-processes-202605141115,https://smarticle.tech/ar/article/arid-environments-formation-mechanisms-and-desertification-processes-202605141115,Deserts,Arabian Deserts,https://openlibrary.org/works/OL8701087W,"Arabian Deserts. by H. Stewart Edgell. (2006). — Springer London, Limited. ISBN: 9781402039706","Arabian Deserts. بقلم H. Stewart Edgell. (2006). — Springer London, Limited. ردمك: 9781402039706"
Arid Environments: Formation Mechanisms and Desertification Processes,البيئات الجافة: آليات التكوين وعملية التصحر,https://smarticle.tech/en/article/arid-environments-formation-mechanisms-and-desertification-processes-202605141115,https://smarticle.tech/ar/article/arid-environments-formation-mechanisms-and-desertification-processes-202605141115,Deserts,Mediterranean desertification,https://openlibrary.org/works/OL19265960W,"Mediterranean desertification. by Nichola Geeson, C. Jane Brandt, John B. Thornes. (2002). — Wiley & Sons, Incorporated, John. ISBN: 0470299177","Mediterranean desertification. بقلم Nichola Geeson، C. Jane Brandt، John B. Thornes. (2002). — Wiley & Sons, Incorporated, John. ردمك: 0470299177"
Arid Environments: Formation Mechanisms and Desertification Processes,البيئات الجافة: آليات التكوين وعملية التصحر,https://smarticle.tech/en/article/arid-environments-formation-mechanisms-and-desertification-processes-202605141115,https://smarticle.tech/ar/article/arid-environments-formation-mechanisms-and-desertification-processes-202605141115,Deserts,Land Degradation Assessment in Drylands - LADA Project,https://openlibrary.org/works/OL19454127W,"Land Degradation Assessment in Drylands - LADA Project. by Global Environment Facility, Food and Agriculture Organization of the. (2002). — Food & Agriculture Organization of the United. ISBN: 9251047979",Land Degradation Assessment in Drylands - LADA Project. بقلم Global Environment Facility، Food and Agriculture Organization of the. (2002). — Food & Agriculture Organization of the United. ردمك: 9251047979
Arid Environments: Formation Mechanisms and Desertification Processes,البيئات الجافة: آليات التكوين وعملية التصحر,https://smarticle.tech/en/article/arid-environments-formation-mechanisms-and-desertification-processes-202605141115,https://smarticle.tech/ar/article/arid-environments-formation-mechanisms-and-desertification-processes-202605141115,Deserts,Drylands,https://openlibrary.org/works/OL19233859W,Drylands. by V. R. Squires. (1998). — IFAD. ISBN: 9290720069,Drylands. بقلم V. R. Squires. (1998). — IFAD. ردمك: 9290720069
Arid Environments: Formation Mechanisms and Desertification Processes,البيئات الجافة: آليات التكوين وعملية التصحر,https://smarticle.tech/en/article/arid-environments-formation-mechanisms-and-desertification-processes-202605141115,https://smarticle.tech/ar/article/arid-environments-formation-mechanisms-and-desertification-processes-202605141115,Deserts,Assessment of dryland degradation,https://openlibrary.org/works/OL7801630W,Assessment of dryland degradation. by M. Boer. (1999). — Koninklijk Nederlands Aardrijkskundig Genootschap/Faculteit Ruimtelijke Wetenschappen Universiteit Utrecht. ISBN: 9789068092738,Assessment of dryland degradation. بقلم M. Boer. (1999). — Koninklijk Nederlands Aardrijkskundig Genootschap/Faculteit Ruimtelijke Wetenschappen Universiteit Utrecht. ردمك: 9789068092738
Arid Environments: Formation Mechanisms and Desertification Processes,البيئات الجافة: آليات التكوين وعملية التصحر,https://smarticle.tech/en/article/arid-environments-formation-mechanisms-and-desertification-processes-202605141115,https://smarticle.tech/ar/article/arid-environments-formation-mechanisms-and-desertification-processes-202605141115,Deserts,Desertification in northern China from 2000 to 2020: The spatial–temporal processes and driving mechanisms,https://doi.org/10.1016/j.ecoinf.2024.102769,"Junfang Wang, Yuanqing Wang, Duanyang Xu. ""Desertification in northern China from 2000 to 2020: The spatial–temporal processes and driving mechanisms"". crossref, 2024.","Junfang Wang, Yuanqing Wang, Duanyang Xu. ""Desertification in northern China from 2000 to 2020: The spatial–temporal processes and driving mechanisms"". crossref, 2024."
Arid Environments: Formation Mechanisms and Desertification Processes,البيئات الجافة: آليات التكوين وعملية التصحر,https://smarticle.tech/en/article/arid-environments-formation-mechanisms-and-desertification-processes-202605141115,https://smarticle.tech/ar/article/arid-environments-formation-mechanisms-and-desertification-processes-202605141115,Deserts,Processes Leading to Soil Degradation and “Desertification”,https://doi.org/10.1007/978-3-642-86184-0_4,"Mainguet, Monique. ""Processes Leading to Soil Degradation and 'Desertification'"". crossref, 1991.","Mainguet, Monique. ""Processes Leading to Soil Degradation and 'Desertification'"". crossref, 1991."
"The Sahara Desert: Geography, Climate History, and Human Adaptation",الصحراء الكبرى: الجغرافيا، تاريخ المناخ، وتكيّف الإنسان.,https://smarticle.tech/en/article/the-sahara-desert-geography-climate-history-and-human-adaptation-202605141125,https://smarticle.tech/ar/article/the-sahara-desert-geography-climate-history-and-human-adaptation-202605141125,Deserts,At the Earth's Core,https://archive.org/details/cu31924012920777,At the Earth's Core. by Edgar Rice Burroughs. (1914). — N. Doubleday. ISBN: 9781686103858,At the Earth's Core. بقلم Edgar Rice Burroughs. (1914). — N. Doubleday. ردمك: 9781686103858
"The Sahara Desert: Geography, Climate History, and Human Adaptation",الصحراء الكبرى: الجغرافيا، تاريخ المناخ، وتكيّف الإنسان.,https://smarticle.tech/en/article/the-sahara-desert-geography-climate-history-and-human-adaptation-202605141125,https://smarticle.tech/ar/article/the-sahara-desert-geography-climate-history-and-human-adaptation-202605141125,Deserts,101 Mind-Bending Geography Fun Facts,https://openlibrary.org/works/OL27527790W,101 Mind-Bending Geography Fun Facts. by B. C. Lester Books. (2020). — VKC&B Books. ISBN: 1913668363,101 Mind-Bending Geography Fun Facts. بقلم B. C. Lester Books. (2020). — VKC&B Books. ردمك: 1913668363
"The Sahara Desert: Geography, Climate History, and Human Adaptation",الصحراء الكبرى: الجغرافيا، تاريخ المناخ، وتكيّف الإنسان.,https://smarticle.tech/en/article/the-sahara-desert-geography-climate-history-and-human-adaptation-202605141125,https://smarticle.tech/ar/article/the-sahara-desert-geography-climate-history-and-human-adaptation-202605141125,Deserts,Can I Cross the Sahara Desert in One Day? Explore the Desert Grade 4 Children's Geography and Cultures Books,https://openlibrary.org/works/OL38114905W,Can I Cross the Sahara Desert in One Day? Explore the Desert Grade 4 Children's Geography and Cultures Books. by Baby Professor. (2019). — Speedy Publishing LLC. ISBN: 1541956524,Can I Cross the Sahara Desert in One Day? Explore the Desert Grade 4 Children's Geography and Cultures Books. بقلم Baby Professor. (2019). — Speedy Publishing LLC. ردمك: 1541956524
"The Sahara Desert: Geography, Climate History, and Human Adaptation",الصحراء الكبرى: الجغرافيا، تاريخ المناخ، وتكيّف الإنسان.,https://smarticle.tech/en/article/the-sahara-desert-geography-climate-history-and-human-adaptation-202605141125,https://smarticle.tech/ar/article/the-sahara-desert-geography-climate-history-and-human-adaptation-202605141125,Deserts,Can I Cross the Sahara Desert in One Day? - Explore the Desert Grade 4 Children's Geography & Cultures Books,https://openlibrary.org/works/OL38335754W,Can I Cross the Sahara Desert in One Day? - Explore the Desert Grade 4 Children's Geography & Cultures Books. by Baby Professor. (2019). — Speedy Publishing LLC. ISBN: 1541977076,Can I Cross the Sahara Desert in One Day? - Explore the Desert Grade 4 Children's Geography & Cultures Books. بقلم Baby Professor. (2019). — Speedy Publishing LLC. ردمك: 1541977076
"The Sahara Desert: Geography, Climate History, and Human Adaptation",الصحراء الكبرى: الجغرافيا، تاريخ المناخ، وتكيّف الإنسان.,https://smarticle.tech/en/article/the-sahara-desert-geography-climate-history-and-human-adaptation-202605141125,https://smarticle.tech/ar/article/the-sahara-desert-geography-climate-history-and-human-adaptation-202605141125,Deserts,Caravans of the old Sahara,https://openlibrary.org/works/OL3496446W,Caravans of the old Sahara. by E. W. Bovill. (1933). — Oxford University Press. ISBN: 1138491314,Caravans of the old Sahara. بقلم E. W. Bovill. (1933). — Oxford University Press. ردمك: 1138491314
"The Sahara Desert: Geography, Climate History, and Human Adaptation",الصحراء الكبرى: الجغرافيا، تاريخ المناخ، وتكيّف الإنسان.,https://smarticle.tech/en/article/the-sahara-desert-geography-climate-history-and-human-adaptation-202605141125,https://smarticle.tech/ar/article/the-sahara-desert-geography-climate-history-and-human-adaptation-202605141125,Deserts,"Africa and the international economy, 1800-1960",https://archive.org/details/africainternatio0000munr,"Africa and the international economy, 1800-1960. by J. Forbes Munro. (1976). — Dent. ISBN: 9780874718935","Africa and the international economy, 1800-1960. بقلم J. Forbes Munro. (1976). — Dent. ردمك: 9780874718935"
"The Sahara Desert: Geography, Climate History, and Human Adaptation",الصحراء الكبرى: الجغرافيا، تاريخ المناخ، وتكيّف الإنسان.,https://smarticle.tech/en/article/the-sahara-desert-geography-climate-history-and-human-adaptation-202605141125,https://smarticle.tech/ar/article/the-sahara-desert-geography-climate-history-and-human-adaptation-202605141125,Deserts,Art in Sub- Saharan Africa (Tn Independent Books) Africa South of the Sahara; Introduction to World History (2006),https://openlibrary.org/works/OL31680547W,Art in Sub- Saharan Africa (Tn Independent Books) Africa South of the Sahara; Introduction to World History (2006). by julia jones. (2006). — houghton mifflin. ISBN: 0618482490,Art in Sub- Saharan Africa (Tn Independent Books) Africa South of the Sahara; Introduction to World History (2006). بقلم julia jones. (2006). — houghton mifflin. ردمك: 0618482490
"The Sahara Desert: Geography, Climate History, and Human Adaptation",الصحراء الكبرى: الجغرافيا، تاريخ المناخ، وتكيّف الإنسان.,https://smarticle.tech/en/article/the-sahara-desert-geography-climate-history-and-human-adaptation-202605141125,https://smarticle.tech/ar/article/the-sahara-desert-geography-climate-history-and-human-adaptation-202605141125,Deserts,Distinctive characteristics and common features of African cultural areas south of the Sahara,https://openlibrary.org/works/OL19393575W,Distinctive characteristics and common features of African cultural areas south of the Sahara. by UNESCO. (1985). — United Nations Educational. ISBN: 9231023160,Distinctive characteristics and common features of African cultural areas south of the Sahara. بقلم UNESCO. (1985). — United Nations Educational. ردمك: 9231023160
"The Sahara Desert: Geography, Climate History, and Human Adaptation",الصحراء الكبرى: الجغرافيا، تاريخ المناخ، وتكيّف الإنسان.,https://smarticle.tech/en/article/the-sahara-desert-geography-climate-history-and-human-adaptation-202605141125,https://smarticle.tech/ar/article/the-sahara-desert-geography-climate-history-and-human-adaptation-202605141125,Deserts,"Report of the Reading University Expedition to Moroccan Sahara, 1971",https://openlibrary.org/works/OL11404104W,"Report of the Reading University Expedition to Moroccan Sahara, 1971. by Reading University Expedition to Moroccan Sahara.. (1972). — University of Reading, Department of Geography. ISBN: 9780704901346","Report of the Reading University Expedition to Moroccan Sahara, 1971. بقلم Reading University Expedition to Moroccan Sahara.. (1972). — University of Reading, Department of Geography. ردمك: 9780704901346"
"The Sahara Desert: Geography, Climate History, and Human Adaptation",الصحراء الكبرى: الجغرافيا، تاريخ المناخ، وتكيّف الإنسان.,https://smarticle.tech/en/article/the-sahara-desert-geography-climate-history-and-human-adaptation-202605141125,https://smarticle.tech/ar/article/the-sahara-desert-geography-climate-history-and-human-adaptation-202605141125,Deserts,Sermons in the Sahara,https://openlibrary.org/works/OL787879W,Sermons in the Sahara. by Charles de Foucauld. (1938). — Burns Oates & Washbourne,Sermons in the Sahara. بقلم Charles de Foucauld. (1938). — Burns Oates & Washbourne
"Cold Deserts: The Gobi, Atacama, and Antarctic Polar Desert",صحراء باردة: جوبي، أتاكاما، وصحراء القطب الجنوبي القطبية.,https://smarticle.tech/en/article/cold-deserts-the-gobi-atacama-and-antarctic-polar-desert-202605141133,https://smarticle.tech/ar/article/cold-deserts-the-gobi-atacama-and-antarctic-polar-desert-202605141133,Deserts,What I Saw In California,https://archive.org/details/whatisawincalifoin00brya,What I Saw In California. by Edwin Bryant. (1848). — L. Osborne. ISBN: 1406908827,What I Saw In California. بقلم Edwin Bryant. (1848). — L. Osborne. ردمك: 1406908827
"Cold Deserts: The Gobi, Atacama, and Antarctic Polar Desert",صحراء باردة: جوبي، أتاكاما، وصحراء القطب الجنوبي القطبية.,https://smarticle.tech/en/article/cold-deserts-the-gobi-atacama-and-antarctic-polar-desert-202605141133,https://smarticle.tech/ar/article/cold-deserts-the-gobi-atacama-and-antarctic-polar-desert-202605141133,Deserts,Life in Antarctic Deserts and other Cold Dry Environments,https://doi.org/10.1017/cbo9780511712258,"Life in Antarctic Deserts and other Cold Dry Environments. Cambridge University Press, 2010.",الحياة في صحارى القارة القطبية الجنوبية والبيئات الباردة الجافة الأخرى. مطبعة جامعة كامبريدج، 2010.
"Cold Deserts: The Gobi, Atacama, and Antarctic Polar Desert",صحراء باردة: جوبي، أتاكاما، وصحراء القطب الجنوبي القطبية.,https://smarticle.tech/en/article/cold-deserts-the-gobi-atacama-and-antarctic-polar-desert-202605141133,https://smarticle.tech/ar/article/cold-deserts-the-gobi-atacama-and-antarctic-polar-desert-202605141133,Deserts,"Sand, Water, and Stars: Chinese Mapping of the Gobi and Taklamakan Deserts",https://doi.org/10.1163/15685322-10703004,"Papelitzky, Elke. ""Sand, Water, and Stars: Chinese Mapping of the Gobi and Taklamakan Deserts"". crossref, 2022.","بابليتسكي، إلكه. ""الرمل والماء والنجوم: رسم الخرائط الصينية لصحارى غوبي وتكلامكان"". كروسريف، 2022."
"Cold Deserts: The Gobi, Atacama, and Antarctic Polar Desert",صحراء باردة: جوبي، أتاكاما، وصحراء القطب الجنوبي القطبية.,https://smarticle.tech/en/article/cold-deserts-the-gobi-atacama-and-antarctic-polar-desert-202605141133,https://smarticle.tech/ar/article/cold-deserts-the-gobi-atacama-and-antarctic-polar-desert-202605141133,Deserts,A tale of two deserts: the sahara and the gobi,https://doi.org/10.1080/03068370500039060,"Hare, John. ""A tale of two deserts: the sahara and the gobi"". *Crossref*, 2005.","هار، جون. ""قصة صحراوين: الصحراء الكبرى وغوبي"". *كروسريف*، 2005."
"Physical Oceanography: Ocean Currents, Thermohaline Circulation, and Tides",المحيطيات الفيزيائية: التيارات البحرية، الدورة الحرارية الملوحية، والمدّ.,https://smarticle.tech/en/article/physical-oceanography-ocean-currents-thermohaline-circulation-and-tides-202605141140,https://smarticle.tech/ar/article/physical-oceanography-ocean-currents-thermohaline-circulation-and-tides-202605141140,Seas & Oceans,Descriptive physical oceanography,https://archive.org/details/descriptivephysi0000pick_y9z2,"Descriptive physical oceanography. by George L. Pickard, G L PICKARD, W J Emery. (1963). — Pergamon Press; [distributed in the Western Hemisphere by Macmillan, New York. ISBN: 9780750627597","Descriptive physical oceanography. بقلم George L. Pickard، G L PICKARD، W J Emery. (1963). — Pergamon Press; [distributed in the Western Hemisphere by Macmillan, New York. ردمك: 9780750627597"
"Physical Oceanography: Ocean Currents, Thermohaline Circulation, and Tides",المحيطيات الفيزيائية: التيارات البحرية، الدورة الحرارية الملوحية، والمدّ.,https://smarticle.tech/en/article/physical-oceanography-ocean-currents-thermohaline-circulation-and-tides-202605141140,https://smarticle.tech/ar/article/physical-oceanography-ocean-currents-thermohaline-circulation-and-tides-202605141140,Seas & Oceans,Introduction to the physical and biological oceanography of shelf seas,https://openlibrary.org/works/OL16652502W,Introduction to the physical and biological oceanography of shelf seas. by John H. Simpson. (2008). — Cambridge University Press. ISBN: 9781280393372,Introduction to the physical and biological oceanography of shelf seas. بقلم John H. Simpson. (2008). — Cambridge University Press. ردمك: 9781280393372
"Physical Oceanography: Ocean Currents, Thermohaline Circulation, and Tides",المحيطيات الفيزيائية: التيارات البحرية، الدورة الحرارية الملوحية، والمدّ.,https://smarticle.tech/en/article/physical-oceanography-ocean-currents-thermohaline-circulation-and-tides-202605141140,https://smarticle.tech/ar/article/physical-oceanography-ocean-currents-thermohaline-circulation-and-tides-202605141140,Seas & Oceans,Introduction to physical oceanography,https://archive.org/details/introductiontoph0000knau,Introduction to physical oceanography. by John A. Knauss. (1978). — Prentice-Hall. ISBN: 9780132381550,Introduction to physical oceanography. بقلم John A. Knauss. (1978). — Prentice-Hall. ردمك: 9780132381550
"Physical Oceanography: Ocean Currents, Thermohaline Circulation, and Tides",المحيطيات الفيزيائية: التيارات البحرية، الدورة الحرارية الملوحية، والمدّ.,https://smarticle.tech/en/article/physical-oceanography-ocean-currents-thermohaline-circulation-and-tides-202605141140,https://smarticle.tech/ar/article/physical-oceanography-ocean-currents-thermohaline-circulation-and-tides-202605141140,Seas & Oceans,An introduction to physical oceanography,https://archive.org/details/introductiontoph0000vona_g6d7,An introduction to physical oceanography. by William S. Von Arx. (1962). — Addison-Wesley Pub. Co.. ISBN: 0201081741,An introduction to physical oceanography. بقلم William S. Von Arx. (1962). — Addison-Wesley Pub. Co.. ردمك: 0201081741
"Physical Oceanography: Ocean Currents, Thermohaline Circulation, and Tides",المحيطيات الفيزيائية: التيارات البحرية، الدورة الحرارية الملوحية، والمدّ.,https://smarticle.tech/en/article/physical-oceanography-ocean-currents-thermohaline-circulation-and-tides-202605141140,https://smarticle.tech/ar/article/physical-oceanography-ocean-currents-thermohaline-circulation-and-tides-202605141140,Seas & Oceans,Fluid physics for oceanographers and physicists,https://openlibrary.org/works/OL4617781W,Fluid physics for oceanographers and physicists. by Jerome Williams. (1989). — Pergamon Press. ISBN: 9780080339207,Fluid physics for oceanographers and physicists. بقلم Jerome Williams. (1989). — Pergamon Press. ردمك: 9780080339207
"Physical Oceanography: Ocean Currents, Thermohaline Circulation, and Tides",المحيطيات الفيزيائية: التيارات البحرية، الدورة الحرارية الملوحية، والمدّ.,https://smarticle.tech/en/article/physical-oceanography-ocean-currents-thermohaline-circulation-and-tides-202605141140,https://smarticle.tech/ar/article/physical-oceanography-ocean-currents-thermohaline-circulation-and-tides-202605141140,Seas & Oceans,The Impact of Fine-Scale Currents on Biogeochemical Cycles in a Changing Ocean.,https://doi.org/10.1146/annurev-marine-020723-020531,"Lévy, M., Couespel, D., Haëck, C., Keerthi, M. G., Mangolte, I., Prend, C. ""The Impact of Fine-Scale Currents on Biogeochemical Cycles in a Changing Ocean"". semantic_scholar_foundational, 2023.","ليفي، م.، كويسبيل، د.، هاك، ش.، كيرثي، م. ج.، مانغولتي، إ.، پرند، س. ""تأثير التيارات الدقيقة على الدورات البيوجيوكيميائية في محيط متغير"". *semantic_scholar_foundational*، 2023."
"Physical Oceanography: Ocean Currents, Thermohaline Circulation, and Tides",المحيطيات الفيزيائية: التيارات البحرية، الدورة الحرارية الملوحية، والمدّ.,https://smarticle.tech/en/article/physical-oceanography-ocean-currents-thermohaline-circulation-and-tides-202605141140,https://smarticle.tech/ar/article/physical-oceanography-ocean-currents-thermohaline-circulation-and-tides-202605141140,Seas & Oceans,Upper ocean response to tropical cyclones: a review,https://doi.org/10.1186/s40562-020-00170-8,"Han Zhang, Hailun He, Wen‐Zhou Zhang, D. Tian. ""Upper ocean response to tropical cyclones: a review"". *semantic_scholar_foundational*, 2021.","هان زانغ، هاي لون هي، ون-زو زانغ، د. تيان. ""استجابة المحيط العلوي للأعاصير المدارية: مراجعة"". *semantic_scholar_foundational*، 2021."
"Physical Oceanography: Ocean Currents, Thermohaline Circulation, and Tides",المحيطيات الفيزيائية: التيارات البحرية، الدورة الحرارية الملوحية، والمدّ.,https://smarticle.tech/en/article/physical-oceanography-ocean-currents-thermohaline-circulation-and-tides-202605141140,https://smarticle.tech/ar/article/physical-oceanography-ocean-currents-thermohaline-circulation-and-tides-202605141140,Seas & Oceans,Remote sensing of ocean surface currents: a review of what is being observed and what is being assimilated,https://doi.org/10.5194/NPG-24-613-2017,"Isern‐Fontanet, J. et al. ""Remote sensing of ocean surface currents: a review of what is being observed and what is being assimilated"". NPG, 2017.","إيزيرن-فونتينيت، ج. وآخرون. ""الاستشعار عن بعد لتيارات سطح المحيط: مراجعة لما يتم رصده وما يتم استيعابه"". *NPG*، 2017."
"Physical Oceanography: Ocean Currents, Thermohaline Circulation, and Tides",المحيطيات الفيزيائية: التيارات البحرية، الدورة الحرارية الملوحية، والمدّ.,https://smarticle.tech/en/article/physical-oceanography-ocean-currents-thermohaline-circulation-and-tides-202605141140,https://smarticle.tech/ar/article/physical-oceanography-ocean-currents-thermohaline-circulation-and-tides-202605141140,Seas & Oceans,A multi-year time series of observation-based 3D horizontal and vertical quasi-geostrophic global ocean currents,https://doi.org/10.5194/ESSD-12-1711-2020,"Buongiorno Nardelli, B. ""A multi-year time series of observation-based 3D horizontal and vertical quasi-geostrophic global ocean currents"". ESSD, 2020.","بونجورنو نارديللي، ب. ""سلسلة زمنية متعددة السنوات للملاحظات القائمة على الملاحظة لتيارات محيطية عالمية ثلاثية الأبعاد أفقية وعمودية شبه جيوستروفية"". *ESSD*، 2020."
"Physical Oceanography: Ocean Currents, Thermohaline Circulation, and Tides",المحيطيات الفيزيائية: التيارات البحرية، الدورة الحرارية الملوحية، والمدّ.,https://smarticle.tech/en/article/physical-oceanography-ocean-currents-thermohaline-circulation-and-tides-202605141140,https://smarticle.tech/ar/article/physical-oceanography-ocean-currents-thermohaline-circulation-and-tides-202605141140,Seas & Oceans,Impacts of strong warm ocean currents on development of extratropical cyclones through the warm and cold conveyor belts: A review,https://doi.org/10.1016/b978-0-12-818156-0.00014-9,"Hirata, Hidetaka, and M. Nonaka. ""Impacts of strong warm ocean currents on development of extratropical cyclones through the warm and cold conveyor belts: A review"". semantic_scholar_foundational, 2021.","هيراتا، هيديتاكا، وم. نوناكا. ""تأثيرات التيارات المحيطية الدافئة القوية على تطور الأعاصير خارج المدارية من خلال الأحزمة الدافئة والباردة الناقلة: مراجعة"". *semantic_scholar_foundational*، 2021."
Ways to benefit from the Environmental Design legacies of Jordan's heritage homes interior spaces,طرق الاستفادة من إرث التصميم البيئي للمساحات الداخلية للمنازل التراثية في الأردن.,https://smarticle.tech/en/article/ways-to-benefit-from-the-environmental-design-legacies-of-jordan-s-heritage-202605251228,https://smarticle.tech/ar/article/ways-to-benefit-from-the-environmental-design-legacies-of-jordan-s-heritage-202605251228,Countries,Ways to benefit from the Environmental Design legacies of Jordan's heritage homes interior spaces,https://doi.org/10.21608/mjaf.2021.98366.2512,"Ways to benefit from the Environmental Design legacies of Jordan's heritage homes interior spaces. *doaj*, 2023.","Ways to benefit from the Environmental Design legacies of Jordan's heritage homes interior spaces. *doaj*, 2023."
Ways to benefit from the Environmental Design legacies of Jordan's heritage homes interior spaces,طرق الاستفادة من إرث التصميم البيئي للمساحات الداخلية للمنازل التراثية في الأردن.,https://smarticle.tech/en/article/ways-to-benefit-from-the-environmental-design-legacies-of-jordan-s-heritage-202605251228,https://smarticle.tech/ar/article/ways-to-benefit-from-the-environmental-design-legacies-of-jordan-s-heritage-202605251228,Countries,Design Solutions for Cultural Sustainability: A Case Study of Vernacular Residential Interiors from Northern and Central Jordan,https://core.ac.uk/download/660598887.pdf,Design Solutions for Cultural Sustainability: A Case Study of Vernacular Residential Interiors from Northern and Central Jordan.,Design Solutions for Cultural Sustainability: A Case Study of Vernacular Residential Interiors from Northern and Central Jordan.
Ways to benefit from the Environmental Design legacies of Jordan's heritage homes interior spaces,طرق الاستفادة من إرث التصميم البيئي للمساحات الداخلية للمنازل التراثية في الأردن.,https://smarticle.tech/en/article/ways-to-benefit-from-the-environmental-design-legacies-of-jordan-s-heritage-202605251228,https://smarticle.tech/ar/article/ways-to-benefit-from-the-environmental-design-legacies-of-jordan-s-heritage-202605251228,Countries,Energy Simulation-Based Assessment of Traditional and Modern Wall Materials for Thermal Performance: A Case Study of a Traditional House in Jordan,https://doi.org/10.3390/en18205336,"Energy Simulation-Based Assessment of Traditional and Modern Wall Materials for Thermal Performance: A Case Study of a Traditional House in Jordan"". *Energies*, 2025.","Energy Simulation-Based Assessment of Traditional and Modern Wall Materials for Thermal Performance: A Case Study of a Traditional House in Jordan"". *Energies*, 2025."
Non-state actor perceptions of legitimacy and meaningful participation in international climate governance,تصورات الفاعلين غير الدوليين للشرعية والمشاركة الفعّالة في حوكمة المناخ الدولية.,https://smarticle.tech/en/article/non-state-actor-perceptions-of-legitimacy-and-meaningful-participation-in-i-202605251648,https://smarticle.tech/ar/article/non-state-actor-perceptions-of-legitimacy-and-meaningful-participation-in-i-202605251648,Climate,Non-state actor perceptions of legitimacy and meaningful participation in international climate governance,https://doi.org/10.1038/s44168-025-00214-9,"Non-state actor perceptions of legitimacy and meaningful participation in international climate governance. *doaj*, 2025.",تصورات الفاعلين من غير الدول للشرعية والمشاركة ذات المغزى في الحوكمة المناخية الدولية. *doaj*، 2025.
Non-state actor perceptions of legitimacy and meaningful participation in international climate governance,تصورات الفاعلين غير الدوليين للشرعية والمشاركة الفعّالة في حوكمة المناخ الدولية.,https://smarticle.tech/en/article/non-state-actor-perceptions-of-legitimacy-and-meaningful-participation-in-i-202605251648,https://smarticle.tech/ar/article/non-state-actor-perceptions-of-legitimacy-and-meaningful-participation-in-i-202605251648,Climate,Legitimating non-state actor engagement in global climate governance,https://doi.org/10.1093/ia/iiae321,"Legitimating non-state actor engagement in global climate governance"".",إضفاء الشرعية على مشاركة الفاعلين من غير الدول في الحوكمة المناخية العالمية.
Non-state actor perceptions of legitimacy and meaningful participation in international climate governance,تصورات الفاعلين غير الدوليين للشرعية والمشاركة الفعّالة في حوكمة المناخ الدولية.,https://smarticle.tech/en/article/non-state-actor-perceptions-of-legitimacy-and-meaningful-participation-in-i-202605251648,https://smarticle.tech/ar/article/non-state-actor-perceptions-of-legitimacy-and-meaningful-participation-in-i-202605251648,Climate,Democracy Beyond the State Non-state actors and the legitimacy of climate governance,https://doi.org/10.4324/9780429024085-21,Democracy Beyond the State: Non-state actors and the legitimacy of climate governance.,الديمقراطيةBeyond الدولة: الفاعلون من غير الدول وشرعية الحوكمة المناخية.
Non-state actor perceptions of legitimacy and meaningful participation in international climate governance,تصورات الفاعلين غير الدوليين للشرعية والمشاركة الفعّالة في حوكمة المناخ الدولية.,https://smarticle.tech/en/article/non-state-actor-perceptions-of-legitimacy-and-meaningful-participation-in-i-202605251648,https://smarticle.tech/ar/article/non-state-actor-perceptions-of-legitimacy-and-meaningful-participation-in-i-202605251648,Climate,Youth participation and agency in the United Nations Framework Convention on Climate Change,https://core.ac.uk/download/153570557.pdf,"Youth participation and agency in the United Nations Framework Convention on Climate Change"".",مشاركة الشباب ووكالته في اتفاقية الأمم المتحدة الإطارية بشأن تغير المناخ.
Non-state actor perceptions of legitimacy and meaningful participation in international climate governance,تصورات الفاعلين غير الدوليين للشرعية والمشاركة الفعّالة في حوكمة المناخ الدولية.,https://smarticle.tech/en/article/non-state-actor-perceptions-of-legitimacy-and-meaningful-participation-in-i-202605251648,https://smarticle.tech/ar/article/non-state-actor-perceptions-of-legitimacy-and-meaningful-participation-in-i-202605251648,Climate,Granting legitimacy from non‐state actor deliberation: An example of women's groups at the United Nations Framework Convention on Climate Change,https://doi.org/10.1002/eet.2074,"Granting legitimacy from non‐state actor deliberation: An example of women's groups at the United Nations Framework Convention on Climate Change"".",منح الشرعية من خلال مداولات الفاعلين من غير الدول: مثال على مجموعات النساء في اتفاقية الأمم المتحدة الإطارية بشأن تغير المناخ.
AI Public Functions: How Governments Automate Services and Policy,وظائف الذكاء الاصطناعي العامة: كيف تُؤتمت الحكومات الخدمات والسياسات.,https://smarticle.tech/en/article/ai-public-functions-how-governments-automate-services-and-policy-202605261152,https://smarticle.tech/ar/article/ai-public-functions-how-governments-automate-services-and-policy-202605261152,Continents,Public Functions Implementation by Artificial Intelligence: Current Practices and Prospects for Common Measures within Particular Periods across Conti,https://doi.org/10.3390/soc13070172,"Soc. ""Public Functions Implementation by Artificial Intelligence: Current Practices and Prospects for Common Measures within Particular Periods across Continents and Regions"". doaj, 2023.","سوشال. ""التنفيذ العمومي للوظائف بواسطة الذكاء الاصطناعي: الممارسات الحالية وآفاق القياسات المشتركة خلال فترات محددة عبر القارات والمناطق"". دواج، 2023."
AI Public Functions: How Governments Automate Services and Policy,وظائف الذكاء الاصطناعي العامة: كيف تُؤتمت الحكومات الخدمات والسياسات.,https://smarticle.tech/en/article/ai-public-functions-how-governments-automate-services-and-policy-202605261152,https://smarticle.tech/ar/article/ai-public-functions-how-governments-automate-services-and-policy-202605261152,Continents,Areas for Public Functions Implementation by Artificial Intelligence in Russia and the World,https://doi.org/10.17803/1994-1471.2023.150.5.181-185,"Areas for Public Functions Implementation by Artificial Intelligence in Russia and the World"".",المجالات الخاصة بتنفيذ الوظائف العمومية بواسطة الذكاء الاصطناعي في روسيا والعالم.
AI Public Functions: How Governments Automate Services and Policy,وظائف الذكاء الاصطناعي العامة: كيف تُؤتمت الحكومات الخدمات والسياسات.,https://smarticle.tech/en/article/ai-public-functions-how-governments-automate-services-and-policy-202605261152,https://smarticle.tech/ar/article/ai-public-functions-how-governments-automate-services-and-policy-202605261152,Continents,IMPLEMENTATION OF ARTIFICIAL INTELLIGENCE BY THE PUBLIC SECTOR: PROBLEMS AND PROSPECTS,https://doi.org/10.32782/pma2663-5240-2025.46.7,"IMPLEMENTATION OF ARTIFICIAL INTELLIGENCE BY THE PUBLIC SECTOR: PROBLEMS AND PROSPECTS"".",تنفيذ الذكاء الاصطناعي من قبل القطاع العمومي: المشاكل والآفاق.
AI Public Functions: How Governments Automate Services and Policy,وظائف الذكاء الاصطناعي العامة: كيف تُؤتمت الحكومات الخدمات والسياسات.,https://smarticle.tech/en/article/ai-public-functions-how-governments-automate-services-and-policy-202605261152,https://smarticle.tech/ar/article/ai-public-functions-how-governments-automate-services-and-policy-202605261152,Continents,AI implementation in administration,https://doi.org/10.4324/9781003535454-6,"AI implementation in administration. ""AI implementation in administration"". , .","تنفيذ الذكاء الاصطناعي في الإدارة. ""تنفيذ الذكاء الاصطناعي في الإدارة""."
Heat and Cold Exposure Impacts on Two-Year-Old Language Development,تأثير التعرض للحرارة والبرودة على تطور اللغة لدى الأطفال في عمر السنتين,https://smarticle.tech/en/article/heat-and-cold-exposure-impacts-on-two-year-old-language-development-202605281828,https://smarticle.tech/ar/article/heat-and-cold-exposure-impacts-on-two-year-old-language-development-202605281828,Climate,Impact of early life exposure to heat and cold on linguistic development in two-year-old children: findings from the ELFE cohort study,https://doi.org/10.1186/s12940-025-01173-8,"Impact of early life exposure to heat and cold on linguistic development in two-year-old children: findings from the ELFE cohort study. doaj, 2025.",أثر التعرض المبكر للحرارة والبرودة في الحياة على التطور اللغوي لدى الأطفال في سن السنتين: نتائج من دراسة ELFE لفئة الأتراب.
Heat and Cold Exposure Impacts on Two-Year-Old Language Development,تأثير التعرض للحرارة والبرودة على تطور اللغة لدى الأطفال في عمر السنتين,https://smarticle.tech/en/article/heat-and-cold-exposure-impacts-on-two-year-old-language-development-202605281828,https://smarticle.tech/ar/article/heat-and-cold-exposure-impacts-on-two-year-old-language-development-202605281828,Climate,Factors Influencing Language Performance in Boys and Girls at Age 2 in the French Elfe Birth Cohort,https://doi.org/10.2139/ssrn.4696793,"Factors Influencing Language Performance in Boys and Girls at Age 2 in the French Elfe Birth Cohort"". SSRN, Unknown.",العوامل المؤثرة في الأداء اللغوي لدى الفتيان والفتيات في سن الثانية في فئة الأتراب الفرنسية ELFE.
Autumn Arctic Ice Nucleating Particles From Sea Spray and Biogenic Proteins,جسيمات نواة تجمد الثلج القطبي في الخريف من رذاذ البحر والبروتينات الحيوية.,https://smarticle.tech/en/article/autumn-arctic-ice-nucleating-particles-from-sea-spray-and-biogenic-proteins-202605281848,https://smarticle.tech/ar/article/autumn-arctic-ice-nucleating-particles-from-sea-spray-and-biogenic-proteins-202605281848,Climate,Physicochemical characterization and source apportionment of Arctic ice-nucleating particles observed in Ny-Ålesund in autumn 2019,https://doi.org/10.5194/acp-23-10489-2023,"Atkinson, J. D., et al. ""Physicochemical characterization and source apportionment of Arctic ice-nucleating particles observed in Ny-Ålesund in autumn 2019"". doaj, 2023.","Atkinson, J. D., et al. ""Physicochemical characterization and source apportionment of Arctic ice-nucleating particles observed in Ny-Ålesund in autumn 2019"". doaj, 2023."
Autumn Arctic Ice Nucleating Particles From Sea Spray and Biogenic Proteins,جسيمات نواة تجمد الثلج القطبي في الخريف من رذاذ البحر والبروتينات الحيوية.,https://smarticle.tech/en/article/autumn-arctic-ice-nucleating-particles-from-sea-spray-and-biogenic-proteins-202605281848,https://smarticle.tech/ar/article/autumn-arctic-ice-nucleating-particles-from-sea-spray-and-biogenic-proteins-202605281848,Climate,Physicochemical Characterization and Source Apportionment of Arctic Ice Nucleating Particles Observed in Ny-Ålesund in Autumn 2019,https://doi.org/10.5194/acp-2023-18,"""Physicochemical Characterization and Source Apportionment of Arctic Ice Nucleating Particles Observed in Ny-Ålesund in Autumn 2019"". , .","""Physicochemical Characterization and Source Apportionment of Arctic Ice Nucleating Particles Observed in Ny-Ålesund in Autumn 2019"". , ."
Autumn Arctic Ice Nucleating Particles From Sea Spray and Biogenic Proteins,جسيمات نواة تجمد الثلج القطبي في الخريف من رذاذ البحر والبروتينات الحيوية.,https://smarticle.tech/en/article/autumn-arctic-ice-nucleating-particles-from-sea-spray-and-biogenic-proteins-202605281848,https://smarticle.tech/ar/article/autumn-arctic-ice-nucleating-particles-from-sea-spray-and-biogenic-proteins-202605281848,Climate,Seasonal Dynamics of Arctic Marine Ice-Nucleating Particles,https://doi.org/10.5194/egusphere-egu24-19988,Seasonal Dynamics of Arctic Marine Ice-Nucleating Particles.,Seasonal Dynamics of Arctic Marine Ice-Nucleating Particles.
Autumn Arctic Ice Nucleating Particles From Sea Spray and Biogenic Proteins,جسيمات نواة تجمد الثلج القطبي في الخريف من رذاذ البحر والبروتينات الحيوية.,https://smarticle.tech/en/article/autumn-arctic-ice-nucleating-particles-from-sea-spray-and-biogenic-proteins-202605281848,https://smarticle.tech/ar/article/autumn-arctic-ice-nucleating-particles-from-sea-spray-and-biogenic-proteins-202605281848,Climate,Microscopic Analysis of Aerosol Chemical Mixing State in Cold Environments,http://deepblue.lib.umich.edu/bitstream/2027.42/151719/1/rmkirpes_1.pdf,"""Microscopic Analysis of Aerosol Chemical Mixing State in Cold Environments"". , .","""Microscopic Analysis of Aerosol Chemical Mixing State in Cold Environments"". , ."
Autumn Arctic Ice Nucleating Particles From Sea Spray and Biogenic Proteins,جسيمات نواة تجمد الثلج القطبي في الخريف من رذاذ البحر والبروتينات الحيوية.,https://smarticle.tech/en/article/autumn-arctic-ice-nucleating-particles-from-sea-spray-and-biogenic-proteins-202605281848,https://smarticle.tech/ar/article/autumn-arctic-ice-nucleating-particles-from-sea-spray-and-biogenic-proteins-202605281848,Climate,The Ny-Ålesund Aerosol Cloud Experiment (NASCENT): Overview and First Results,https://doi.org/10.1175/bams-d-21-0034.1,"The Ny-Ålesund Aerosol Cloud Experiment (NASCENT): Overview and First Results"". Bull. Amer. Meteor. Soc., 2022.","The Ny-Ålesund Aerosol Cloud Experiment (NASCENT): Overview and First Results"". Bull. Amer. Meteor. Soc., 2022."
Climate Change Planetary Boundary Breach Triggers Land-System Collapse,خرق حد كوكبي لتغير المناخ يسبب انهيار نظام الأرض.,https://smarticle.tech/en/article/climate-change-planetary-boundary-breach-triggers-land-system-collapse-202605281858,https://smarticle.tech/ar/article/climate-change-planetary-boundary-breach-triggers-land-system-collapse-202605281858,Climate,Climate change critically affects the status of the land-system change planetary boundary,https://doi.org/10.1088/1748-9326/ad40c2,"""Climate change critically affects the status of the land-system change planetary boundary"". doaj, 2024.","""Climate change critically affects the status of the land-system change planetary boundary"". doaj, 2024."
Climate Change Planetary Boundary Breach Triggers Land-System Collapse,خرق حد كوكبي لتغير المناخ يسبب انهيار نظام الأرض.,https://smarticle.tech/en/article/climate-change-planetary-boundary-breach-triggers-land-system-collapse-202605281858,https://smarticle.tech/ar/article/climate-change-planetary-boundary-breach-triggers-land-system-collapse-202605281858,Climate,Transgression of the climate change planetary boundary critically affects the status of other boundaries,https://doi.org/10.5194/egusphere-egu24-17216,Transgression of the climate change planetary boundary critically affects the status of other boundaries.,Transgression of the climate change planetary boundary critically affects the status of other boundaries.
Climate Change Planetary Boundary Breach Triggers Land-System Collapse,خرق حد كوكبي لتغير المناخ يسبب انهيار نظام الأرض.,https://smarticle.tech/en/article/climate-change-planetary-boundary-breach-triggers-land-system-collapse-202605281858,https://smarticle.tech/ar/article/climate-change-planetary-boundary-breach-triggers-land-system-collapse-202605281858,Climate,Emulating the Forced Response of Climate Models with Flow Matching,https://arxiv.org/abs/2605.16929,"""Emulating the Forced Response of Climate Models with Flow Matching"". , .","""Emulating the Forced Response of Climate Models with Flow Matching"". , ."
Climate Change Planetary Boundary Breach Triggers Land-System Collapse,خرق حد كوكبي لتغير المناخ يسبب انهيار نظام الأرض.,https://smarticle.tech/en/article/climate-change-planetary-boundary-breach-triggers-land-system-collapse-202605281858,https://smarticle.tech/ar/article/climate-change-planetary-boundary-breach-triggers-land-system-collapse-202605281858,Climate,LUCATOOv1 – A new land use change allocation tool and its application to the planetary boundary for land system change with the LPJmL model,https://doi.org/10.5194/egusphere-2025-2202,LUCATOOv1 – A new land use change allocation tool and its application to the planetary boundary for land system change with the LPJmL model.,LUCATOOv1 – A new land use change allocation tool and its application to the planetary boundary for land system change with the LPJmL model.
Climate Change Planetary Boundary Breach Triggers Land-System Collapse,خرق حد كوكبي لتغير المناخ يسبب انهيار نظام الأرض.,https://smarticle.tech/en/article/climate-change-planetary-boundary-breach-triggers-land-system-collapse-202605281858,https://smarticle.tech/ar/article/climate-change-planetary-boundary-breach-triggers-land-system-collapse-202605281858,Climate,Advancing Planetary Boundary Science,https://doi.org/10.5194/egusphere-egu24-15269,"""Advancing Planetary Boundary Science"". , .","""Advancing Planetary Boundary Science"". , ."
