Academic Concept (EN),Academic Concept (AR),Concept URL (EN),Concept URL (AR),Subcategory,Reference Title,Reference URL,Citation (EN),Citation (AR)
Platonic Idealism: The Theory of Forms and the Nature of Reality,المثالية الأفلاطونية: نظرية الأشكال وطبيعة الواقع.,https://smarticle.tech/en/article/platonic-idealism-the-theory-of-forms-and-the-nature-of-reality-202605121244,https://smarticle.tech/ar/article/platonic-idealism-the-theory-of-forms-and-the-nature-of-reality-202605121244,Ancient Philosophy,Γοργίας,https://archive.org/details/georgias00plat,Γοργίας. by Πλάτων. (1827). — Liberal Arts Press. ISBN: 9780371868508,Γοργίας. بقلم Πλάτων. (1827). — Liberal Arts Press. ردمك: 9780371868508
Platonic Idealism: The Theory of Forms and the Nature of Reality,المثالية الأفلاطونية: نظرية الأشكال وطبيعة الواقع.,https://smarticle.tech/en/article/platonic-idealism-the-theory-of-forms-and-the-nature-of-reality-202605121244,https://smarticle.tech/ar/article/platonic-idealism-the-theory-of-forms-and-the-nature-of-reality-202605121244,Ancient Philosophy,Συμπόσιον,https://archive.org/details/uvrescompltes42plat,Συμπόσιον. by Πλάτων. (1559). — In Libraria Orphanotrophei. ISBN: 9781504052207,Συμπόσιον. بقلم Πλάτων. (1559). — In Libraria Orphanotrophei. ردمك: 9781504052207
Platonic Idealism: The Theory of Forms and the Nature of Reality,المثالية الأفلاطونية: نظرية الأشكال وطبيعة الواقع.,https://smarticle.tech/en/article/platonic-idealism-the-theory-of-forms-and-the-nature-of-reality-202605121244,https://smarticle.tech/ar/article/platonic-idealism-the-theory-of-forms-and-the-nature-of-reality-202605121244,Ancient Philosophy,Φαίδων,https://archive.org/details/uvrescompltes41plat,Φαίδων. by Πλάτων. (1713). — J. Allyn. ISBN: 1543267645,Φαίδων. بقلم Πλάτων. (1713). — J. Allyn. ردمك: 1543267645
Platonic Idealism: The Theory of Forms and the Nature of Reality,المثالية الأفلاطونية: نظرية الأشكال وطبيعة الواقع.,https://smarticle.tech/en/article/platonic-idealism-the-theory-of-forms-and-the-nature-of-reality-202605121244,https://smarticle.tech/ar/article/platonic-idealism-the-theory-of-forms-and-the-nature-of-reality-202605121244,Ancient Philosophy,Ἀπολογία Σωκράτους,https://archive.org/details/platonisapologia00plat,Ἀπολογία Σωκράτους. by Πλάτων. (1675). — NuVision Publications. ISBN: 1090371497,Ἀπολογία Σωκράτους. بقلم Πλάτων. (1675). — NuVision Publications. ردمك: 1090371497
Platonic Idealism: The Theory of Forms and the Nature of Reality,المثالية الأفلاطونية: نظرية الأشكال وطبيعة الواقع.,https://smarticle.tech/en/article/platonic-idealism-the-theory-of-forms-and-the-nature-of-reality-202605121244,https://smarticle.tech/ar/article/platonic-idealism-the-theory-of-forms-and-the-nature-of-reality-202605121244,Ancient Philosophy,πολιτεία,https://archive.org/details/republicofplat00plat,πολιτεία. by Πλάτων. (1554). — Namaskar Books. ISBN: 9603520950,πολιτεία. بقلم Πλάτων. (1554). — Namaskar Books. ردمك: 9603520950
Platonic Idealism: The Theory of Forms and the Nature of Reality,المثالية الأفلاطونية: نظرية الأشكال وطبيعة الواقع.,https://smarticle.tech/en/article/platonic-idealism-the-theory-of-forms-and-the-nature-of-reality-202605121244,https://smarticle.tech/ar/article/platonic-idealism-the-theory-of-forms-and-the-nature-of-reality-202605121244,Ancient Philosophy,Select works of Porphyry : $b Containing his four books on abstinence from animal food; his treatise on the Homeric cave of the nymphs; and his Auxili,https://www.gutenberg.org/ebooks/77014,"Select works of Porphyry : $b Containing his four books on abstinence from animal food; his treatise on the Homeric cave of the nymphs; and his Auxiliaries to the perception of intelligible natures. With an appendix, explaining the allegory of the wandering of Ulysses. by Porphyry. — Project Gutenberg","Select works of Porphyry : $b Containing his four books on abstinence from animal food; his treatise on the Homeric cave of the nymphs; and his Auxiliaries to the perception of intelligible natures. With an appendix, explaining the allegory of the wandering of Ulysses. بقلم Porphyry. — Project Gutenberg"
Platonic Idealism: The Theory of Forms and the Nature of Reality,المثالية الأفلاطونية: نظرية الأشكال وطبيعة الواقع.,https://smarticle.tech/en/article/platonic-idealism-the-theory-of-forms-and-the-nature-of-reality-202605121244,https://smarticle.tech/ar/article/platonic-idealism-the-theory-of-forms-and-the-nature-of-reality-202605121244,Ancient Philosophy,"The six books of Proclus, the Platonic successor, on the theology of Plato (vol. 1 of 2) : $b  translated from the Greek, to which a seventh book is a",https://www.gutenberg.org/ebooks/77393,"The six books of Proclus, the Platonic successor, on the theology of Plato (vol. 1 of 2) : $b  translated from the Greek, to which a seventh book is added, in order to supply the deficiency of another book on this subject, which was written by Proclus, but since lost, also, a translation from the Greek of Proclus' Elements of theology, to which are added a translation of the treatise of Proclus, On providence and fate, a translation of extracts from his treatise, entitled, Ten doubts concerning providence, and a translation of extracts from his treatise on the subsistence of evil; as preserved in the Bibliotheca Gr. of Fabricus. by Proclus. — Project Gutenberg","The six books of Proclus, the Platonic successor, on the theology of Plato (vol. 1 of 2) : $b  translated from the Greek, to which a seventh book is added, in order to supply the deficiency of another book on this subject, which was written by Proclus, but since lost, also, a translation from the Greek of Proclus' Elements of theology, to which are added a translation of the treatise of Proclus, On providence and fate, a translation of extracts from his treatise, entitled, Ten doubts concerning providence, and a translation of extracts from his treatise on the subsistence of evil; as preserved in the Bibliotheca Gr. of Fabricus. بقلم Proclus. — Project Gutenberg"
Platonic Idealism: The Theory of Forms and the Nature of Reality,المثالية الأفلاطونية: نظرية الأشكال وطبيعة الواقع.,https://smarticle.tech/en/article/platonic-idealism-the-theory-of-forms-and-the-nature-of-reality-202605121244,https://smarticle.tech/ar/article/platonic-idealism-the-theory-of-forms-and-the-nature-of-reality-202605121244,Ancient Philosophy,Plato and Platonism,https://www.gutenberg.org/ebooks/4095,"Plato and Platonism. by Pater, Walter. — Project Gutenberg","Plato and Platonism. بقلم Pater, Walter. — Project Gutenberg"
Platonic Idealism: The Theory of Forms and the Nature of Reality,المثالية الأفلاطونية: نظرية الأشكال وطبيعة الواقع.,https://smarticle.tech/en/article/platonic-idealism-the-theory-of-forms-and-the-nature-of-reality-202605121244,https://smarticle.tech/ar/article/platonic-idealism-the-theory-of-forms-and-the-nature-of-reality-202605121244,Ancient Philosophy,"De Amicitia, Scipio's Dream",https://www.gutenberg.org/ebooks/7491,"De Amicitia, Scipio's Dream. by Cicero, Marcus Tullius. — Project Gutenberg","De Amicitia, Scipio's Dream. بقلم Cicero, Marcus Tullius. — Project Gutenberg"
Platonic Idealism: The Theory of Forms and the Nature of Reality,المثالية الأفلاطونية: نظرية الأشكال وطبيعة الواقع.,https://smarticle.tech/en/article/platonic-idealism-the-theory-of-forms-and-the-nature-of-reality-202605121244,https://smarticle.tech/ar/article/platonic-idealism-the-theory-of-forms-and-the-nature-of-reality-202605121244,Ancient Philosophy,Forms and Structure in Plato's Metaphysics,https://doi.org/10.1093/oso/9780197577158.001.0001,"A. Marmodoro. ""Forms and Structure in Plato's Metaphysics"". semantic_scholar_foundational, 2021.","أ. مارمودورو. ""الأشكال والتركيب في ميتافيزيقا أفلاطون"". semantic_scholar_foundational، 2021."
"Aristotelian Logic, Metaphysics, and the Four Causes",المنطق الأرسطي والميتافيزيقا والأسباب الأربعة,https://smarticle.tech/en/article/aristotelian-logic-metaphysics-and-the-four-causes-202605121252,https://smarticle.tech/ar/article/aristotelian-logic-metaphysics-and-the-four-causes-202605121252,Ancient Philosophy,La Poetica,https://archive.org/details/metaphysicsofari00aris,"La Poetica. by Aristotle. (1479). — Ediciones de la Biblioteca, Universidad Central de Venezuela. ISBN: 0140446192","La Poetica. بقلم Aristotle. (1479). — Ediciones de la Biblioteca, Universidad Central de Venezuela. ردمك: 0140446192"
"Aristotelian Logic, Metaphysics, and the Four Causes",المنطق الأرسطي والميتافيزيقا والأسباب الأربعة,https://smarticle.tech/en/article/aristotelian-logic-metaphysics-and-the-four-causes-202605121252,https://smarticle.tech/ar/article/aristotelian-logic-metaphysics-and-the-four-causes-202605121252,Ancient Philosophy,An essay on metaphysics,https://archive.org/details/essayonmetaphysi0000coll,"An essay on metaphysics. by R. G. Collingwood. (1940). — Oxford University Press, USA. ISBN: 9780819133151","An essay on metaphysics. بقلم R. G. Collingwood. (1940). — Oxford University Press, USA. ردمك: 9780819133151"
"Aristotelian Logic, Metaphysics, and the Four Causes",المنطق الأرسطي والميتافيزيقا والأسباب الأربعة,https://smarticle.tech/en/article/aristotelian-logic-metaphysics-and-the-four-causes-202605121252,https://smarticle.tech/ar/article/aristotelian-logic-metaphysics-and-the-four-causes-202605121252,Ancient Philosophy,Isagoge,https://openlibrary.org/works/OL1225890W,Isagoge. by Porphyry. (1887). — Liviana. ISBN: 2711613445,Isagoge. بقلم Porphyry. (1887). — Liviana. ردمك: 2711613445
"Aristotelian Logic, Metaphysics, and the Four Causes",المنطق الأرسطي والميتافيزيقا والأسباب الأربعة,https://smarticle.tech/en/article/aristotelian-logic-metaphysics-and-the-four-causes-202605121252,https://smarticle.tech/ar/article/aristotelian-logic-metaphysics-and-the-four-causes-202605121252,Ancient Philosophy,Alexander of Aphrodisias,https://openlibrary.org/works/OL21043483W,"Alexander of Aphrodisias. by E. W. Dooley, E. W. Dooley, Michael Griffin. (2014). — Bloomsbury Academic. ISBN: 1306720435",Alexander of Aphrodisias. بقلم E. W. Dooley، E. W. Dooley، Michael Griffin. (2014). — Bloomsbury Academic. ردمك: 1306720435
"Aristotelian Logic, Metaphysics, and the Four Causes",المنطق الأرسطي والميتافيزيقا والأسباب الأربعة,https://smarticle.tech/en/article/aristotelian-logic-metaphysics-and-the-four-causes-202605121252,https://smarticle.tech/ar/article/aristotelian-logic-metaphysics-and-the-four-causes-202605121252,Ancient Philosophy,Philosophy of Aristotle,https://archive.org/details/philosophyofaris0000renf_v7u2,"Philosophy of Aristotle. by Renford Bambrough, J. L. Creed. (1962). — Signet Classics. ISBN: 9780451528872",Philosophy of Aristotle. بقلم Renford Bambrough، J. L. Creed. (1962). — Signet Classics. ردمك: 9780451528872
"Aristotelian Logic, Metaphysics, and the Four Causes",المنطق الأرسطي والميتافيزيقا والأسباب الأربعة,https://smarticle.tech/en/article/aristotelian-logic-metaphysics-and-the-four-causes-202605121252,https://smarticle.tech/ar/article/aristotelian-logic-metaphysics-and-the-four-causes-202605121252,Ancient Philosophy,Aristotle's Modal Logic,https://openlibrary.org/works/OL8244683W,Aristotle's Modal Logic. by Richard Patterson. (2002). — Cambridge University Press. ISBN: 0511884184,Aristotle's Modal Logic. بقلم Richard Patterson. (2002). — Cambridge University Press. ردمك: 0511884184
"Aristotelian Logic, Metaphysics, and the Four Causes",المنطق الأرسطي والميتافيزيقا والأسباب الأربعة,https://smarticle.tech/en/article/aristotelian-logic-metaphysics-and-the-four-causes-202605121252,https://smarticle.tech/ar/article/aristotelian-logic-metaphysics-and-the-four-causes-202605121252,Ancient Philosophy,Aristotle: Semantics and Ontology General Introduction,https://openlibrary.org/works/OL9090597W,Aristotle: Semantics and Ontology General Introduction. by Lambertus Marie De Rijk. (2002). — Brill Academic Publishers. ISBN: 9004123245,Aristotle: Semantics and Ontology General Introduction. بقلم Lambertus Marie De Rijk. (2002). — Brill Academic Publishers. ردمك: 9004123245
"Stoicism and Epicureanism: Ethics, Happiness, and the Good Life",الرواقية والأبيقورية: الأخلاق والسعادة والحياة الطيبة.,https://smarticle.tech/en/article/stoicism-and-epicureanism-ethics-happiness-and-the-good-life-202605121302,https://smarticle.tech/ar/article/stoicism-and-epicureanism-ethics-happiness-and-the-good-life-202605121302,Ancient Philosophy,Stoic Ethics,https://books.google.com/books,Stoic Ethics. by William O. Stephens. (2007). — A&C Black. ISBN: 9781441170453,Stoic Ethics. بقلم William O. Stephens. (2007). — A&C Black. ردمك: 9781441170453
"Stoicism and Epicureanism: Ethics, Happiness, and the Good Life",الرواقية والأبيقورية: الأخلاق والسعادة والحياة الطيبة.,https://smarticle.tech/en/article/stoicism-and-epicureanism-ethics-happiness-and-the-good-life-202605121302,https://smarticle.tech/ar/article/stoicism-and-epicureanism-ethics-happiness-and-the-good-life-202605121302,Ancient Philosophy,"Stoics, Epicureans, and sceptics",https://archive.org/details/stoicsepicureans00shar,"Stoics, Epicureans, and sceptics. by R. W. Sharples. (1996). — Routledge. ISBN: 0415110343","Stoics, Epicureans, and sceptics. بقلم R. W. Sharples. (1996). — Routledge. ردمك: 0415110343"
"Stoicism and Epicureanism: Ethics, Happiness, and the Good Life",الرواقية والأبيقورية: الأخلاق والسعادة والحياة الطيبة.,https://smarticle.tech/en/article/stoicism-and-epicureanism-ethics-happiness-and-the-good-life-202605121302,https://smarticle.tech/ar/article/stoicism-and-epicureanism-ethics-happiness-and-the-good-life-202605121302,Ancient Philosophy,Can Stoicism inspire stuttering intervention? The clinical usefulness of an ancient philosophy.,https://doi.org/10.1111/1460-6984.12832,"Connery A., Cavanna A., Coleman R. ""Can Stoicism inspire stuttering intervention? The clinical usefulness of an ancient philosophy"". semantic_scholar_foundational, 2022.","كونري، إيه.، كافانا، إيه.، كولمان، آر. ""هل يمكن للرواقية أن تلهم التدخل في التأتأة؟ الفائدة السريرية لفلسفة قديمة"". semantic_scholar_foundational، 2022."
"Stoicism and Epicureanism: Ethics, Happiness, and the Good Life",الرواقية والأبيقورية: الأخلاق والسعادة والحياة الطيبة.,https://smarticle.tech/en/article/stoicism-and-epicureanism-ethics-happiness-and-the-good-life-202605121302,https://smarticle.tech/ar/article/stoicism-and-epicureanism-ethics-happiness-and-the-good-life-202605121302,Ancient Philosophy,Greek Medicine Practice at Ancient Rome: The Physician Molecularist Asclepiades,https://doi.org/10.3390/medicines4040092,"Santacroce, L.; Bottalico, L.; Charitos, I. A. ""Greek Medicine Practice at Ancient Rome: The Physician Molecularist Asclepiades"". Medicines, 2017.","سانتاكروس، إل.؛ بوتيليكو، إل.؛ كاريتوس، آي. إيه. ""الممارسة الطبية اليونانية في روما القديمة: الطبيب الجزيئي أسكليبياديس"". Medicines، 2017."
"Stoicism and Epicureanism: Ethics, Happiness, and the Good Life",الرواقية والأبيقورية: الأخلاق والسعادة والحياة الطيبة.,https://smarticle.tech/en/article/stoicism-and-epicureanism-ethics-happiness-and-the-good-life-202605121302,https://smarticle.tech/ar/article/stoicism-and-epicureanism-ethics-happiness-and-the-good-life-202605121302,Ancient Philosophy,A Civic Alternative to Stoicism: The Ethics of Hellenistic Honorary Decrees,https://doi.org/10.1525/CA.2018.37.2.187,"Gray, B. ""A Civic Alternative to Stoicism: The Ethics of Hellenistic Honorary Decrees"". Classical Antiquity, 2018.","جراي، ب. ""بديل مدني للرواقية: أخلاقيات المراسيم الفخرية الهلنستية"". Classical Antiquity، 2018."
"Ibn Rushd (Averroes): Rationalism, Aristotle, and the Active Intellect",ابن رشد (أفيروز): العقلانية، أرسطو، والعقل الفعال.,https://smarticle.tech/en/article/ibn-rushd-averroes-rationalism-aristotle-and-the-active-intellect-202605121316,https://smarticle.tech/ar/article/ibn-rushd-averroes-rationalism-aristotle-and-the-active-intellect-202605121316,Islamic Philosophy,"The Muqaddimah, an introduction to history",https://archive.org/details/muqaddimatalalla008800,"The Muqaddimah, an introduction to history. by Ibn Khaldūn, عبد الرحمن ابن خلدون Abdel Rahman Ibn Khaldun. (1858). — Routledge & K. Paul, in association with Secker and Warburg. ISBN: 0878500561","The Muqaddimah, an introduction to history. بقلم Ibn Khaldūn، عبد الرحمن ابن خلدون Abdel Rahman Ibn Khaldun. (1858). — Routledge & K. Paul, in association with Secker and Warburg. ردمك: 0878500561"
"Ibn Rushd (Averroes): Rationalism, Aristotle, and the Active Intellect",ابن رشد (أفيروز): العقلانية، أرسطو، والعقل الفعال.,https://smarticle.tech/en/article/ibn-rushd-averroes-rationalism-aristotle-and-the-active-intellect-202605121316,https://smarticle.tech/ar/article/ibn-rushd-averroes-rationalism-aristotle-and-the-active-intellect-202605121316,Islamic Philosophy,Nicomachean Ethics,https://archive.org/details/nicomacheanethic1865aris,Nicomachean Ethics. by Aristotle. (1558). — Harvard University Press. ISBN: 1015407412,Nicomachean Ethics. بقلم Aristotle. (1558). — Harvard University Press. ردمك: 1015407412
"Ibn Rushd (Averroes): Rationalism, Aristotle, and the Active Intellect",ابن رشد (أفيروز): العقلانية، أرسطو، والعقل الفعال.,https://smarticle.tech/en/article/ibn-rushd-averroes-rationalism-aristotle-and-the-active-intellect-202605121316,https://smarticle.tech/ar/article/ibn-rushd-averroes-rationalism-aristotle-and-the-active-intellect-202605121316,Islamic Philosophy,"Alfarabi, Avicenna, and Averroes, on Intellect",https://books.google.com/books,"Alfarabi, Avicenna, and Averroes, on Intellect. by Herbert A. Davidson. (1992). — Oxford University Press. ISBN: 9780195360776","Alfarabi, Avicenna, and Averroes, on Intellect. بقلم Herbert A. Davidson. (1992). — Oxford University Press. ردمك: 9780195360776"
Al-Farabi's Political Philosophy: The Virtuous City and Philosopher-King,الفلسفة السياسية للفارابي: المدينة الفاضلة والملك الفيلسوف.,https://smarticle.tech/en/article/al-farabi-s-political-philosophy-the-virtuous-city-and-philosopher-king-202605160149,https://smarticle.tech/ar/article/al-farabi-s-political-philosophy-the-virtuous-city-and-philosopher-king-202605160149,Islamic Philosophy,Medieval political philosophy,https://archive.org/details/medievalpolitica00lern,Medieval political philosophy. by Ralph Lerner. (1963). — Free Press. ISBN: 9780801491399,Medieval political philosophy. بقلم Ralph Lerner. (1963). — Free Press. ردمك: 9780801491399
Al-Farabi's Political Philosophy: The Virtuous City and Philosopher-King,الفلسفة السياسية للفارابي: المدينة الفاضلة والملك الفيلسوف.,https://smarticle.tech/en/article/al-farabi-s-political-philosophy-the-virtuous-city-and-philosopher-king-202605160149,https://smarticle.tech/ar/article/al-farabi-s-political-philosophy-the-virtuous-city-and-philosopher-king-202605160149,Islamic Philosophy,Political thought in medieval Islam,https://archive.org/details/politicalthought0000rose,Political thought in medieval Islam. by Erwin Isak Jakob Rosenthal. (1958). — University Press. ISBN: 9780313250941,Political thought in medieval Islam. بقلم Erwin Isak Jakob Rosenthal. (1958). — University Press. ردمك: 9780313250941
Al-Farabi's Political Philosophy: The Virtuous City and Philosopher-King,الفلسفة السياسية للفارابي: المدينة الفاضلة والملك الفيلسوف.,https://smarticle.tech/en/article/al-farabi-s-political-philosophy-the-virtuous-city-and-philosopher-king-202605160149,https://smarticle.tech/ar/article/al-farabi-s-political-philosophy-the-virtuous-city-and-philosopher-king-202605160149,Islamic Philosophy,State and Government in Medieval Islam,https://openlibrary.org/works/OL20346800W,State and Government in Medieval Islam. by Ann K. S. Lambton. (2013). — Routledge. ISBN: 9781136605208,State and Government in Medieval Islam. بقلم Ann K. S. Lambton. (2013). — Routledge. ردمك: 9781136605208
Al-Farabi's Political Philosophy: The Virtuous City and Philosopher-King,الفلسفة السياسية للفارابي: المدينة الفاضلة والملك الفيلسوف.,https://smarticle.tech/en/article/al-farabi-s-political-philosophy-the-virtuous-city-and-philosopher-king-202605160149,https://smarticle.tech/ar/article/al-farabi-s-political-philosophy-the-virtuous-city-and-philosopher-king-202605160149,Islamic Philosophy,Al- farabi on the perfect state,https://openlibrary.org/works/OL824493W,Al- farabi on the perfect state. by Fārābī. (1985). — Oxford University Press. ISBN: 9780198245056,Al- farabi on the perfect state. بقلم Fārābī. (1985). — Oxford University Press. ردمك: 9780198245056
Al-Farabi's Political Philosophy: The Virtuous City and Philosopher-King,الفلسفة السياسية للفارابي: المدينة الفاضلة والملك الفيلسوف.,https://smarticle.tech/en/article/al-farabi-s-political-philosophy-the-virtuous-city-and-philosopher-king-202605160149,https://smarticle.tech/ar/article/al-farabi-s-political-philosophy-the-virtuous-city-and-philosopher-king-202605160149,Islamic Philosophy,Al Farabi,https://openlibrary.org/works/OL23789923W,Al Farabi. by Philippe Vallat. (2012). — Societe d'edition Les Belles lettres. ISBN: 2251183132,Al Farabi. بقلم Philippe Vallat. (2012). — Societe d'edition Les Belles lettres. ردمك: 2251183132
Al-Farabi's Political Philosophy: The Virtuous City and Philosopher-King,الفلسفة السياسية للفارابي: المدينة الفاضلة والملك الفيلسوف.,https://smarticle.tech/en/article/al-farabi-s-political-philosophy-the-virtuous-city-and-philosopher-king-202605160149,https://smarticle.tech/ar/article/al-farabi-s-political-philosophy-the-virtuous-city-and-philosopher-king-202605160149,Islamic Philosophy,On the perfect state,https://openlibrary.org/works/OL824486W,"On the perfect state. by Fārābī, Richard Walzer. (1998). — Distributed by KAZI Publications. ISBN: 1871031761",On the perfect state. بقلم Fārābī، Richard Walzer. (1998). — Distributed by KAZI Publications. ردمك: 1871031761
Al-Farabi's Political Philosophy: The Virtuous City and Philosopher-King,الفلسفة السياسية للفارابي: المدينة الفاضلة والملك الفيلسوف.,https://smarticle.tech/en/article/al-farabi-s-political-philosophy-the-virtuous-city-and-philosopher-king-202605160149,https://smarticle.tech/ar/article/al-farabi-s-political-philosophy-the-virtuous-city-and-philosopher-king-202605160149,Islamic Philosophy,Poetics,https://archive.org/details/artofpoetry00aris,Poetics. by Aristotle. (1536). — NuVision Publications. ISBN: 1420925989,Poetics. بقلم Aristotle. (1536). — NuVision Publications. ردمك: 1420925989
Al-Farabi's Political Philosophy: The Virtuous City and Philosopher-King,الفلسفة السياسية للفارابي: المدينة الفاضلة والملك الفيلسوف.,https://smarticle.tech/en/article/al-farabi-s-political-philosophy-the-virtuous-city-and-philosopher-king-202605160149,https://smarticle.tech/ar/article/al-farabi-s-political-philosophy-the-virtuous-city-and-philosopher-king-202605160149,Islamic Philosophy,La Poetica,https://archive.org/details/metaphysicsofari00aris,La Poetica. by Aristotle. (1479). — Harvard University Press. ISBN: 9781430447160,La Poetica. بقلم Aristotle. (1479). — Harvard University Press. ردمك: 9781430447160
Al-Farabi's Political Philosophy: The Virtuous City and Philosopher-King,الفلسفة السياسية للفارابي: المدينة الفاضلة والملك الفيلسوف.,https://smarticle.tech/en/article/al-farabi-s-political-philosophy-the-virtuous-city-and-philosopher-king-202605160149,https://smarticle.tech/ar/article/al-farabi-s-political-philosophy-the-virtuous-city-and-philosopher-king-202605160149,Islamic Philosophy,Aquinas,https://archive.org/details/selectedwritings0000thom_m2u0,Aquinas. by Thomas Aquinas. (1948). — Franciscans of the Immaculate. ISBN: 0631129243,Aquinas. بقلم Thomas Aquinas. (1948). — Franciscans of the Immaculate. ردمك: 0631129243
Al-Farabi's Political Philosophy: The Virtuous City and Philosopher-King,الفلسفة السياسية للفارابي: المدينة الفاضلة والملك الفيلسوف.,https://smarticle.tech/en/article/al-farabi-s-political-philosophy-the-virtuous-city-and-philosopher-king-202605160149,https://smarticle.tech/ar/article/al-farabi-s-political-philosophy-the-virtuous-city-and-philosopher-king-202605160149,Islamic Philosophy,THE DISAPPEARING PHILOSOPHER-KING,https://doi.org/10.4324/9780203201817-10,"Plato. ""THE DISAPPEARING PHILOSOPHER-KING"". *crossref*, 2003.","بلاتو. ""الملك الفيلسوف الذي يتلاشى"". *كروسريف*، 2003."
Al-Ghazali's Epistemology vs. Ibn Sina's Avicennism: A Philosophical Debate,الإبستمولوجيا الغزالية مقابل الأفيسينية لابن سينا: نقاش فلسفي.,https://smarticle.tech/en/article/al-ghazali-s-epistemology-vs-ibn-sina-s-avicennism-a-philosophical-debate-202605160156,https://smarticle.tech/ar/article/al-ghazali-s-epistemology-vs-ibn-sina-s-avicennism-a-philosophical-debate-202605160156,Islamic Philosophy,"Islamic Law, Epistemology and Modernity",https://openlibrary.org/works/OL8105040W,"Islamic Law, Epistemology and Modernity. by Ashk Dahlen. (2003). — Taylor & Francis Group. ISBN: 9780415762403","Islamic Law, Epistemology and Modernity. بقلم Ashk Dahlen. (2003). — Taylor & Francis Group. ردمك: 9780415762403"
Al-Ghazali's Epistemology vs. Ibn Sina's Avicennism: A Philosophical Debate,الإبستمولوجيا الغزالية مقابل الأفيسينية لابن سينا: نقاش فلسفي.,https://smarticle.tech/en/article/al-ghazali-s-epistemology-vs-ibn-sina-s-avicennism-a-philosophical-debate-202605160156,https://smarticle.tech/ar/article/al-ghazali-s-epistemology-vs-ibn-sina-s-avicennism-a-philosophical-debate-202605160156,Islamic Philosophy,The Principles of Epistemology in Islamic Philosophy,https://openlibrary.org/works/OL8357991W,The Principles of Epistemology in Islamic Philosophy. by Mehdi Ha'Iri Yazdi. (1992). — State Univ of New York Pr. ISBN: 9780791409473,The Principles of Epistemology in Islamic Philosophy. بقلم Mehdi Ha'Iri Yazdi. (1992). — State Univ of New York Pr. ردمك: 9780791409473
Al-Ghazali's Epistemology vs. Ibn Sina's Avicennism: A Philosophical Debate,الإبستمولوجيا الغزالية مقابل الأفيسينية لابن سينا: نقاش فلسفي.,https://smarticle.tech/en/article/al-ghazali-s-epistemology-vs-ibn-sina-s-avicennism-a-philosophical-debate-202605160156,https://smarticle.tech/ar/article/al-ghazali-s-epistemology-vs-ibn-sina-s-avicennism-a-philosophical-debate-202605160156,Islamic Philosophy,Epistemology of the Quran,https://openlibrary.org/works/OL20831516W,Epistemology of the Quran. by M. Ashraf Adeel. (2019). — Springer. ISBN: 303017557X,Epistemology of the Quran. بقلم M. Ashraf Adeel. (2019). — Springer. ردمك: 303017557X
Al-Ghazali's Epistemology vs. Ibn Sina's Avicennism: A Philosophical Debate,الإبستمولوجيا الغزالية مقابل الأفيسينية لابن سينا: نقاش فلسفي.,https://smarticle.tech/en/article/al-ghazali-s-epistemology-vs-ibn-sina-s-avicennism-a-philosophical-debate-202605160156,https://smarticle.tech/ar/article/al-ghazali-s-epistemology-vs-ibn-sina-s-avicennism-a-philosophical-debate-202605160156,Islamic Philosophy,Philosophy of Religion in Post-Revolutionary Iran,https://openlibrary.org/works/OL22147481W,Philosophy of Religion in Post-Revolutionary Iran. by Heydar Shadi. (2018). — Taylor & Francis Group. ISBN: 9781315108766,Philosophy of Religion in Post-Revolutionary Iran. بقلم Heydar Shadi. (2018). — Taylor & Francis Group. ردمك: 9781315108766
Al-Ghazali's Epistemology vs. Ibn Sina's Avicennism: A Philosophical Debate,الإبستمولوجيا الغزالية مقابل الأفيسينية لابن سينا: نقاش فلسفي.,https://smarticle.tech/en/article/al-ghazali-s-epistemology-vs-ibn-sina-s-avicennism-a-philosophical-debate-202605160156,https://smarticle.tech/ar/article/al-ghazali-s-epistemology-vs-ibn-sina-s-avicennism-a-philosophical-debate-202605160156,Islamic Philosophy,Philosophical instructions,https://openlibrary.org/works/OL10213730W,"Philosophical instructions. by Muhammad Taqi Misbah Yazdi, MuhÌ£ammad TaqiÌ MisÌ£baÌhÌ£ YazdiÌ, Ayatullah Muhammad Taqi Misbah Yazdi. (1999). — Global Publications. ISBN: 9781883058753",Philosophical instructions. بقلم Muhammad Taqi Misbah Yazdi، MuhÌ£ammad TaqiÌ MisÌ£baÌhÌ£ YazdiÌ، Ayatullah Muhammad Taqi Misbah Yazdi. (1999). — Global Publications. ردمك: 9781883058753
Al-Ghazali's Epistemology vs. Ibn Sina's Avicennism: A Philosophical Debate,الإبستمولوجيا الغزالية مقابل الأفيسينية لابن سينا: نقاش فلسفي.,https://smarticle.tech/en/article/al-ghazali-s-epistemology-vs-ibn-sina-s-avicennism-a-philosophical-debate-202605160156,https://smarticle.tech/ar/article/al-ghazali-s-epistemology-vs-ibn-sina-s-avicennism-a-philosophical-debate-202605160156,Islamic Philosophy,Nazariyat al Mar'ifah Bayna al Qur'an Wa'l Falsafah Vol. 3,https://openlibrary.org/works/OL28807711W,"Nazariyat al Mar'ifah Bayna al Qur'an Wa'l Falsafah Vol. 3. by Rajih A. Kurdi, Rabbaniyat al Ma'rifah, Wa Mawgifuha Min. (1991). — International Institute of Islamic Thought, The. ISBN: 9780912463476","Nazariyat al Mar'ifah Bayna al Qur'an Wa'l Falsafah Vol. 3. بقلم Rajih A. Kurdi، Rabbaniyat al Ma'rifah، Wa Mawgifuha Min. (1991). — International Institute of Islamic Thought, The. ردمك: 9780912463476"
Al-Ghazali's Epistemology vs. Ibn Sina's Avicennism: A Philosophical Debate,الإبستمولوجيا الغزالية مقابل الأفيسينية لابن سينا: نقاش فلسفي.,https://smarticle.tech/en/article/al-ghazali-s-epistemology-vs-ibn-sina-s-avicennism-a-philosophical-debate-202605160156,https://smarticle.tech/ar/article/al-ghazali-s-epistemology-vs-ibn-sina-s-avicennism-a-philosophical-debate-202605160156,Islamic Philosophy,Science and epistemology in the Koran,https://openlibrary.org/works/OL2626254W,Science and epistemology in the Koran. by Masudul Alam Choudhury. (2006). — Edwin Mellen Press. ISBN: 0773460306,Science and epistemology in the Koran. بقلم Masudul Alam Choudhury. (2006). — Edwin Mellen Press. ردمك: 0773460306
Al-Ghazali's Epistemology vs. Ibn Sina's Avicennism: A Philosophical Debate,الإبستمولوجيا الغزالية مقابل الأفيسينية لابن سينا: نقاش فلسفي.,https://smarticle.tech/en/article/al-ghazali-s-epistemology-vs-ibn-sina-s-avicennism-a-philosophical-debate-202605160156,https://smarticle.tech/ar/article/al-ghazali-s-epistemology-vs-ibn-sina-s-avicennism-a-philosophical-debate-202605160156,Islamic Philosophy,"God and Humans in Islamic Thought: 'Abd al-Jabbar, Ibn Sina and al-Ghazali (review)",https://doi.org/10.1353/pew.2008.0020,"Marenbon, J. ""God and Humans in Islamic Thought: 'Abd al-Jabbar, Ibn Sina and al-Ghazali (review)"". *Philosophy East and West*, 2008.","مارينبون، ج. ""الله والبشر في الفكر الإسلامي: عبد الجبار وابن سينا والغزالي (مراجعة)"". *فلسفة شرق وغرب*، 2008."
Al-Ghazali's Epistemology vs. Ibn Sina's Avicennism: A Philosophical Debate,الإبستمولوجيا الغزالية مقابل الأفيسينية لابن سينا: نقاش فلسفي.,https://smarticle.tech/en/article/al-ghazali-s-epistemology-vs-ibn-sina-s-avicennism-a-philosophical-debate-202605160156,https://smarticle.tech/ar/article/al-ghazali-s-epistemology-vs-ibn-sina-s-avicennism-a-philosophical-debate-202605160156,Islamic Philosophy,Religion vs. Philosophy I—al-Ghazali,https://doi.org/10.2307/jj.809345.11,"Al-Ghazali. ""Religion vs. Philosophy I—al-Ghazali"". crossref, 2023.","الغزالي. ""الدين مقابل الفلسفة الأول—الغزالي"". كروسريف، 2023."
"Cartesian Rationalism: Cogito, Mind-Body Dualism, and Method of Doubt",الرواقية الكارتيزية: الكوجيتو، الثنائية الجسدية‑العقلية، وطريقة الشك.,https://smarticle.tech/en/article/cartesian-rationalism-cogito-mind-body-dualism-and-method-of-doubt-202605160202,https://smarticle.tech/ar/article/cartesian-rationalism-cogito-mind-body-dualism-and-method-of-doubt-202605160202,Modern Philosophy,Philosophical writings,https://archive.org/details/philosophicalwri00desc,Philosophical writings. by René Descartes. (1952). — Nelson. ISBN: 0171370996,Philosophical writings. بقلم René Descartes. (1952). — Nelson. ردمك: 0171370996
"Cartesian Rationalism: Cogito, Mind-Body Dualism, and Method of Doubt",الرواقية الكارتيزية: الكوجيتو، الثنائية الجسدية‑العقلية، وطريقة الشك.,https://smarticle.tech/en/article/cartesian-rationalism-cogito-mind-body-dualism-and-method-of-doubt-202605160202,https://smarticle.tech/ar/article/cartesian-rationalism-cogito-mind-body-dualism-and-method-of-doubt-202605160202,Modern Philosophy,Res cogitans,https://archive.org/details/rescogitansessay0000vend,Res cogitans. by Zeno Vendler. (1972). — Cornell University Press. ISBN: 9781501743733,Res cogitans. بقلم Zeno Vendler. (1972). — Cornell University Press. ردمك: 9781501743733
"Cartesian Rationalism: Cogito, Mind-Body Dualism, and Method of Doubt",الرواقية الكارتيزية: الكوجيتو، الثنائية الجسدية‑العقلية، وطريقة الشك.,https://smarticle.tech/en/article/cartesian-rationalism-cogito-mind-body-dualism-and-method-of-doubt-202605160202,https://smarticle.tech/ar/article/cartesian-rationalism-cogito-mind-body-dualism-and-method-of-doubt-202605160202,Modern Philosophy,Cartesian Rationalism,https://openlibrary.org/works/OL21574303W,"Cartesian Rationalism. by Zbigniew Drozdowicz. (2015). — Lang GmbH, Internationaler Verlag der Wissenschaften, Peter. ISBN: 9783653056112","Cartesian Rationalism. بقلم Zbigniew Drozdowicz. (2015). — Lang GmbH, Internationaler Verlag der Wissenschaften, Peter. ردمك: 9783653056112"
"Cartesian Rationalism: Cogito, Mind-Body Dualism, and Method of Doubt",الرواقية الكارتيزية: الكوجيتو، الثنائية الجسدية‑العقلية، وطريقة الشك.,https://smarticle.tech/en/article/cartesian-rationalism-cogito-mind-body-dualism-and-method-of-doubt-202605160202,https://smarticle.tech/ar/article/cartesian-rationalism-cogito-mind-body-dualism-and-method-of-doubt-202605160202,Modern Philosophy,Divine Will and the Mechanical Philosophy,https://openlibrary.org/works/OL8305801W,Divine Will and the Mechanical Philosophy. by Margaret J. Osler. (1994). — Cambridge University Press. ISBN: 9780521524926,Divine Will and the Mechanical Philosophy. بقلم Margaret J. Osler. (1994). — Cambridge University Press. ردمك: 9780521524926
"Cartesian Rationalism: Cogito, Mind-Body Dualism, and Method of Doubt",الرواقية الكارتيزية: الكوجيتو، الثنائية الجسدية‑العقلية، وطريقة الشك.,https://smarticle.tech/en/article/cartesian-rationalism-cogito-mind-body-dualism-and-method-of-doubt-202605160202,https://smarticle.tech/ar/article/cartesian-rationalism-cogito-mind-body-dualism-and-method-of-doubt-202605160202,Modern Philosophy,Descartes and the Enlightenment,https://archive.org/details/descartesenlight0000scho,Descartes and the Enlightenment. by Peter A. Schouls. (1989). — McGill-Queen's University Press. ISBN: 9780852245620,Descartes and the Enlightenment. بقلم Peter A. Schouls. (1989). — McGill-Queen's University Press. ردمك: 9780852245620
"Cartesian Rationalism: Cogito, Mind-Body Dualism, and Method of Doubt",الرواقية الكارتيزية: الكوجيتو، الثنائية الجسدية‑العقلية، وطريقة الشك.,https://smarticle.tech/en/article/cartesian-rationalism-cogito-mind-body-dualism-and-method-of-doubt-202605160202,https://smarticle.tech/ar/article/cartesian-rationalism-cogito-mind-body-dualism-and-method-of-doubt-202605160202,Modern Philosophy,Cartesian women,https://archive.org/details/cartesianwomenve00hart,Cartesian women. by Erica Harth. (1992). — Cornell University Press. ISBN: 0801427150,Cartesian women. بقلم Erica Harth. (1992). — Cornell University Press. ردمك: 0801427150
"Cartesian Rationalism: Cogito, Mind-Body Dualism, and Method of Doubt",الرواقية الكارتيزية: الكوجيتو، الثنائية الجسدية‑العقلية، وطريقة الشك.,https://smarticle.tech/en/article/cartesian-rationalism-cogito-mind-body-dualism-and-method-of-doubt-202605160202,https://smarticle.tech/ar/article/cartesian-rationalism-cogito-mind-body-dualism-and-method-of-doubt-202605160202,Modern Philosophy,Cartesian Dualism: Bridging Descartes’ Mind-Body Dichotomy to Contemporary Psychology and Mental Health,https://doi.org/10.59652/jcpas.v3i2.513,"Deo Kenneth Camargo. ""Cartesian Dualism: Bridging Descartes’ Mind-Body Dichotomy to Contemporary Psychology and Mental Health"". crossref, 2025.","من تأليف كينيث كامارغو. ""الازدواجية الديكارتية: جسر ديكارت بين ثنائية العقل والجسد وعلم النفس المعاصر والصحة العقلية"". كروسريف، 2025."
"Cartesian Rationalism: Cogito, Mind-Body Dualism, and Method of Doubt",الرواقية الكارتيزية: الكوجيتو، الثنائية الجسدية‑العقلية، وطريقة الشك.,https://smarticle.tech/en/article/cartesian-rationalism-cogito-mind-body-dualism-and-method-of-doubt-202605160202,https://smarticle.tech/ar/article/cartesian-rationalism-cogito-mind-body-dualism-and-method-of-doubt-202605160202,Modern Philosophy,Descartes on Mind and Body,https://doi.org/10.5840/cogito1988229,"Cottingham, John. ""Descartes on Mind and Body"". crossref, 1988.","من تأليف جون كوتينغهام. ""ديكارت عن العقل والجسد"". كروسريف، 1988."
"Cartesian Rationalism: Cogito, Mind-Body Dualism, and Method of Doubt",الرواقية الكارتيزية: الكوجيتو، الثنائية الجسدية‑العقلية، وطريقة الشك.,https://smarticle.tech/en/article/cartesian-rationalism-cogito-mind-body-dualism-and-method-of-doubt-202605160202,https://smarticle.tech/ar/article/cartesian-rationalism-cogito-mind-body-dualism-and-method-of-doubt-202605160202,Modern Philosophy,Mind-Body Dualism and the Harvey-Descartes Controversy,https://doi.org/10.2307/2709897,"Gorham, Geoffrey. ""Mind-Body Dualism and the Harvey-Descartes Controversy"". *crossref*, 1994.","من تأليف جيفري غورهام. ""الازدواجية العقل والجسد والجدل بين هارفي وديكارت"". *كروسريف*، 1994."
Kantian Epistemology: Categories of Understanding and the Synthetic A Priori,الإبستمولوجيا الكانطية: فئات الفهم والمعرفة التركيبية السابقة للخبرة.,https://smarticle.tech/en/article/kantian-epistemology-categories-of-understanding-and-the-synthetic-a-priori-202605160211,https://smarticle.tech/ar/article/kantian-epistemology-categories-of-understanding-and-the-synthetic-a-priori-202605160211,Modern Philosophy,Kritik der Urteilskraft,https://archive.org/details/critiquekantaest00kantuoft,Kritik der Urteilskraft. by Immanuel Kant. (1793). — Konemann. ISBN: 0760762023,Kritik der Urteilskraft. بقلم Immanuel Kant. (1793). — Konemann. ردمك: 0760762023
Kantian Epistemology: Categories of Understanding and the Synthetic A Priori,الإبستمولوجيا الكانطية: فئات الفهم والمعرفة التركيبية السابقة للخبرة.,https://smarticle.tech/en/article/kantian-epistemology-categories-of-understanding-and-the-synthetic-a-priori-202605160211,https://smarticle.tech/ar/article/kantian-epistemology-categories-of-understanding-and-the-synthetic-a-priori-202605160211,Modern Philosophy,Die Welt als Wille und Vorstellung,https://archive.org/details/worldaswillidea02scho_0,Die Welt als Wille und Vorstellung. by Arthur Schopenhauer. (1819). — Digireads.com Pub.. ISBN: 9798760673473,Die Welt als Wille und Vorstellung. بقلم Arthur Schopenhauer. (1819). — Digireads.com Pub.. ردمك: 9798760673473
Kantian Epistemology: Categories of Understanding and the Synthetic A Priori,الإبستمولوجيا الكانطية: فئات الفهم والمعرفة التركيبية السابقة للخبرة.,https://smarticle.tech/en/article/kantian-epistemology-categories-of-understanding-and-the-synthetic-a-priori-202605160211,https://smarticle.tech/ar/article/kantian-epistemology-categories-of-understanding-and-the-synthetic-a-priori-202605160211,Modern Philosophy,The Kantian epistemology and theism,https://archive.org/details/kantianepistemol00hodgrich,"The Kantian epistemology and theism. by Hodge, Caspar Wistar Jr.. (1894). — MacCalla & Co.","The Kantian epistemology and theism. بقلم Hodge, Caspar Wistar Jr.. (1894). — MacCalla & Co."
Kantian Epistemology: Categories of Understanding and the Synthetic A Priori,الإبستمولوجيا الكانطية: فئات الفهم والمعرفة التركيبية السابقة للخبرة.,https://smarticle.tech/en/article/kantian-epistemology-categories-of-understanding-and-the-synthetic-a-priori-202605160211,https://smarticle.tech/ar/article/kantian-epistemology-categories-of-understanding-and-the-synthetic-a-priori-202605160211,Modern Philosophy,Kantian Epistemology and Theism,https://openlibrary.org/works/OL37682294W,"Kantian Epistemology and Theism. by Caspar Wistar Hodge. (2023). — Creative Media Partners, LLC. ISBN: 9781020923944","Kantian Epistemology and Theism. بقلم Caspar Wistar Hodge. (2023). — Creative Media Partners, LLC. ردمك: 9781020923944"
Kantian Epistemology: Categories of Understanding and the Synthetic A Priori,الإبستمولوجيا الكانطية: فئات الفهم والمعرفة التركيبية السابقة للخبرة.,https://smarticle.tech/en/article/kantian-epistemology-categories-of-understanding-and-the-synthetic-a-priori-202605160211,https://smarticle.tech/ar/article/kantian-epistemology-categories-of-understanding-and-the-synthetic-a-priori-202605160211,Modern Philosophy,Who's Afraid of Idealism?,https://openlibrary.org/works/OL8499966W,"Who's Afraid of Idealism?. by Luis M. Augusto, Luis M. Augusto. (2005). — University Press of America. ISBN: 9780761832973",Who's Afraid of Idealism?. بقلم Luis M. Augusto، Luis M. Augusto. (2005). — University Press of America. ردمك: 9780761832973
Kantian Epistemology: Categories of Understanding and the Synthetic A Priori,الإبستمولوجيا الكانطية: فئات الفهم والمعرفة التركيبية السابقة للخبرة.,https://smarticle.tech/en/article/kantian-epistemology-categories-of-understanding-and-the-synthetic-a-priori-202605160211,https://smarticle.tech/ar/article/kantian-epistemology-categories-of-understanding-and-the-synthetic-a-priori-202605160211,Modern Philosophy,"Readings in epistemology from Descartes, Locke, Berkeley, Hume, Kant",https://openlibrary.org/works/OL18406335W,"Readings in epistemology from Descartes, Locke, Berkeley, Hume, Kant. by Vincent G. Potter. (1986). — Fordham University Press. ISBN: 0823213080","Readings in epistemology from Descartes, Locke, Berkeley, Hume, Kant. بقلم Vincent G. Potter. (1986). — Fordham University Press. ردمك: 0823213080"
Kantian Epistemology: Categories of Understanding and the Synthetic A Priori,الإبستمولوجيا الكانطية: فئات الفهم والمعرفة التركيبية السابقة للخبرة.,https://smarticle.tech/en/article/kantian-epistemology-categories-of-understanding-and-the-synthetic-a-priori-202605160211,https://smarticle.tech/ar/article/kantian-epistemology-categories-of-understanding-and-the-synthetic-a-priori-202605160211,Modern Philosophy,Synthetic a priori and mathematical account in Kant's philosophy,https://openlibrary.org/works/OL23453797W,Synthetic a priori and mathematical account in Kant's philosophy. by Giacomo Maria Virone. (2012). — LED. ISBN: 8879165992,Synthetic a priori and mathematical account in Kant's philosophy. بقلم Giacomo Maria Virone. (2012). — LED. ردمك: 8879165992
Kantian Epistemology: Categories of Understanding and the Synthetic A Priori,الإبستمولوجيا الكانطية: فئات الفهم والمعرفة التركيبية السابقة للخبرة.,https://smarticle.tech/en/article/kantian-epistemology-categories-of-understanding-and-the-synthetic-a-priori-202605160211,https://smarticle.tech/ar/article/kantian-epistemology-categories-of-understanding-and-the-synthetic-a-priori-202605160211,Modern Philosophy,"Locke, Kant, and Synthetic A Priori Cognition",https://doi.org/10.1515/kantyb-2015-0003,"Brian A. Chance. ""Locke, Kant, and Synthetic A Priori Cognition"". *crossref*, 2015.","برايان إيه. تشانس. ""لوك، كانط، والإدراك الاستنباطي التركيبي القبلي"". *كروسريف*، 2015."
Kantian Epistemology: Categories of Understanding and the Synthetic A Priori,الإبستمولوجيا الكانطية: فئات الفهم والمعرفة التركيبية السابقة للخبرة.,https://smarticle.tech/en/article/kantian-epistemology-categories-of-understanding-and-the-synthetic-a-priori-202605160211,https://smarticle.tech/ar/article/kantian-epistemology-categories-of-understanding-and-the-synthetic-a-priori-202605160211,Modern Philosophy,The Synthetic A Priori in Strawson ‘s Kantianism,https://doi.org/10.1093/oso/9780199252824.003.0007,"Stroud, Barry. ""The Synthetic A Priori in Strawson’s Kantianism"". *crossref*, 2003.","باري سترود. ""الاستنباطي التركيبي القبلي في كانطية ستروسون"". *كروسريف*، 2003."
Kantian Epistemology: Categories of Understanding and the Synthetic A Priori,الإبستمولوجيا الكانطية: فئات الفهم والمعرفة التركيبية السابقة للخبرة.,https://smarticle.tech/en/article/kantian-epistemology-categories-of-understanding-and-the-synthetic-a-priori-202605160211,https://smarticle.tech/ar/article/kantian-epistemology-categories-of-understanding-and-the-synthetic-a-priori-202605160211,Modern Philosophy,Kant and Husserl on the Synthetic A Priori,https://doi.org/10.1515/kant.1972.63.1-4.341,"Gallagher, Kenneth T. ""Kant and Husserl on the Synthetic A Priori"". *Kant-Studien*, 1972.","كينيث تي. غالاغر. ""كانط وهوسرل حول الاستنباطي التركيبي القبلي"". *كانت-شتودين*، 1972."
"British Empiricism: Locke on Ideas, Hume on Causation, and the Limits of Knowledge",الإمبريالية البريطانية: لوك حول الأفكار، هيوم حول السببية، وحدود المعرفة.,https://smarticle.tech/en/article/british-empiricism-locke-on-ideas-hume-on-causation-and-the-limits-of-knowl-202605160219,https://smarticle.tech/ar/article/british-empiricism-locke-on-ideas-hume-on-causation-and-the-limits-of-knowl-202605160219,Modern Philosophy,A history of philosophy,https://archive.org/details/historyofphiloso0003copl_i3g7,A history of philosophy. by Frederick Charles Copleston. (1900). — Newman Bookshop. ISBN: 0855321814,A history of philosophy. بقلم Frederick Charles Copleston. (1900). — Newman Bookshop. ردمك: 0855321814
"British Empiricism: Locke on Ideas, Hume on Causation, and the Limits of Knowledge",الإمبريالية البريطانية: لوك حول الأفكار، هيوم حول السببية، وحدود المعرفة.,https://smarticle.tech/en/article/british-empiricism-locke-on-ideas-hume-on-causation-and-the-limits-of-knowl-202605160219,https://smarticle.tech/ar/article/british-empiricism-locke-on-ideas-hume-on-causation-and-the-limits-of-knowl-202605160219,Modern Philosophy,Essays and treatises on several subjects,https://archive.org/details/essaysandtreati28humegoog,Essays and treatises on several subjects. by David Hume. (1753). — Printed for A. Millar,Essays and treatises on several subjects. بقلم David Hume. (1753). — Printed for A. Millar
"British Empiricism: Locke on Ideas, Hume on Causation, and the Limits of Knowledge",الإمبريالية البريطانية: لوك حول الأفكار، هيوم حول السببية، وحدود المعرفة.,https://smarticle.tech/en/article/british-empiricism-locke-on-ideas-hume-on-causation-and-the-limits-of-knowl-202605160219,https://smarticle.tech/ar/article/british-empiricism-locke-on-ideas-hume-on-causation-and-the-limits-of-knowl-202605160219,Modern Philosophy,The Varieties of Religious Experience,https://archive.org/details/varietiesofrelig0000jame_l3u3,"The Varieties of Religious Experience. by William James, Dr. William James, WILLIAM JAMES. (1817). — Image Books. ISBN: 9781726136587",The Varieties of Religious Experience. بقلم William James، Dr. William James، WILLIAM JAMES. (1817). — Image Books. ردمك: 9781726136587
"British Empiricism: Locke on Ideas, Hume on Causation, and the Limits of Knowledge",الإمبريالية البريطانية: لوك حول الأفكار، هيوم حول السببية، وحدود المعرفة.,https://smarticle.tech/en/article/british-empiricism-locke-on-ideas-hume-on-causation-and-the-limits-of-knowl-202605160219,https://smarticle.tech/ar/article/british-empiricism-locke-on-ideas-hume-on-causation-and-the-limits-of-knowl-202605160219,Modern Philosophy,"Language, truth and logic",https://archive.org/details/AlfredAyer,"Language, truth and logic. by A. J. Ayer. (1936). — Penguin. ISBN: 0140136592","Language, truth and logic. بقلم A. J. Ayer. (1936). — Penguin. ردمك: 0140136592"
"British Empiricism: Locke on Ideas, Hume on Causation, and the Limits of Knowledge",الإمبريالية البريطانية: لوك حول الأفكار، هيوم حول السببية، وحدود المعرفة.,https://smarticle.tech/en/article/british-empiricism-locke-on-ideas-hume-on-causation-and-the-limits-of-knowl-202605160219,https://smarticle.tech/ar/article/british-empiricism-locke-on-ideas-hume-on-causation-and-the-limits-of-knowl-202605160219,Modern Philosophy,Essays in radical empiricism,https://archive.org/details/essaysinradicale00jame,Essays in radical empiricism. by William James. (1912). — University of Nebraska Press. ISBN: 9780803275898,Essays in radical empiricism. بقلم William James. (1912). — University of Nebraska Press. ردمك: 9780803275898
"British Empiricism: Locke on Ideas, Hume on Causation, and the Limits of Knowledge",الإمبريالية البريطانية: لوك حول الأفكار، هيوم حول السببية، وحدود المعرفة.,https://smarticle.tech/en/article/british-empiricism-locke-on-ideas-hume-on-causation-and-the-limits-of-knowl-202605160219,https://smarticle.tech/ar/article/british-empiricism-locke-on-ideas-hume-on-causation-and-the-limits-of-knowl-202605160219,Modern Philosophy,Experience and nature,https://archive.org/details/experiencenature00dewe_487,Experience and nature. by John Dewey. (1925). — Open court Publishing Company. ISBN: 0875480977,Experience and nature. بقلم John Dewey. (1925). — Open court Publishing Company. ردمك: 0875480977
"British Empiricism: Locke on Ideas, Hume on Causation, and the Limits of Knowledge",الإمبريالية البريطانية: لوك حول الأفكار، هيوم حول السببية، وحدود المعرفة.,https://smarticle.tech/en/article/british-empiricism-locke-on-ideas-hume-on-causation-and-the-limits-of-knowl-202605160219,https://smarticle.tech/ar/article/british-empiricism-locke-on-ideas-hume-on-causation-and-the-limits-of-knowl-202605160219,Modern Philosophy,Art as Experience,https://archive.org/details/artasexperience0000dewe_l1f6,Art as Experience. by John Dewey. (1934). — Allen and Unwin. ISBN: 0399500251,Art as Experience. بقلم John Dewey. (1934). — Allen and Unwin. ردمك: 0399500251
"British Empiricism: Locke on Ideas, Hume on Causation, and the Limits of Knowledge",الإمبريالية البريطانية: لوك حول الأفكار، هيوم حول السببية، وحدود المعرفة.,https://smarticle.tech/en/article/british-empiricism-locke-on-ideas-hume-on-causation-and-the-limits-of-knowl-202605160219,https://smarticle.tech/ar/article/british-empiricism-locke-on-ideas-hume-on-causation-and-the-limits-of-knowl-202605160219,Modern Philosophy,Separability and concept-empiricism: hume vs. locke,https://doi.org/10.1080/09608780701605010,"Weintraub, Ruth. ""Separability and concept-empiricism: hume vs. locke"". *crossref*, 2007.","روث وينتروب. ""الفصلية والمذهب التجريبي للمفاهيم: هيوم مقابل لوك"". *كروسريف*، 2007."
"British Empiricism: Locke on Ideas, Hume on Causation, and the Limits of Knowledge",الإمبريالية البريطانية: لوك حول الأفكار، هيوم حول السببية، وحدود المعرفة.,https://smarticle.tech/en/article/british-empiricism-locke-on-ideas-hume-on-causation-and-the-limits-of-knowl-202605160219,https://smarticle.tech/ar/article/british-empiricism-locke-on-ideas-hume-on-causation-and-the-limits-of-knowl-202605160219,Modern Philosophy,"Hume on Ideas, Evidence, and Knowledge",https://doi.org/10.1093/acprof:oso/9780198716785.003.0003,"De Pierris, Graciela. ""Hume on Ideas, Evidence, and Knowledge"". *crossref*, 2015.","غراتسيلا دي بيريس. ""هيوم حول الأفكار والأدلة والمعرفة"". *كروسريف*، 2015."
"British Empiricism: Locke on Ideas, Hume on Causation, and the Limits of Knowledge",الإمبريالية البريطانية: لوك حول الأفكار، هيوم حول السببية، وحدود المعرفة.,https://smarticle.tech/en/article/british-empiricism-locke-on-ideas-hume-on-causation-and-the-limits-of-knowl-202605160219,https://smarticle.tech/ar/article/british-empiricism-locke-on-ideas-hume-on-causation-and-the-limits-of-knowl-202605160219,Modern Philosophy,Hume and Locke on Causation and Scientific Methodology,https://doi.org/10.1093/acprof:oso/9780198716785.003.0004,"De Pierris, Graciela. ""Hume and Locke on Causation and Scientific Methodology"". crossref, 2015.","غراتسيلا دي بيريس. ""هيوم ولوك حول السببية والمنهجية العلمية"". *كروسريف*، 2015."
"Existentialism: Sartre, Heidegger, and Authentic Existence",الوجودية: سارتر، هايدغر، والوجود الأصيل,https://smarticle.tech/en/article/existentialism-sartre-heidegger-and-authentic-existence-202605160227,https://smarticle.tech/ar/article/existentialism-sartre-heidegger-and-authentic-existence-202605160227,Contemporary Philosophy,Sein und Zeit,https://archive.org/details/ontimebeing0000heid_c7l5,Sein und Zeit. by Martin Heidegger. (1927). — Neomarius. ISBN: 9780710086457,Sein und Zeit. بقلم Martin Heidegger. (1927). — Neomarius. ردمك: 9780710086457
"Existentialism: Sartre, Heidegger, and Authentic Existence",الوجودية: سارتر، هايدغر، والوجود الأصيل,https://smarticle.tech/en/article/existentialism-sartre-heidegger-and-authentic-existence-202605160227,https://smarticle.tech/ar/article/existentialism-sartre-heidegger-and-authentic-existence-202605160227,Contemporary Philosophy,Jenseits von Gut und Böse,https://archive.org/details/beyondgoodevil0000niet,Jenseits von Gut und Böse. by Friedrich Nietzsche. (1885). — Allen & Unwin. ISBN: 9781981824007,Jenseits von Gut und Böse. بقلم Friedrich Nietzsche. (1885). — Allen & Unwin. ردمك: 9781981824007
"Existentialism: Sartre, Heidegger, and Authentic Existence",الوجودية: سارتر، هايدغر، والوجود الأصيل,https://smarticle.tech/en/article/existentialism-sartre-heidegger-and-authentic-existence-202605160227,https://smarticle.tech/ar/article/existentialism-sartre-heidegger-and-authentic-existence-202605160227,Contemporary Philosophy,Le Deuxième Sexe,https://archive.org/details/secondsex0000beau_f7y6,Le Deuxième Sexe. by Simone de Beauvoir. (1949). — Bantam Books. ISBN: 9781530969593,Le Deuxième Sexe. بقلم Simone de Beauvoir. (1949). — Bantam Books. ردمك: 9781530969593
"Existentialism: Sartre, Heidegger, and Authentic Existence",الوجودية: سارتر، هايدغر، والوجود الأصيل,https://smarticle.tech/en/article/existentialism-sartre-heidegger-and-authentic-existence-202605160227,https://smarticle.tech/ar/article/existentialism-sartre-heidegger-and-authentic-existence-202605160227,Contemporary Philosophy,Le mur,https://archive.org/details/bwb_P3-DGI-113,Le mur. by Jean-Paul Sartre. (1935). — Alianza. ISBN: 0828837759,Le mur. بقلم Jean-Paul Sartre. (1935). — Alianza. ردمك: 0828837759
"Existentialism: Sartre, Heidegger, and Authentic Existence",الوجودية: سارتر، هايدغر، والوجود الأصيل,https://smarticle.tech/en/article/existentialism-sartre-heidegger-and-authentic-existence-202605160227,https://smarticle.tech/ar/article/existentialism-sartre-heidegger-and-authentic-existence-202605160227,Contemporary Philosophy,La nausée,https://archive.org/details/nauseasart00sart,La nausée. by Jean-Paul Sartre. (1938). — Rodopi. ISBN: 9782070368051,La nausée. بقلم Jean-Paul Sartre. (1938). — Rodopi. ردمك: 9782070368051
"Existentialism: Sartre, Heidegger, and Authentic Existence",الوجودية: سارتر، هايدغر، والوجود الأصيل,https://smarticle.tech/en/article/existentialism-sartre-heidegger-and-authentic-existence-202605160227,https://smarticle.tech/ar/article/existentialism-sartre-heidegger-and-authentic-existence-202605160227,Contemporary Philosophy,L'être et le néant,https://archive.org/details/letreetleneant00jean,L'être et le néant. by Jean-Paul Sartre. (1943). — Gramercy Books. ISBN: 9781138301375,L'être et le néant. بقلم Jean-Paul Sartre. (1943). — Gramercy Books. ردمك: 9781138301375
"Existentialism: Sartre, Heidegger, and Authentic Existence",الوجودية: سارتر، هايدغر، والوجود الأصيل,https://smarticle.tech/en/article/existentialism-sartre-heidegger-and-authentic-existence-202605160227,https://smarticle.tech/ar/article/existentialism-sartre-heidegger-and-authentic-existence-202605160227,Contemporary Philosophy,L'Homme révolté,https://archive.org/details/rebel0000unse_n3f7,L'Homme révolté. by Albert Camus. (1951). — Izd-vo Politicheskoĭ lit-ry. ISBN: 0141914106,L'Homme révolté. بقلم Albert Camus. (1951). — Izd-vo Politicheskoĭ lit-ry. ردمك: 0141914106
"Existentialism: Sartre, Heidegger, and Authentic Existence",الوجودية: سارتر، هايدغر، والوجود الأصيل,https://smarticle.tech/en/article/existentialism-sartre-heidegger-and-authentic-existence-202605160227,https://smarticle.tech/ar/article/existentialism-sartre-heidegger-and-authentic-existence-202605160227,Contemporary Philosophy,... Trotzdem Ja zum Leben sagen,https://archive.org/details/manssearchformea0000vikt_n7m8,... Trotzdem Ja zum Leben sagen. by Viktor E. Frankl. (1946). — Verlag für Jugend und Volk. ISBN: 8171086381,... Trotzdem Ja zum Leben sagen. بقلم Viktor E. Frankl. (1946). — Verlag für Jugend und Volk. ردمك: 8171086381
"Existentialism: Sartre, Heidegger, and Authentic Existence",الوجودية: سارتر، هايدغر، والوجود الأصيل,https://smarticle.tech/en/article/existentialism-sartre-heidegger-and-authentic-existence-202605160227,https://smarticle.tech/ar/article/existentialism-sartre-heidegger-and-authentic-existence-202605160227,Contemporary Philosophy,Relations with Others and Authentic Existence,https://doi.org/10.5040/9781472547552.ch-005,"Cross, R. ""Relations with Others and Authentic Existence"". *crossref*, 2010.","كروس، ر. ""العلاقات مع الآخرين والوجود الأصيل"". *كروسرف*، 2010."
"Existentialism: Sartre, Heidegger, and Authentic Existence",الوجودية: سارتر، هايدغر، والوجود الأصيل,https://smarticle.tech/en/article/existentialism-sartre-heidegger-and-authentic-existence-202605160227,https://smarticle.tech/ar/article/existentialism-sartre-heidegger-and-authentic-existence-202605160227,Contemporary Philosophy,"Heidegger, Authenticity and the Self",https://doi.org/10.4324/9781315771861,"Taylor, C. ""Heidegger, Authenticity and the Self"". *crossref*, 2014.","تايلور، س. ""هايدغر، الأصالة والذات"". *كروسرف*، 2014."
Analytic Philosophy: Logical Analysis and the Linguistic Turn,الفلسفة التحليلية: التحليل المنطقي والتحول اللغوي.,https://smarticle.tech/en/article/analytic-philosophy-logical-analysis-and-the-linguistic-turn-202605160234,https://smarticle.tech/ar/article/analytic-philosophy-logical-analysis-and-the-linguistic-turn-202605160234,Contemporary Philosophy,Tractatus logico-philosophicus,https://archive.org/details/tractatuslogicop1971witt,"Tractatus logico-philosophicus. by Ludwig Wittgenstein, Isidoro Reguera Pérez, Ivo Hernández. (1921). — K. Paul, Trench, Trubner & co., ltd.. ISBN: 8430938095","Tractatus logico-philosophicus. بقلم Ludwig Wittgenstein، Isidoro Reguera Pérez، Ivo Hernández. (1921). — K. Paul, Trench, Trubner & co., ltd.. ردمك: 8430938095"
Analytic Philosophy: Logical Analysis and the Linguistic Turn,الفلسفة التحليلية: التحليل المنطقي والتحول اللغوي.,https://smarticle.tech/en/article/analytic-philosophy-logical-analysis-and-the-linguistic-turn-202605160234,https://smarticle.tech/ar/article/analytic-philosophy-logical-analysis-and-the-linguistic-turn-202605160234,Contemporary Philosophy,The Problems of Philosophy,https://archive.org/details/rkas.1029.problemsofphilos0000bert_u1j0,"The Problems of Philosophy. by Bertrand Russell. (1900). — Westland, Brian. ISBN: 9781985105546","The Problems of Philosophy. بقلم Bertrand Russell. (1900). — Westland, Brian. ردمك: 9781985105546"
Analytic Philosophy: Logical Analysis and the Linguistic Turn,الفلسفة التحليلية: التحليل المنطقي والتحول اللغوي.,https://smarticle.tech/en/article/analytic-philosophy-logical-analysis-and-the-linguistic-turn-202605160234,https://smarticle.tech/ar/article/analytic-philosophy-logical-analysis-and-the-linguistic-turn-202605160234,Contemporary Philosophy,Organon,https://archive.org/details/theorganon01arisuoft,Organon. by Aristotle. (1481). — Harvard University Press. ISBN: 9789630514583,Organon. بقلم Aristotle. (1481). — Harvard University Press. ردمك: 9789630514583
Analytic Philosophy: Logical Analysis and the Linguistic Turn,الفلسفة التحليلية: التحليل المنطقي والتحول اللغوي.,https://smarticle.tech/en/article/analytic-philosophy-logical-analysis-and-the-linguistic-turn-202605160234,https://smarticle.tech/ar/article/analytic-philosophy-logical-analysis-and-the-linguistic-turn-202605160234,Contemporary Philosophy,Analytic Philosophy and the Linguistic Turn,https://doi.org/10.17325/sgjp.2011.27..9,"엄정식. ""Analytic Philosophy and the Linguistic Turn"". crossref, 2011.","엄정식. ""Analytic Philosophy and the Linguistic Turn"". crossref, 2011."
Analytic Philosophy: Logical Analysis and the Linguistic Turn,الفلسفة التحليلية: التحليل المنطقي والتحول اللغوي.,https://smarticle.tech/en/article/analytic-philosophy-logical-analysis-and-the-linguistic-turn-202605160234,https://smarticle.tech/ar/article/analytic-philosophy-logical-analysis-and-the-linguistic-turn-202605160234,Contemporary Philosophy,Hermeneutic and Analytic Philosophy. Two Complementary Versions of the Linguistic Turn?,https://doi.org/10.1017/cbo9780511524110.021,"Habermas, Jürgen. ""Hermeneutic and Analytic Philosophy. Two Complementary Versions of the Linguistic Turn?"". crossref, 1999.","Habermas, Jürgen. ""Hermeneutic and Analytic Philosophy. Two Complementary Versions of the Linguistic Turn?"". crossref, 1999."
Analytic Philosophy: Logical Analysis and the Linguistic Turn,الفلسفة التحليلية: التحليل المنطقي والتحول اللغوي.,https://smarticle.tech/en/article/analytic-philosophy-logical-analysis-and-the-linguistic-turn-202605160234,https://smarticle.tech/ar/article/analytic-philosophy-logical-analysis-and-the-linguistic-turn-202605160234,Contemporary Philosophy,Hausserl and the Linguistic Turn,https://doi.org/10.1093/019513916x.003.0007,"Charles Parsons. ""Hausserl and the Linguistic Turn"". crossref, 2001.","Charles Parsons. ""Hausserl and the Linguistic Turn"". crossref, 2001."
Analytic Philosophy: Logical Analysis and the Linguistic Turn,الفلسفة التحليلية: التحليل المنطقي والتحول اللغوي.,https://smarticle.tech/en/article/analytic-philosophy-logical-analysis-and-the-linguistic-turn-202605160234,https://smarticle.tech/ar/article/analytic-philosophy-logical-analysis-and-the-linguistic-turn-202605160234,Contemporary Philosophy,The Linguistic Turn in Analytic Philosophy,https://doi.org/10.1093/oxfordhb/9780199238842.013.0030,"Hacker, Peter M. S. ""The Linguistic Turn in Analytic Philosophy"". *Oxford Handbook of Analytic Philosophy*, 2013.","Hacker, Peter M. S. ""The Linguistic Turn in Analytic Philosophy"". *Oxford Handbook of Analytic Philosophy*, 2013."
Analytic Philosophy: Logical Analysis and the Linguistic Turn,الفلسفة التحليلية: التحليل المنطقي والتحول اللغوي.,https://smarticle.tech/en/article/analytic-philosophy-logical-analysis-and-the-linguistic-turn-202605160234,https://smarticle.tech/ar/article/analytic-philosophy-logical-analysis-and-the-linguistic-turn-202605160234,Contemporary Philosophy,The Linguistic Turn and the Conceptual Turn,https://doi.org/10.1002/9780470696675.ch1,"Rorty, R. ""The Linguistic Turn and the Conceptual Turn"". *crossref*, 2007.","Rorty, R. ""The Linguistic Turn and the Conceptual Turn"". *crossref*, 2007."
Analytic Philosophy: Logical Analysis and the Linguistic Turn,الفلسفة التحليلية: التحليل المنطقي والتحول اللغوي.,https://smarticle.tech/en/article/analytic-philosophy-logical-analysis-and-the-linguistic-turn-202605160234,https://smarticle.tech/ar/article/analytic-philosophy-logical-analysis-and-the-linguistic-turn-202605160234,Contemporary Philosophy,CHAPTER 1 THE LINGUISTIC TURN,https://doi.org/10.1515/9783110320763.19,"Rorty, Richard. ""CHAPTER 1 THE LINGUISTIC TURN"". *crossref*, 2003.","Rorty, Richard. ""CHAPTER 1 THE LINGUISTIC TURN"". *crossref*, 2003."
Analytic Philosophy: Logical Analysis and the Linguistic Turn,الفلسفة التحليلية: التحليل المنطقي والتحول اللغوي.,https://smarticle.tech/en/article/analytic-philosophy-logical-analysis-and-the-linguistic-turn-202605160234,https://smarticle.tech/ar/article/analytic-philosophy-logical-analysis-and-the-linguistic-turn-202605160234,Contemporary Philosophy,The Linguistic Turn in the German Tradition of the Philosophy of Language,https://doi.org/10.7551/mitpress/4249.003.0002,"Beaney, M. ""The Linguistic Turn in the German Tradition of the Philosophy of Language"". crossref, 2002.","Beaney, M. ""The Linguistic Turn in the German Tradition of the Philosophy of Language"". crossref, 2002."
"Postmodernism: Foucault, Derrida, and the Critique of Grand Narratives",ما بعد الحداثة: فوكو، دريدا، والنقد للقصص الكبرى.,https://smarticle.tech/en/article/postmodernism-foucault-derrida-and-the-critique-of-grand-narratives-202605160241,https://smarticle.tech/ar/article/postmodernism-foucault-derrida-and-the-critique-of-grand-narratives-202605160241,Contemporary Philosophy,Se una notte d'inverno un viaggiatore,https://archive.org/details/ruguozaidongyeyi0000calv,Se una notte d'inverno un viaggiatore. by Italo Calvino. (1979). — David Campbell Publishers. ISBN: 9782020062398,Se una notte d'inverno un viaggiatore. بقلم Italo Calvino. (1979). — David Campbell Publishers. ردمك: 9782020062398
"Postmodernism: Foucault, Derrida, and the Critique of Grand Narratives",ما بعد الحداثة: فوكو، دريدا، والنقد للقصص الكبرى.,https://smarticle.tech/en/article/postmodernism-foucault-derrida-and-the-critique-of-grand-narratives-202605160241,https://smarticle.tech/ar/article/postmodernism-foucault-derrida-and-the-critique-of-grand-narratives-202605160241,Contemporary Philosophy,Mille plateaux,https://archive.org/details/thousandplateaus0000dele,"Mille plateaux. by Gilles Deleuze, Félix Guattari. (1980). — Continuum. ISBN: 9788585490652",Mille plateaux. بقلم Gilles Deleuze، Félix Guattari. (1980). — Continuum. ردمك: 9788585490652
"Postmodernism: Foucault, Derrida, and the Critique of Grand Narratives",ما بعد الحداثة: فوكو، دريدا، والنقد للقصص الكبرى.,https://smarticle.tech/en/article/postmodernism-foucault-derrida-and-the-critique-of-grand-narratives-202605160241,https://smarticle.tech/ar/article/postmodernism-foucault-derrida-and-the-critique-of-grand-narratives-202605160241,Contemporary Philosophy,Quiddities,https://archive.org/details/ApparitionPoemsThePositTrilogy_641,Quiddities. by Adam Fieled. (2009). — Tears in the Fence. ISBN: 9781609640194,Quiddities. بقلم Adam Fieled. (2009). — Tears in the Fence. ردمك: 9781609640194
"Postmodernism: Foucault, Derrida, and the Critique of Grand Narratives",ما بعد الحداثة: فوكو، دريدا، والنقد للقصص الكبرى.,https://smarticle.tech/en/article/postmodernism-foucault-derrida-and-the-critique-of-grand-narratives-202605160241,https://smarticle.tech/ar/article/postmodernism-foucault-derrida-and-the-critique-of-grand-narratives-202605160241,Contemporary Philosophy,Mario Botta,https://archive.org/details/mariobottalightg0000bott,"Mario Botta. by Mario Botta, Vittorio Fagone, Francesco Dal Co. (1979). — Birkhauser Verlag. ISBN: 9788817865227",Mario Botta. بقلم Mario Botta، Vittorio Fagone، Francesco Dal Co. (1979). — Birkhauser Verlag. ردمك: 9788817865227
"Postmodernism: Foucault, Derrida, and the Critique of Grand Narratives",ما بعد الحداثة: فوكو، دريدا، والنقد للقصص الكبرى.,https://smarticle.tech/en/article/postmodernism-foucault-derrida-and-the-critique-of-grand-narratives-202605160241,https://smarticle.tech/ar/article/postmodernism-foucault-derrida-and-the-critique-of-grand-narratives-202605160241,Contemporary Philosophy,Aldo Rossi,https://openlibrary.org/works/OL543412W,Aldo Rossi. by Aldo Rossi. (1979). — Mazzotta. ISBN: 9781878271150,Aldo Rossi. بقلم Aldo Rossi. (1979). — Mazzotta. ردمك: 9781878271150
"Postmodernism: Foucault, Derrida, and the Critique of Grand Narratives",ما بعد الحداثة: فوكو، دريدا، والنقد للقصص الكبرى.,https://smarticle.tech/en/article/postmodernism-foucault-derrida-and-the-critique-of-grand-narratives-202605160241,https://smarticle.tech/ar/article/postmodernism-foucault-derrida-and-the-critique-of-grand-narratives-202605160241,Contemporary Philosophy,"Postmodernism, or, the cultural logic of late capitalism",https://archive.org/details/postmodernismorc0000jame_v7l1,"Postmodernism, or, the cultural logic of late capitalism. by Fredric Jameson. (1990). — Jing xiao zhe Xin hua shu dian. ISBN: 9788498796520","Postmodernism, or, the cultural logic of late capitalism. بقلم Fredric Jameson. (1990). — Jing xiao zhe Xin hua shu dian. ردمك: 9788498796520"
"Postmodernism: Foucault, Derrida, and the Critique of Grand Narratives",ما بعد الحداثة: فوكو، دريدا، والنقد للقصص الكبرى.,https://smarticle.tech/en/article/postmodernism-foucault-derrida-and-the-critique-of-grand-narratives-202605160241,https://smarticle.tech/ar/article/postmodernism-foucault-derrida-and-the-critique-of-grand-narratives-202605160241,Contemporary Philosophy,The philosophical discourse of modernity,https://archive.org/details/philosophicaldis0000habe,The philosophical discourse of modernity. by Jürgen Habermas. (1987). — Polity Press. ISBN: 9780262581028,The philosophical discourse of modernity. بقلم Jürgen Habermas. (1987). — Polity Press. ردمك: 9780262581028
"Postmodernism: Foucault, Derrida, and the Critique of Grand Narratives",ما بعد الحداثة: فوكو، دريدا، والنقد للقصص الكبرى.,https://smarticle.tech/en/article/postmodernism-foucault-derrida-and-the-critique-of-grand-narratives-202605160241,https://smarticle.tech/ar/article/postmodernism-foucault-derrida-and-the-critique-of-grand-narratives-202605160241,Contemporary Philosophy,Forord,https://archive.org/details/prefaceslightrea0000kier,Forord. by Søren Kierkegaard. (1844). — Univ Pr of Florida. ISBN: 9780691048277,Forord. بقلم Søren Kierkegaard. (1844). — Univ Pr of Florida. ردمك: 9780691048277
"Postmodernism: Foucault, Derrida, and the Critique of Grand Narratives",ما بعد الحداثة: فوكو، دريدا، والنقد للقصص الكبرى.,https://smarticle.tech/en/article/postmodernism-foucault-derrida-and-the-critique-of-grand-narratives-202605160241,https://smarticle.tech/ar/article/postmodernism-foucault-derrida-and-the-critique-of-grand-narratives-202605160241,Contemporary Philosophy,La fine della modernità,https://archive.org/details/elfindelamoderni00gian,"La fine della modernità. by Gianni Vattimo. (1985). — Reclam, Ditzingen. ISBN: 0801834449","La fine della modernità. بقلم Gianni Vattimo. (1985). — Reclam, Ditzingen. ردمك: 0801834449"
"Postmodernism: Foucault, Derrida, and the Critique of Grand Narratives",ما بعد الحداثة: فوكو، دريدا، والنقد للقصص الكبرى.,https://smarticle.tech/en/article/postmodernism-foucault-derrida-and-the-critique-of-grand-narratives-202605160241,https://smarticle.tech/ar/article/postmodernism-foucault-derrida-and-the-critique-of-grand-narratives-202605160241,Contemporary Philosophy,Peter Eisenman,https://openlibrary.org/works/OL121113W,"Peter Eisenman. by Peter Eisenman, Emmanuel Petit, Mark Wigley. (1988). — A + U. ISBN: 9783775715614",Peter Eisenman. بقلم Peter Eisenman، Emmanuel Petit، Mark Wigley. (1988). — A + U. ردمك: 9783775715614
Formal and Symbolic Logic: Propositional and Predicate Calculus,المنطق الرسمي والرمزي: حساب القضايا وحساب المتغيرات.,https://smarticle.tech/en/article/formal-and-symbolic-logic-propositional-and-predicate-calculus-202605160251,https://smarticle.tech/ar/article/formal-and-symbolic-logic-propositional-and-predicate-calculus-202605160251,Logic,Beginning logic,https://archive.org/details/beginninglogic00lemm,Beginning logic. by E. J. Lemmon. (1965). — Hackett Pub. Co.. ISBN: 9780442306762,Beginning logic. بقلم E. J. Lemmon. (1965). — Hackett Pub. Co.. ردمك: 9780442306762
Formal and Symbolic Logic: Propositional and Predicate Calculus,المنطق الرسمي والرمزي: حساب القضايا وحساب المتغيرات.,https://smarticle.tech/en/article/formal-and-symbolic-logic-propositional-and-predicate-calculus-202605160251,https://smarticle.tech/ar/article/formal-and-symbolic-logic-propositional-and-predicate-calculus-202605160251,Logic,Logic: theory and practice,https://openlibrary.org/works/OL7038578W,Logic: theory and practice. by M. K. Rennie. (1973). — University of Queensland Press. ISBN: 9780702208539,Logic: theory and practice. بقلم M. K. Rennie. (1973). — University of Queensland Press. ردمك: 9780702208539
Formal and Symbolic Logic: Propositional and Predicate Calculus,المنطق الرسمي والرمزي: حساب القضايا وحساب المتغيرات.,https://smarticle.tech/en/article/formal-and-symbolic-logic-propositional-and-predicate-calculus-202605160251,https://smarticle.tech/ar/article/formal-and-symbolic-logic-propositional-and-predicate-calculus-202605160251,Logic,A Teaching Companion to Lemmon's Beginning Logic,https://archive.org/details/teachingcompanio0000schu,A Teaching Companion to Lemmon's Beginning Logic. by George F. Schumm. (1979). — Hackett Publishing Company. ISBN: 0915144654,A Teaching Companion to Lemmon's Beginning Logic. بقلم George F. Schumm. (1979). — Hackett Publishing Company. ردمك: 0915144654
Formal and Symbolic Logic: Propositional and Predicate Calculus,المنطق الرسمي والرمزي: حساب القضايا وحساب المتغيرات.,https://smarticle.tech/en/article/formal-and-symbolic-logic-propositional-and-predicate-calculus-202605160251,https://smarticle.tech/ar/article/formal-and-symbolic-logic-propositional-and-predicate-calculus-202605160251,Logic,Mathematical logic,https://archive.org/details/mathematicallogi00cori_149,"Mathematical logic. by René Cori, Rene Cori, Daniel Lascar. (2000). — Oxford University Press. ISBN: 9780198500490",Mathematical logic. بقلم René Cori، Rene Cori، Daniel Lascar. (2000). — Oxford University Press. ردمك: 9780198500490
Formal and Symbolic Logic: Propositional and Predicate Calculus,المنطق الرسمي والرمزي: حساب القضايا وحساب المتغيرات.,https://smarticle.tech/en/article/formal-and-symbolic-logic-propositional-and-predicate-calculus-202605160251,https://smarticle.tech/ar/article/formal-and-symbolic-logic-propositional-and-predicate-calculus-202605160251,Logic,Propositional and Predicate Calculus,https://openlibrary.org/works/OL9037187W,Propositional and Predicate Calculus. by Derek Goldrei. (2005). — Springer. ISBN: 1846282292,Propositional and Predicate Calculus. بقلم Derek Goldrei. (2005). — Springer. ردمك: 1846282292
Formal and Symbolic Logic: Propositional and Predicate Calculus,المنطق الرسمي والرمزي: حساب القضايا وحساب المتغيرات.,https://smarticle.tech/en/article/formal-and-symbolic-logic-propositional-and-predicate-calculus-202605160251,https://smarticle.tech/ar/article/formal-and-symbolic-logic-propositional-and-predicate-calculus-202605160251,Logic,Mathematical Logic - A Course with Exercises Pt. 1,https://openlibrary.org/works/OL29383894W,"Mathematical Logic - A Course with Exercises Pt. 1. by Rene Cori, D. Lascar, Donald H. Pelletier. (2001). — Oxford University Press. ISBN: 1280819669",Mathematical Logic - A Course with Exercises Pt. 1. بقلم Rene Cori، D. Lascar، Donald H. Pelletier. (2001). — Oxford University Press. ردمك: 1280819669
Formal and Symbolic Logic: Propositional and Predicate Calculus,المنطق الرسمي والرمزي: حساب القضايا وحساب المتغيرات.,https://smarticle.tech/en/article/formal-and-symbolic-logic-propositional-and-predicate-calculus-202605160251,https://smarticle.tech/ar/article/formal-and-symbolic-logic-propositional-and-predicate-calculus-202605160251,Logic,Lógica para computación,https://openlibrary.org/works/OL4708878W,Lógica para computación. by Francisco S. Naishtat. (1986). — Editorial Universitaria de Buenos Aires,Lógica para computación. بقلم Francisco S. Naishtat. (1986). — Editorial Universitaria de Buenos Aires
Formal and Symbolic Logic: Propositional and Predicate Calculus,المنطق الرسمي والرمزي: حساب القضايا وحساب المتغيرات.,https://smarticle.tech/en/article/formal-and-symbolic-logic-propositional-and-predicate-calculus-202605160251,https://smarticle.tech/ar/article/formal-and-symbolic-logic-propositional-and-predicate-calculus-202605160251,Logic,Propositional and Predicate Calculus A Model of Argument,https://doi.org/10.1007/1-84628-229-2,"Hurley, P. ""Propositional and Predicate Calculus: A Model of Argument"". Springer, 2005.","هورلي، ب. ""حساب القضايا وحساب المحمولات: نموذج للحجاج"". سبرنغر، 2005."
Formal and Symbolic Logic: Propositional and Predicate Calculus,المنطق الرسمي والرمزي: حساب القضايا وحساب المتغيرات.,https://smarticle.tech/en/article/formal-and-symbolic-logic-propositional-and-predicate-calculus-202605160251,https://smarticle.tech/ar/article/formal-and-symbolic-logic-propositional-and-predicate-calculus-202605160251,Logic,Chapter 1 Propositional Calculus,https://doi.org/10.1016/s0049-237x(08)71718-x,"Chapter 1 Propositional Calculus. ""Chapter 1 Propositional Calculus"". crossref, 1967.","الفصل الأول: حساب القضايا. ""الفصل الأول: حساب القضايا"". كروسرف، 1967."
Formal and Symbolic Logic: Propositional and Predicate Calculus,المنطق الرسمي والرمزي: حساب القضايا وحساب المتغيرات.,https://smarticle.tech/en/article/formal-and-symbolic-logic-propositional-and-predicate-calculus-202605160251,https://smarticle.tech/ar/article/formal-and-symbolic-logic-propositional-and-predicate-calculus-202605160251,Logic,Propositional Calculus,https://doi.org/10.1201/9781315274744-2,"Propositional Calculus. ""Propositional Calculus"". crossref, 1988.","حساب القضايا. ""حساب القضايا"". كروسرف، 1988."
"Inductive Reasoning, Probability, and the Problem of Induction",الاستدلال الاستقرائي، الاحتمال، ومشكلة الاستقراء.,https://smarticle.tech/en/article/inductive-reasoning-probability-and-the-problem-of-induction-202605160259,https://smarticle.tech/ar/article/inductive-reasoning-probability-and-the-problem-of-induction-202605160259,Logic,The nature and application of inductive logic,https://openlibrary.org/works/OL1176450W,The nature and application of inductive logic. by Rudolf Carnap. (1951). — University of Chicago Press,The nature and application of inductive logic. بقلم Rudolf Carnap. (1951). — University of Chicago Press
"Inductive Reasoning, Probability, and the Problem of Induction",الاستدلال الاستقرائي، الاحتمال، ومشكلة الاستقراء.,https://smarticle.tech/en/article/inductive-reasoning-probability-and-the-problem-of-induction-202605160259,https://smarticle.tech/ar/article/inductive-reasoning-probability-and-the-problem-of-induction-202605160259,Logic,Nomic probability and the foundations of induction,https://archive.org/details/nomicprobability00poll,"Nomic probability and the foundations of induction. by John L. Pollock. (1990). — Oxford University Press, Incorporated. ISBN: 0195345215","Nomic probability and the foundations of induction. بقلم John L. Pollock. (1990). — Oxford University Press, Incorporated. ردمك: 0195345215"
"Inductive Reasoning, Probability, and the Problem of Induction",الاستدلال الاستقرائي، الاحتمال، ومشكلة الاستقراء.,https://smarticle.tech/en/article/inductive-reasoning-probability-and-the-problem-of-induction-202605160259,https://smarticle.tech/ar/article/inductive-reasoning-probability-and-the-problem-of-induction-202605160259,Logic,Thinking about acting,https://archive.org/details/thinkingaboutact0000poll,Thinking about acting. by John J. Pollock. (2006). — Oxford University Press. ISBN: 9780195304817,Thinking about acting. بقلم John J. Pollock. (2006). — Oxford University Press. ردمك: 9780195304817
"Inductive Reasoning, Probability, and the Problem of Induction",الاستدلال الاستقرائي، الاحتمال، ومشكلة الاستقراء.,https://smarticle.tech/en/article/inductive-reasoning-probability-and-the-problem-of-induction-202605160259,https://smarticle.tech/ar/article/inductive-reasoning-probability-and-the-problem-of-induction-202605160259,Logic,Foundations and Applications of Inductive Probability,https://openlibrary.org/works/OL9634376W,Foundations and Applications of Inductive Probability. by R. D. Rosenkrantz. (1981). — Ridgeview Publishing Company. ISBN: 0917930037,Foundations and Applications of Inductive Probability. بقلم R. D. Rosenkrantz. (1981). — Ridgeview Publishing Company. ردمك: 0917930037
"Inductive Reasoning, Probability, and the Problem of Induction",الاستدلال الاستقرائي، الاحتمال، ومشكلة الاستقراء.,https://smarticle.tech/en/article/inductive-reasoning-probability-and-the-problem-of-induction-202605160259,https://smarticle.tech/ar/article/inductive-reasoning-probability-and-the-problem-of-induction-202605160259,Logic,An Introduction to Probability and Inductive Logic Desk Examination Edition,https://archive.org/details/introductiontopr0000ianh,An Introduction to Probability and Inductive Logic Desk Examination Edition. by Ian Hacking. (2001). — Cambridge University Press. ISBN: 0521005345,An Introduction to Probability and Inductive Logic Desk Examination Edition. بقلم Ian Hacking. (2001). — Cambridge University Press. ردمك: 0521005345
"Inductive Reasoning, Probability, and the Problem of Induction",الاستدلال الاستقرائي، الاحتمال، ومشكلة الاستقراء.,https://smarticle.tech/en/article/inductive-reasoning-probability-and-the-problem-of-induction-202605160259,https://smarticle.tech/ar/article/inductive-reasoning-probability-and-the-problem-of-induction-202605160259,Logic,P300 and positive slow waves reveal the plausibility in inductive reasoning.,https://doi.org/10.1111/psyp.13337,"Lei, Y., Wang, J., Zhu, Y., Chen, Q., Li, H. ""P300 and positive slow waves reveal the plausibility in inductive reasoning"". Psychophysiology, 2019.","لي، ي.، وانغ، ج.، زهو، ي.، تشين، كيو.، لي، ه. ""الكشف عن معقولية الاستدلال الاستقرائي من خلال موجات P300 والموجات البطيئة الإيجابية"". *علم النفس الفسيولوجي*، 2019."
"Inductive Reasoning, Probability, and the Problem of Induction",الاستدلال الاستقرائي، الاحتمال، ومشكلة الاستقراء.,https://smarticle.tech/en/article/inductive-reasoning-probability-and-the-problem-of-induction-202605160259,https://smarticle.tech/ar/article/inductive-reasoning-probability-and-the-problem-of-induction-202605160259,Logic,A Survey of Inductive Reasoning for Large Language Models,https://arxiv.org/abs/2510.10182,"Chen, Kedi et al. ""A Survey of Inductive Reasoning for Large Language Models"". semantic_scholar_foundational, 2025.","تشين، كيدي وآخرون. ""مسح للاستدلال الاستقرائي للنماذج اللغوية الكبيرة"". *semantic_scholar_foundational*، 2025."
"Inductive Reasoning, Probability, and the Problem of Induction",الاستدلال الاستقرائي، الاحتمال، ومشكلة الاستقراء.,https://smarticle.tech/en/article/inductive-reasoning-probability-and-the-problem-of-induction-202605160259,https://smarticle.tech/ar/article/inductive-reasoning-probability-and-the-problem-of-induction-202605160259,Logic,A bayesian model of individual differences and flexibility in inductive reasoning for categorization of examples,https://doi.org/10.1145/3375462.3375512,"Louis Faucon, Jennifer K. Olsen, P. Dillenbourg. ""A bayesian model of individual differences and flexibility in inductive reasoning for categorization of examples"". semantic_scholar_foundational, 2020.","لويس فوكوون، جنيفر ك. أولسن، ب. ديلنبورغ. ""نموذج بيزي للفروق الفردية والمرونة في الاستدلال الاستقرائي لتصنيف الأمثلة"". *semantic_scholar_foundational*، 2020."
"Inductive Reasoning, Probability, and the Problem of Induction",الاستدلال الاستقرائي، الاحتمال، ومشكلة الاستقراء.,https://smarticle.tech/en/article/inductive-reasoning-probability-and-the-problem-of-induction-202605160259,https://smarticle.tech/ar/article/inductive-reasoning-probability-and-the-problem-of-induction-202605160259,Logic,A survey of Bayesian Network structure learning,https://arxiv.org/abs/2109.11415,"Kitson N. K., Constantinou A., Guo Z., Liu Y., Chobtham K. ""A survey of Bayesian Network structure learning"". semantic_scholar_foundational, 2021.","كيتسون ن. ك.، قسطنطينو أ.، غوو ز.، ليو ي.، تشوبثام ك. ""مسح لتعلم بنية شبكات بيز"". *semantic_scholar_foundational*، 2021."
"Inductive Reasoning, Probability, and the Problem of Induction",الاستدلال الاستقرائي، الاحتمال، ومشكلة الاستقراء.,https://smarticle.tech/en/article/inductive-reasoning-probability-and-the-problem-of-induction-202605160259,https://smarticle.tech/ar/article/inductive-reasoning-probability-and-the-problem-of-induction-202605160259,Logic,Empowering LLMs with Logical Reasoning: A Comprehensive Survey,https://arxiv.org/abs/2502.15652,"Fengxiang Cheng, Haoxuan Li, Fenrong Liu, R. Rooij, Kun Zhang, Zhouchen Lin. ""Empowering LLMs with Logical Reasoning: A Comprehensive Survey"". semantic_scholar_foundational, 2024.","فينغشيانغ تشينغ، هاوكسوان لي، فنرونغ ليو، ر. رووي، كون زانغ، زهو تشن لين. ""تمكين النماذج اللغوية الكبيرة بالمنطق الاستنتاجي: مسح شامل"". *semantic_scholar_foundational*، 2024."
"Modal and Temporal Logic: Necessity, Possibility, and Worlds",المنطق الشرطي والزماني: الضرورة، الاحتمال، والعوالم.,https://smarticle.tech/en/article/modal-and-temporal-logic-necessity-possibility-and-worlds-202605160311,https://smarticle.tech/ar/article/modal-and-temporal-logic-necessity-possibility-and-worlds-202605160311,Logic,Modality and the English modals,https://archive.org/details/modalityenglishm0000palm_q0z1,Modality and the English modals. by F. R. Palmer. (1979). — Routledge. ISBN: 9780582034860,Modality and the English modals. بقلم F. R. Palmer. (1979). — Routledge. ردمك: 9780582034860
"Modal and Temporal Logic: Necessity, Possibility, and Worlds",المنطق الشرطي والزماني: الضرورة، الاحتمال، والعوالم.,https://smarticle.tech/en/article/modal-and-temporal-logic-necessity-possibility-and-worlds-202605160311,https://smarticle.tech/ar/article/modal-and-temporal-logic-necessity-possibility-and-worlds-202605160311,Logic,Meaning and necessity,https://archive.org/details/meaningnecessity00carn,Meaning and necessity. by Rudolf Carnap. (1947). — University Press. ISBN: 9780226093468,Meaning and necessity. بقلم Rudolf Carnap. (1947). — University Press. ردمك: 9780226093468
"Modal and Temporal Logic: Necessity, Possibility, and Worlds",المنطق الشرطي والزماني: الضرورة، الاحتمال، والعوالم.,https://smarticle.tech/en/article/modal-and-temporal-logic-necessity-possibility-and-worlds-202605160311,https://smarticle.tech/ar/article/modal-and-temporal-logic-necessity-possibility-and-worlds-202605160311,Logic,An introduction to modal logic,https://archive.org/details/introductiontomo0000hugh_z5w7,An introduction to modal logic. by G. E. Hughes. (1968). — Methuen. ISBN: 9780416294705,An introduction to modal logic. بقلم G. E. Hughes. (1968). — Methuen. ردمك: 9780416294705
"Modal and Temporal Logic: Necessity, Possibility, and Worlds",المنطق الشرطي والزماني: الضرورة، الاحتمال، والعوالم.,https://smarticle.tech/en/article/modal-and-temporal-logic-necessity-possibility-and-worlds-202605160311,https://smarticle.tech/ar/article/modal-and-temporal-logic-necessity-possibility-and-worlds-202605160311,Logic,Possible worlds,https://archive.org/details/possibleworlds00girl_967,Possible worlds. by Rod Girle. (2003). — Acumen. ISBN: 9780773526686,Possible worlds. بقلم Rod Girle. (2003). — Acumen. ردمك: 9780773526686
"Modal and Temporal Logic: Necessity, Possibility, and Worlds",المنطق الشرطي والزماني: الضرورة، الاحتمال، والعوالم.,https://smarticle.tech/en/article/modal-and-temporal-logic-necessity-possibility-and-worlds-202605160311,https://smarticle.tech/ar/article/modal-and-temporal-logic-necessity-possibility-and-worlds-202605160311,Logic,Modal logics and philosophy,https://archive.org/details/modallogicsphilo00girl,Modal logics and philosophy. by Rod Girle. (2000). — McGill-Queen's University Press. ISBN: 1844652084,Modal logics and philosophy. بقلم Rod Girle. (2000). — McGill-Queen's University Press. ردمك: 1844652084
"Modal and Temporal Logic: Necessity, Possibility, and Worlds",المنطق الشرطي والزماني: الضرورة، الاحتمال، والعوالم.,https://smarticle.tech/en/article/modal-and-temporal-logic-necessity-possibility-and-worlds-202605160311,https://smarticle.tech/ar/article/modal-and-temporal-logic-necessity-possibility-and-worlds-202605160311,Logic,Modality,https://archive.org/details/modality0000meli,Modality. by Joseph Melia. (2003). — Taylor & Francis Group. ISBN: 184465334X,Modality. بقلم Joseph Melia. (2003). — Taylor & Francis Group. ردمك: 184465334X
"Modal and Temporal Logic: Necessity, Possibility, and Worlds",المنطق الشرطي والزماني: الضرورة، الاحتمال، والعوالم.,https://smarticle.tech/en/article/modal-and-temporal-logic-necessity-possibility-and-worlds-202605160311,https://smarticle.tech/ar/article/modal-and-temporal-logic-necessity-possibility-and-worlds-202605160311,Logic,"Mathematics, Models, and Modality",https://archive.org/details/mathematicsmodel00burg,"Mathematics, Models, and Modality. by John P. Burgess. (2008). — Cambridge University Press. ISBN: 0511487347","Mathematics, Models, and Modality. بقلم John P. Burgess. (2008). — Cambridge University Press. ردمك: 0511487347"
"Modal and Temporal Logic: Necessity, Possibility, and Worlds",المنطق الشرطي والزماني: الضرورة، الاحتمال، والعوالم.,https://smarticle.tech/en/article/modal-and-temporal-logic-necessity-possibility-and-worlds-202605160311,https://smarticle.tech/ar/article/modal-and-temporal-logic-necessity-possibility-and-worlds-202605160311,Logic,Deductive logic,https://archive.org/details/deductivelogicin00clar,Deductive logic. by D. S. Clarke. (1973). — Southern Illinois University Press. ISBN: 9780809306572,Deductive logic. بقلم D. S. Clarke. (1973). — Southern Illinois University Press. ردمك: 9780809306572
"Modal and Temporal Logic: Necessity, Possibility, and Worlds",المنطق الشرطي والزماني: الضرورة، الاحتمال، والعوالم.,https://smarticle.tech/en/article/modal-and-temporal-logic-necessity-possibility-and-worlds-202605160311,https://smarticle.tech/ar/article/modal-and-temporal-logic-necessity-possibility-and-worlds-202605160311,Logic,Introducing Multimodality,https://openlibrary.org/works/OL20249816W,"Introducing Multimodality. by Carey Jewitt, Jeff Bezemer, Kay O'Halloran. (2016). — Taylor & Francis Group. ISBN: 9780415639262",Introducing Multimodality. بقلم Carey Jewitt، Jeff Bezemer، Kay O'Halloran. (2016). — Taylor & Francis Group. ردمك: 9780415639262
"Modal and Temporal Logic: Necessity, Possibility, and Worlds",المنطق الشرطي والزماني: الضرورة، الاحتمال، والعوالم.,https://smarticle.tech/en/article/modal-and-temporal-logic-necessity-possibility-and-worlds-202605160311,https://smarticle.tech/ar/article/modal-and-temporal-logic-necessity-possibility-and-worlds-202605160311,Logic,"Multimodality, cognition, and experimental literature",https://openlibrary.org/works/OL15933828W,"Multimodality, cognition, and experimental literature. by Alison Gibbons. (2011). — Routledge. ISBN: 1136632182","Multimodality, cognition, and experimental literature. بقلم Alison Gibbons. (2011). — Routledge. ردمك: 1136632182"
THE ATTITUDE TO HUMOR AS A PEDAGOGICAL TOOL IN THE PERIOD OF ANTIQUITY,الموقف من الفكاهة كأداة تربوية في فترة العصور القديمة.,https://smarticle.tech/en/article/the-attitude-to-humor-as-a-pedagogical-tool-in-the-period-of-antiquity-202605241130,https://smarticle.tech/ar/article/the-attitude-to-humor-as-a-pedagogical-tool-in-the-period-of-antiquity-202605241130,Ancient Philosophy,THE ATTITUDE TO HUMOR AS A PEDAGOGICAL TOOL IN THE PERIOD OF ANTIQUITY,https://doi.org/10.12731/2658-4034-2024-15-3-517,"THE ATTITUDE TO HUMOR AS A PEDAGOGICAL TOOL IN THE PERIOD OF ANTIQUITY. ""THE ATTITUDE TO HUMOR AS A PEDAGOGICAL TOOL IN THE PERIOD OF ANTIQUITY"". doaj, 2024.","الموقف من الفكاهة كأداة تربوية في عصر العصور القديمة. ""الموقف من الفكاهة كأداة تربوية في عصر العصور القديمة"". دواج، 2024."
THE ATTITUDE TO HUMOR AS A PEDAGOGICAL TOOL IN THE PERIOD OF ANTIQUITY,الموقف من الفكاهة كأداة تربوية في فترة العصور القديمة.,https://smarticle.tech/en/article/the-attitude-to-humor-as-a-pedagogical-tool-in-the-period-of-antiquity-202605241130,https://smarticle.tech/ar/article/the-attitude-to-humor-as-a-pedagogical-tool-in-the-period-of-antiquity-202605241130,Ancient Philosophy,Ridiculed death and the dead: Black humor on the epitaphs and epigrams of the ancient Greece,https://doi.org/10.2298/GEI0701193S,"Ridiculed death and the dead: Black humor on the epitaphs and epigrams of the ancient Greece"".",الاستهزاء بالموت والموتى: الفكاهة السوداء في النقوش الجنائزية والأقوال القصيرة لليونان القديمة.
THE ATTITUDE TO HUMOR AS A PEDAGOGICAL TOOL IN THE PERIOD OF ANTIQUITY,الموقف من الفكاهة كأداة تربوية في فترة العصور القديمة.,https://smarticle.tech/en/article/the-attitude-to-humor-as-a-pedagogical-tool-in-the-period-of-antiquity-202605241130,https://smarticle.tech/ar/article/the-attitude-to-humor-as-a-pedagogical-tool-in-the-period-of-antiquity-202605241130,Ancient Philosophy,Socratic Humor in the Hellenistic Period,https://doi.org/10.1525/california/9780520291034.003.0006,"Socratic Humor in the Hellenistic Period. *Classical Antiquity*, n.d.",الفكاهة السقراطية في العصر الهلنستي. *العصور الكلاسيكية القديمة*، د.ت.
THE ATTITUDE TO HUMOR AS A PEDAGOGICAL TOOL IN THE PERIOD OF ANTIQUITY,الموقف من الفكاهة كأداة تربوية في فترة العصور القديمة.,https://smarticle.tech/en/article/the-attitude-to-humor-as-a-pedagogical-tool-in-the-period-of-antiquity-202605241130,https://smarticle.tech/ar/article/the-attitude-to-humor-as-a-pedagogical-tool-in-the-period-of-antiquity-202605241130,Ancient Philosophy,Ridentem dicere uerum: Etymology and Humor in Varro and Plutarch,https://doi.org/10.1515/9783111572796-014,Ridentem dicere uerum: Etymology and Humor in Varro and Plutarch.,"""رِيدِنتِمْ دِيسِيرِه وِيرُوم"": علم أصول الكلمات والفكاهة عند فارو وبلوتارخ."
THE ATTITUDE TO HUMOR AS A PEDAGOGICAL TOOL IN THE PERIOD OF ANTIQUITY,الموقف من الفكاهة كأداة تربوية في فترة العصور القديمة.,https://smarticle.tech/en/article/the-attitude-to-humor-as-a-pedagogical-tool-in-the-period-of-antiquity-202605241130,https://smarticle.tech/ar/article/the-attitude-to-humor-as-a-pedagogical-tool-in-the-period-of-antiquity-202605241130,Ancient Philosophy,What Makes Us Laugh: Humor Theory and Research from Plato and Aristotle to Sigmund Freud,https://doi.org/10.5040/9798216003335.ch-002,"What Makes Us Laugh: Humor Theory and Research from Plato and Aristotle to Sigmund Freud"".",ما الذي يجعلنا نضحك: نظرية الفكاهة وأبحاثها من أفلاطون وأرسطو إلى سيغموند فرويد.
"Filosofia, etica e tecnologie alimentari: questioni etiche e teoretiche",الفلسفة، الأخلاق والتقنيات الغذائية: القضايا الأخلاقية والنظرية.,https://smarticle.tech/en/article/filosofia-etica-e-tecnologie-alimentari-questioni-etiche-e-teoretiche-202605241143,https://smarticle.tech/ar/article/filosofia-etica-e-tecnologie-alimentari-questioni-etiche-e-teoretiche-202605241143,Ancient Philosophy,"Filosofia, etica e tecnologie alimentari: questioni etiche e teoretiche",https://www.scienzaefilosofia.com/wp-content/uploads/2024/07/1_DOSSIER_Editoriale.pdf,"Filosofia, etica e tecnologie alimentari: questioni etiche e teoretiche. doaj, 2024.","Filosofia, etica e tecnologie alimentari: questioni etiche e teoretiche. doaj, 2024."
"Filosofia, etica e tecnologie alimentari: questioni etiche e teoretiche",الفلسفة، الأخلاق والتقنيات الغذائية: القضايا الأخلاقية والنظرية.,https://smarticle.tech/en/article/filosofia-etica-e-tecnologie-alimentari-questioni-etiche-e-teoretiche-202605241143,https://smarticle.tech/ar/article/filosofia-etica-e-tecnologie-alimentari-questioni-etiche-e-teoretiche-202605241143,Ancient Philosophy,Modi di vedere,https://doi.org/10.13125/rhesis/6077,"Modi di vedere"".","Modi di vedere""."
"Filosofia, etica e tecnologie alimentari: questioni etiche e teoretiche",الفلسفة، الأخلاق والتقنيات الغذائية: القضايا الأخلاقية والنظرية.,https://smarticle.tech/en/article/filosofia-etica-e-tecnologie-alimentari-questioni-etiche-e-teoretiche-202605241143,https://smarticle.tech/ar/article/filosofia-etica-e-tecnologie-alimentari-questioni-etiche-e-teoretiche-202605241143,Ancient Philosophy,“And Þerfore Seythe Seneca”: ricezione delle Epistulae Morales ad Lucilium nei sermoni in medio inglese,https://doi.org/10.14672/fg.2860,“And Þerfore Seythe Seneca”.,“And Þerfore Seythe Seneca”.
"Filosofia, etica e tecnologie alimentari: questioni etiche e teoretiche",الفلسفة، الأخلاق والتقنيات الغذائية: القضايا الأخلاقية والنظرية.,https://smarticle.tech/en/article/filosofia-etica-e-tecnologie-alimentari-questioni-etiche-e-teoretiche-202605241143,https://smarticle.tech/ar/article/filosofia-etica-e-tecnologie-alimentari-questioni-etiche-e-teoretiche-202605241143,Ancient Philosophy,Breve storia romanzata della filosofia della tecnologia,https://doi.org/10.4000/164lb,"Breve storia romanzata della filosofia della tecnologia"".","Breve storia romanzata della filosofia della tecnologia""."
"Filosofia, etica e tecnologie alimentari: questioni etiche e teoretiche",الفلسفة، الأخلاق والتقنيات الغذائية: القضايا الأخلاقية والنظرية.,https://smarticle.tech/en/article/filosofia-etica-e-tecnologie-alimentari-questioni-etiche-e-teoretiche-202605241143,https://smarticle.tech/ar/article/filosofia-etica-e-tecnologie-alimentari-questioni-etiche-e-teoretiche-202605241143,Ancient Philosophy,Variazioni ed identità: la genetica tra determinismo e libertà,https://core.ac.uk/download/11918759.pdf,"Variazioni ed identità: la genetica tra determinismo e libertà"".","Variazioni ed identità: la genetica tra determinismo e libertà""."
Selhání základem morálních teorií?: k dialektické metaetice Michaela Steinmanna,الفشل أساساً للنظريات الأخلاقية؟: نحو الميتافيزيقا الجدلية ما بعد الأخلاق لميخائيل شتاينمان,https://smarticle.tech/en/article/selhani-zakladem-moralnich-teorii-k-dialekticke-metaetice-michaela-steinman-202605241156,https://smarticle.tech/ar/article/selhani-zakladem-moralnich-teorii-k-dialekticke-metaetice-michaela-steinman-202605241156,Contemporary Philosophy,Selhání základem morálních teorií?: k dialektické metaetice Michaela Steinmanna,https://doi.org/10.46854/fc.2024.3r.499,"""Selhání základem morálních teorií?: k dialektické metaetice Michaela Steinmanna"". doaj, 2024.","""أعجزتِ الأخلاقُ عن أن تكونَ أساساً للنظرياتِ الأخلاقيةِ؟: في الديالكتيكِ الميتا-أخلاقيِّ لمايكل شتاينمان"". دواج، 2024."
Selhání základem morálních teorií?: k dialektické metaetice Michaela Steinmanna,الفشل أساساً للنظريات الأخلاقية؟: نحو الميتافيزيقا الجدلية ما بعد الأخلاق لميخائيل شتاينمان,https://smarticle.tech/en/article/selhani-zakladem-moralnich-teorii-k-dialekticke-metaetice-michaela-steinman-202605241156,https://smarticle.tech/ar/article/selhani-zakladem-moralnich-teorii-k-dialekticke-metaetice-michaela-steinman-202605241156,Contemporary Philosophy,Atletické soutěžení jako sokratovská filosofie Athletic competition as Socratic philosophy,http://www.gymnica.upol.cz/index.php/gymnica/article/view/79,"Atletické soutěžení jako sokratovská filosofie. ""Athletic competition as Socratic philosophy"".","المنافسةُ الرياضيةُ بوصفها فلسفةً سقراطيةً. ""Athletic competition as Socratic philosophy""."
Selhání základem morálních teorií?: k dialektické metaetice Michaela Steinmanna,الفشل أساساً للنظريات الأخلاقية؟: نحو الميتافيزيقا الجدلية ما بعد الأخلاق لميخائيل شتاينمان,https://smarticle.tech/en/article/selhani-zakladem-moralnich-teorii-k-dialekticke-metaetice-michaela-steinman-202605241156,https://smarticle.tech/ar/article/selhani-zakladem-moralnich-teorii-k-dialekticke-metaetice-michaela-steinman-202605241156,Contemporary Philosophy,Research Publication,https://doi.org/10.3860/kk.v0i10.468,"Poems. ""Poems"". , .","قصائد. ""Poems"". [بدون معلومات إضافية]."
Selhání základem morálních teorií?: k dialektické metaetice Michaela Steinmanna,الفشل أساساً للنظريات الأخلاقية؟: نحو الميتافيزيقا الجدلية ما بعد الأخلاق لميخائيل شتاينمان,https://smarticle.tech/en/article/selhani-zakladem-moralnich-teorii-k-dialekticke-metaetice-michaela-steinman-202605241156,https://smarticle.tech/ar/article/selhani-zakladem-moralnich-teorii-k-dialekticke-metaetice-michaela-steinman-202605241156,Contemporary Philosophy,Bernard Williams: Removal of Slave Morality,https://core.ac.uk/download/401843518.pdf,"Bernard Williams: Removal of Slave Morality"".","برنارد ويليامز: إزالةِ الأخلاقِ العبوديةِ""."
Selhání základem morálních teorií?: k dialektické metaetice Michaela Steinmanna,الفشل أساساً للنظريات الأخلاقية؟: نحو الميتافيزيقا الجدلية ما بعد الأخلاق لميخائيل شتاينمان,https://smarticle.tech/en/article/selhani-zakladem-moralnich-teorii-k-dialekticke-metaetice-michaela-steinman-202605241156,https://smarticle.tech/ar/article/selhani-zakladem-moralnich-teorii-k-dialekticke-metaetice-michaela-steinman-202605241156,Contemporary Philosophy,SILAC-based proteomic profiling of the human MDA-MB-231 metastatic breast cancer cell line in response to the two antitumoral lactoferrin isoforms: th,https://doi.org/10.1371/journal.pone.0104563,"SILAC-based proteomic profiling of the human MDA-MB-231 metastatic breast cancer cell line in response to the two antitumoral lactoferrin isoforms: the secreted lactoferrin and the intracellular delta-lactoferrin. PLoS ONE, 2014.","التوصيفُ البروتوميكيُّ القائمُ على تقنيةِ SILAC للخطِّ الخلويِّ MDA-MB-231 لسرطانِ الثديِ المنتشرِ البشريِّ استجابةً للنمطينِ المتضادّينِ من اللاكتوفيرينِ المضادّينِ للورمِ: اللاكتوفيرينِ الإفرازيِّ واللاكتوفيرينِ intracellular delta-اللاكتوفيرينِ"". بلوس وان، 2014."
Examining Greco’s Solution to ‘The Garbage Problem’ in,فحص حل غريكو لمشكلة ‘النفايات’ في,https://smarticle.tech/en/article/examining-grecos-solution-to-the-garbage-problem-in-202605251543,https://smarticle.tech/ar/article/examining-grecos-solution-to-the-garbage-problem-in-202605251543,Ancient Philosophy,"Examining Greco’s Solution to ‘The Garbage Problem’ in
the Epistemology of Testimony",https://doi.org/10.22091/jptr.2024.10010.2958,"Examining Greco’s Solution to ‘The Garbage Problem’ in the Epistemology of Testimony. doaj, 2024.","فحص حل غريكو لمشكلة ""النفايات"" في إبستمولوجيا الشهادة. دواج، 2024."
"Prudence, Rules, and Regulative Epistemology",التروي، القواعد، والنظرية المعرفة التنظيمية,https://smarticle.tech/en/article/prudence-rules-and-regulative-epistemology-202605251550,https://smarticle.tech/ar/article/prudence-rules-and-regulative-epistemology-202605251550,Ethics,"Prudence, Rules, and Regulative Epistemology",https://doi.org/10.3390/philosophies8050091,"Philosophies. ""Prudence, Rules, and Regulative Epistemology"". Philosophies, 2023.","الفلسفات. ""الحكمة، القواعد، والإبستمولوجيا التنظيمية"". *فلسفات*، 2023."
"Prudence, Rules, and Regulative Epistemology",التروي، القواعد، والنظرية المعرفة التنظيمية,https://smarticle.tech/en/article/prudence-rules-and-regulative-epistemology-202605251550,https://smarticle.tech/ar/article/prudence-rules-and-regulative-epistemology-202605251550,Ethics,Regulative Epistemology in the Seventeenth Century,https://doi.org/10.1093/oso/9780190847289.003.0002,"Regulative Epistemology in the Seventeenth Century"".",الإبستمولوجيا التنظيمية في القرن السابع عشر.
"Prudence, Rules, and Regulative Epistemology",التروي، القواعد، والنظرية المعرفة التنظيمية,https://smarticle.tech/en/article/prudence-rules-and-regulative-epistemology-202605251550,https://smarticle.tech/ar/article/prudence-rules-and-regulative-epistemology-202605251550,Ethics,Prudential Rules,https://doi.org/10.1017/cbo9780511498787.003,"Prudential Rules"". *The Cambridge Economic History of the United States*, n.d.","""القواعد الحكيمة"". *التاريخ الاقتصادي الكامبريدجي للولايات المتحدة*، د.ت."
"Prudence, Rules, and Regulative Epistemology",التروي، القواعد، والنظرية المعرفة التنظيمية,https://smarticle.tech/en/article/prudence-rules-and-regulative-epistemology-202605251550,https://smarticle.tech/ar/article/prudence-rules-and-regulative-epistemology-202605251550,Ethics,Virtues and Rules in Epistemology,https://doi.org/10.1093/oso/9780195140774.003.0008,"Virtues and Rules in Epistemology"".",الفضائل والقواعد في الإبستمولوجيا.
"Prudence, Rules, and Regulative Epistemology",التروي، القواعد، والنظرية المعرفة التنظيمية,https://smarticle.tech/en/article/prudence-rules-and-regulative-epistemology-202605251550,https://smarticle.tech/ar/article/prudence-rules-and-regulative-epistemology-202605251550,Ethics,The case for rules in reasoning,https://doi.org/10.4324/9780203763230-25,"The case for rules in reasoning"".",الحجة لصالح القواعد في التفكير.
Timed Petri Net to PROMELA Translation for Real-Time Systems,ترجمة شبكة بيتري الزمنية إلى PROMELA للأنظمة الزمنية الحقيقية.,https://smarticle.tech/en/article/timed-petri-net-to-promela-translation-for-real-time-systems-202605261201,https://smarticle.tech/ar/article/timed-petri-net-to-promela-translation-for-real-time-systems-202605261201,Logic,An automated qualitative analysis of real-time systems using Timed Petri net and SPIN,https://doi.org/10.1080/23311916.2024.2375100,"An automated qualitative analysis of real-time systems using Timed Petri net and SPIN. doaj, 2024.",التحليل النوعي الآلي للأنظمة الزمنية الحقيقية باستخدام شبكات بيتري الزمنية وأداة سبين. دواج، 2024.
Timed Petri Net to PROMELA Translation for Real-Time Systems,ترجمة شبكة بيتري الزمنية إلى PROMELA للأنظمة الزمنية الحقيقية.,https://smarticle.tech/en/article/timed-petri-net-to-promela-translation-for-real-time-systems-202605261201,https://smarticle.tech/ar/article/timed-petri-net-to-promela-translation-for-real-time-systems-202605261201,Logic,Verification of Safety and Liveness on Process Management System using Spin Model Checker,https://doi.org/10.1109/icet59753.2023.10375005,"Verification of Safety and Liveness on Process Management System using Spin Model Checker"". IEEE, 2023.",التحقق من السلامة والحيوية في نظام إدارة العمليات باستخدام أداة سبين للتحقق من النماذج. آي تريب إي، 2023.
Timed Petri Net to PROMELA Translation for Real-Time Systems,ترجمة شبكة بيتري الزمنية إلى PROMELA للأنظمة الزمنية الحقيقية.,https://smarticle.tech/en/article/timed-petri-net-to-promela-translation-for-real-time-systems-202605261201,https://smarticle.tech/ar/article/timed-petri-net-to-promela-translation-for-real-time-systems-202605261201,Logic,Verifying Real-Time Embedded Software by Means of Automated State-based Online Testing and the SPIN Model Checker—Application to RTEdge Models,https://doi.org/10.22215/etd/2013-09934,Verifying Real-Time Embedded Software by Means of Automated State-based Online Testing and the SPIN Model Checker—Application to RTEdge Models.,التحقق من البرمجيات المضمنة الزمنية الحقيقية بوسائل الاختبار الآلي القائم على الحالة عبر الإنترنت وأداة سبين للتحقق من النماذج—تطبيق على نماذج آر تي إيدج.
Timed Petri Net to PROMELA Translation for Real-Time Systems,ترجمة شبكة بيتري الزمنية إلى PROMELA للأنظمة الزمنية الحقيقية.,https://smarticle.tech/en/article/timed-petri-net-to-promela-translation-for-real-time-systems-202605261201,https://smarticle.tech/ar/article/timed-petri-net-to-promela-translation-for-real-time-systems-202605261201,Logic,Verification of a Dynamic Channel Model using the SPIN Model Checker,https://doi.org/10.3233/978-1-60750-774-1-35,Verification of a Dynamic Channel Model using the SPIN Model Checker.,التحقق من نموذج القناة الديناميكي باستخدام أداة سبين للتحقق من النماذج.
Timed Petri Net to PROMELA Translation for Real-Time Systems,ترجمة شبكة بيتري الزمنية إلى PROMELA للأنظمة الزمنية الحقيقية.,https://smarticle.tech/en/article/timed-petri-net-to-promela-translation-for-real-time-systems-202605261201,https://smarticle.tech/ar/article/timed-petri-net-to-promela-translation-for-real-time-systems-202605261201,Logic,Formal verification of real-time software by symbolic model-checker,https://doi.org/10.1109/csd.1998.657543,"Formal verification of real-time software by symbolic model-checker"".",التحقق الرسمي للبرمجيات الزمنية الحقيقية بواسطة أداة التحقق من النماذج الرمزية.
The Transcendental Deduction of Categories as Philosophical Proof,الاستنتاج المتعالي للفئات كبرهان فلسفي,https://smarticle.tech/en/article/the-transcendental-deduction-of-categories-as-philosophical-proof-202605261217,https://smarticle.tech/ar/article/the-transcendental-deduction-of-categories-as-philosophical-proof-202605261217,Modern Philosophy,The Transcendental Deduction of Categories as Philosophical Proof,https://doi.org/10.5922/0207-6918-2023-3-4,"Kant, I. ""The Transcendental Deduction of Categories as Philosophical Proof"". doaj, 2023.","كانط، إيمانويل. ""الاستدلال الاستنباطي المتعالي للمقولات كدليل فلسفي"". دواج، 2023."
The Transcendental Deduction of Categories as Philosophical Proof,الاستنتاج المتعالي للفئات كبرهان فلسفي,https://smarticle.tech/en/article/the-transcendental-deduction-of-categories-as-philosophical-proof-202605261217,https://smarticle.tech/ar/article/the-transcendental-deduction-of-categories-as-philosophical-proof-202605261217,Modern Philosophy,The Transcendental Deduction of the Categories,https://doi.org/10.4324/9780429196430-5,"The Transcendental Deduction of the Categories"".","""الاستدلال الاستنباطي المتعالي للمقولات""."
The Transcendental Deduction of Categories as Philosophical Proof,الاستنتاج المتعالي للفئات كبرهان فلسفي,https://smarticle.tech/en/article/the-transcendental-deduction-of-categories-as-philosophical-proof-202605261217,https://smarticle.tech/ar/article/the-transcendental-deduction-of-categories-as-philosophical-proof-202605261217,Modern Philosophy,Two-Steps-in-One-Proof: The Structure of the Transcendental Deduction of the Categories,https://doi.org/10.1353/hph.1990.0091,"""Two-Steps-in-One-Proof: The Structure of the Transcendental Deduction of the Categories"". , .","""خطوتان في دليل واحد: بنية الاستدلال الاستنباطي المتعالي للمقولات""."
The Transcendental Deduction of Categories as Philosophical Proof,الاستنتاج المتعالي للفئات كبرهان فلسفي,https://smarticle.tech/en/article/the-transcendental-deduction-of-categories-as-philosophical-proof-202605261217,https://smarticle.tech/ar/article/the-transcendental-deduction-of-categories-as-philosophical-proof-202605261217,Modern Philosophy,From the unity of sensible intuition to the sensible unity of intuition: revisiting the proof-structure of Kant’s B-Deduction argument,https://doi.org/10.7203/REK.4.1.12644,"""From the unity of sensible intuition to the sensible unity of intuition: revisiting the proof-structure of Kant’s B-Deduction argument"". , .","""من وحدة الحدس الحسي إلى الوحدة الحسية للحدس: إعادة النظر في بنية هيكل الدليل في حجة كانط في الاستدلال الاستنباطي ب""."
The Transcendental Deduction of Categories as Philosophical Proof,الاستنتاج المتعالي للفئات كبرهان فلسفي,https://smarticle.tech/en/article/the-transcendental-deduction-of-categories-as-philosophical-proof-202605261217,https://smarticle.tech/ar/article/the-transcendental-deduction-of-categories-as-philosophical-proof-202605261217,Modern Philosophy,The Transcendental Deduction of the Categories I,https://doi.org/10.1093/acprof:oso/9780199381166.003.0006,"The Transcendental Deduction of the Categories I"".","""الاستدلال الاستنباطي المتعالي للمقولات 1""."
Mulla Sadra Graded Existence Theory for Knowledge Justification,نظرية الوجود المتدرج لمولى صَدْرَى لتبرير المعرفة.,https://smarticle.tech/en/article/mulla-sadra-graded-existence-theory-for-knowledge-justification-202605261237,https://smarticle.tech/ar/article/mulla-sadra-graded-existence-theory-for-knowledge-justification-202605261237,Islamic Philosophy,Ontological Analysis of the Knowledge in Transcendent Philosophy and Its Relation to the Correspondence Theory,https://doi.org/10.30465/cw.2025.51215.2092,"Ontological Analysis of the Knowledge in Transcendent Philosophy and Its Relation to the Correspondence Theory. doaj, 2025.",التحليل الأنطولوجي للمعرفة في الفلسفة المتعالية وعلاقتها بنظرية التطابق.
Mulla Sadra Graded Existence Theory for Knowledge Justification,نظرية الوجود المتدرج لمولى صَدْرَى لتبرير المعرفة.,https://smarticle.tech/en/article/mulla-sadra-graded-existence-theory-for-knowledge-justification-202605261237,https://smarticle.tech/ar/article/mulla-sadra-graded-existence-theory-for-knowledge-justification-202605261237,Islamic Philosophy,Explaining the Ontological Differences between Islamic Transcendent Philosophy and Emergentism on the Soul-Body Problem,https://doi.org/10.58209/jpt.1.4.265,Explaining the Ontological Differences between Islamic Transcendent Philosophy and Emergentism on the Soul-Body Problem.,شرح الفروق الأنطولوجية بين الفلسفة المتعالية الإسلامية والظهورية حول مسألة النفس والجسد.
Mulla Sadra Graded Existence Theory for Knowledge Justification,نظرية الوجود المتدرج لمولى صَدْرَى لتبرير المعرفة.,https://smarticle.tech/en/article/mulla-sadra-graded-existence-theory-for-knowledge-justification-202605261237,https://smarticle.tech/ar/article/mulla-sadra-graded-existence-theory-for-knowledge-justification-202605261237,Islamic Philosophy,Ontology of Intentionality and Primacy of Existence,https://doi.org/10.1007/978-3-030-39884-2_3,Ontology of Intentionality and Primacy of Existence.,أنطولوجيا القصدية وأولية الوجود.
Mulla Sadra Graded Existence Theory for Knowledge Justification,نظرية الوجود المتدرج لمولى صَدْرَى لتبرير المعرفة.,https://smarticle.tech/en/article/mulla-sadra-graded-existence-theory-for-knowledge-justification-202605261237,https://smarticle.tech/ar/article/mulla-sadra-graded-existence-theory-for-knowledge-justification-202605261237,Islamic Philosophy,Mulla Sadra and the Problem of Knowledge,https://doi.org/10.4324/9781315596211-7,Mulla Sadra and the Problem of Knowledge.,الملا صدرا ومسألة المعرفة.
Mulla Sadra Graded Existence Theory for Knowledge Justification,نظرية الوجود المتدرج لمولى صَدْرَى لتبرير المعرفة.,https://smarticle.tech/en/article/mulla-sadra-graded-existence-theory-for-knowledge-justification-202605261237,https://smarticle.tech/ar/article/mulla-sadra-graded-existence-theory-for-knowledge-justification-202605261237,Islamic Philosophy,Mulla Sadra and Metaphysics,https://doi.org/10.4324/9780203879542,"Mulla Sadra and Metaphysics"".",الملا صدرا والميتافيزيقا.
Grünberg's Direct-Indirect Justification of Intuition,تبرير جرونبرغ المباشر وغير المباشر للحدس,https://smarticle.tech/en/article/grunberg-s-direct-indirect-justification-of-intuition-202605261246,https://smarticle.tech/ar/article/grunberg-s-direct-indirect-justification-of-intuition-202605261246,Epistemology,Sezgisel Bilginin Gerekçelendirilebilirliği Üzerine: Klasik ve Modern Epistemolojide Analitik Bir İnceleme,https://doi.org/10.58634/felsefedunyasi.1686797,"Sezgisel Bilginin Gerekçelendirilebilirliği Üzerine: Klasik ve Modern Epistemolojide Analitik Bir İnceleme. ""Sezgisel Bilginin Gerekçelendirilebilirliği Üzerine: Klasik ve Modern Epistemolojide Analitik Bir İnceleme"". Source, 2025.",حول مبررات المعرفة الحدسية: دراسة تحليلية في الإبستمولوجيا الكلاسيكية والحديثة.
Grünberg's Direct-Indirect Justification of Intuition,تبرير جرونبرغ المباشر وغير المباشر للحدس,https://smarticle.tech/en/article/grunberg-s-direct-indirect-justification-of-intuition-202605261246,https://smarticle.tech/ar/article/grunberg-s-direct-indirect-justification-of-intuition-202605261246,Epistemology,Prospects For Peircean Epistemic Infinitism,https://core.ac.uk/download/210995411.pdf,"Prospects For Peircean Epistemic Infinitism"".",آفاق Infinitism الإبستمي عند بيرس.
Grünberg's Direct-Indirect Justification of Intuition,تبرير جرونبرغ المباشر وغير المباشر للحدس,https://smarticle.tech/en/article/grunberg-s-direct-indirect-justification-of-intuition-202605261246,https://smarticle.tech/ar/article/grunberg-s-direct-indirect-justification-of-intuition-202605261246,Epistemology,Deliberative Indispensability and Epistemic Justification,https://doi.org/10.1093/acprof:oso/9780198738695.003.0005,"Deliberative Indispensability and Epistemic Justification"".",الضرورة التداولية والمبررات الإبستمية.
Grünberg's Direct-Indirect Justification of Intuition,تبرير جرونبرغ المباشر وغير المباشر للحدس,https://smarticle.tech/en/article/grunberg-s-direct-indirect-justification-of-intuition-202605261246,https://smarticle.tech/ar/article/grunberg-s-direct-indirect-justification-of-intuition-202605261246,Epistemology,"Immediate Justification, Perception, and Intuition",https://doi.org/10.1093/acprof:oso/9780199899494.003.0004,"Immediate Justification, Perception, and Intuition.",المبررات الفورية والإدراك والحدس.
Grünberg's Direct-Indirect Justification of Intuition,تبرير جرونبرغ المباشر وغير المباشر للحدس,https://smarticle.tech/en/article/grunberg-s-direct-indirect-justification-of-intuition-202605261246,https://smarticle.tech/ar/article/grunberg-s-direct-indirect-justification-of-intuition-202605261246,Epistemology,"INTUITIONS, SIMPLICITY AND EXTRAPOLATION FROM CONCEPTS",https://doi.org/10.22201/iifs.18704905e.2019.08,"Intuitions, Simplicity and Extrapolation from Concepts"". INTUITIONS, SIMPLICITY AND EXTRAPOLATION FROM CONCEPTS, 2019.",الحدوس والبساطة والاستدلال من المفاهيم.
Avicenna's Ontology Refutes Schellenberg's Divine Hiddenness Argument,أنطولوجيا ابن سينا تدحض حجة الإخفاء الإلهي لسشلنبرغ.,https://smarticle.tech/en/article/avicenna-s-ontology-refutes-schellenberg-s-divine-hiddenness-argument-202605261410,https://smarticle.tech/ar/article/avicenna-s-ontology-refutes-schellenberg-s-divine-hiddenness-argument-202605261410,Logic,A Critical Evaluation of Schellenberg’s Divine Hiddenness Argument Based on Avicenna’s Ontological and Epistemological Foundations,https://doi.org/10.22091/jptr.2024.10870.3076,"A Critical Evaluation of Schellenberg’s Divine Hiddenness Argument Based on Avicenna’s Ontological and Epistemological Foundations. ""A Critical Evaluation of Schellenberg’s Divine Hiddenness Argument Based on Avicenna’s Ontological and Epistemological Foundations"". Source, 2025.","A Critical Evaluation of Schellenberg’s Divine Hiddenness Argument Based on Avicenna’s Ontological and Epistemological Foundations. ""A Critical Evaluation of Schellenberg’s Divine Hiddenness Argument Based on Avicenna’s Ontological and Epistemological Foundations"". Source, 2025."
Avicenna's Ontology Refutes Schellenberg's Divine Hiddenness Argument,أنطولوجيا ابن سينا تدحض حجة الإخفاء الإلهي لسشلنبرغ.,https://smarticle.tech/en/article/avicenna-s-ontology-refutes-schellenberg-s-divine-hiddenness-argument-202605261410,https://smarticle.tech/ar/article/avicenna-s-ontology-refutes-schellenberg-s-divine-hiddenness-argument-202605261410,Logic,God as victim of human sin: a sin-based response to J. L. Schellenberg’s hiddenness argument,https://doi.org/10.1093/jts/flag016,"""God as victim of human sin: a sin-based response to J. L. Schellenberg’s hiddenness argument"". , .","""God as victim of human sin: a sin-based response to J. L. Schellenberg’s hiddenness argument"". , ."
Avicenna's Ontology Refutes Schellenberg's Divine Hiddenness Argument,أنطولوجيا ابن سينا تدحض حجة الإخفاء الإلهي لسشلنبرغ.,https://smarticle.tech/en/article/avicenna-s-ontology-refutes-schellenberg-s-divine-hiddenness-argument-202605261410,https://smarticle.tech/ar/article/avicenna-s-ontology-refutes-schellenberg-s-divine-hiddenness-argument-202605261410,Logic,On the concept of ‘God’ and Schellenberg’s divine hiddenness argument,https://doi.org/10.1007/s11153-026-09993-5,"On the concept of ‘God’ and Schellenberg’s divine hiddenness argument"".","On the concept of ‘God’ and Schellenberg’s divine hiddenness argument""."
Avicenna's Ontology Refutes Schellenberg's Divine Hiddenness Argument,أنطولوجيا ابن سينا تدحض حجة الإخفاء الإلهي لسشلنبرغ.,https://smarticle.tech/en/article/avicenna-s-ontology-refutes-schellenberg-s-divine-hiddenness-argument-202605261410,https://smarticle.tech/ar/article/avicenna-s-ontology-refutes-schellenberg-s-divine-hiddenness-argument-202605261410,Logic,Divine Love and the Argument from Divine Hiddenness,https://doi.org/10.24204/ejpr.v6i2.180,"""Divine Love and the Argument from Divine Hiddenness"". , .","""Divine Love and the Argument from Divine Hiddenness"". , ."
Avicenna's Ontology Refutes Schellenberg's Divine Hiddenness Argument,أنطولوجيا ابن سينا تدحض حجة الإخفاء الإلهي لسشلنبرغ.,https://smarticle.tech/en/article/avicenna-s-ontology-refutes-schellenberg-s-divine-hiddenness-argument-202605261410,https://smarticle.tech/ar/article/avicenna-s-ontology-refutes-schellenberg-s-divine-hiddenness-argument-202605261410,Logic,Divine hiddenness: part 1 (recent work on the hiddenness argument),https://doi.org/10.1111/phc3.12355,"Divine hiddenness: part 1 (recent work on the hiddenness argument)"".","Divine hiddenness: part 1 (recent work on the hiddenness argument)""."
