Academic Concept,Concept URL,Subcategory,Reference Title,Reference URL,Citation
Primary Care and Family Medicine: Principles of Preventive Health,https://smarticle.tech/en/article/primary-care-and-family-medicine-principles-of-preventive-health-202605121118,Public Health,Oxford Textbook of Primary Medical Care,https://books.google.com/books,Oxford Textbook of Primary Medical Care. by Roger Jones (Prof.). (2005). ISBN: 0198567839
Primary Care and Family Medicine: Principles of Preventive Health,https://smarticle.tech/en/article/primary-care-and-family-medicine-principles-of-preventive-health-202605121118,Public Health,Evolution of Preventive Medicine (Routledge Revivals),https://openlibrary.org/works/OL21296415W,Evolution of Preventive Medicine (Routledge Revivals). by Arthur Newsholme. (2015). — Taylor & Francis Group. ISBN: 9781317442998
Primary Care and Family Medicine: Principles of Preventive Health,https://smarticle.tech/en/article/primary-care-and-family-medicine-principles-of-preventive-health-202605121118,Public Health,"Laws, etc",https://archive.org/details/foodsupplymanual00grearich,"Laws, etc. by Great Britain.. (1691). — Butterworth. ISBN: 9780118041133"
Primary Care and Family Medicine: Principles of Preventive Health,https://smarticle.tech/en/article/primary-care-and-family-medicine-principles-of-preventive-health-202605121118,Public Health,The medical companion,https://archive.org/details/b33287697,The medical companion. by James Ewell. (1816). — Printed for the author
Primary Care and Family Medicine: Principles of Preventive Health,https://smarticle.tech/en/article/primary-care-and-family-medicine-principles-of-preventive-health-202605121118,Public Health,Medical admonitions addressed to families,https://archive.org/details/b28774358_0001,Medical admonitions addressed to families. by James Parkinson. (1799). — Printed for Charles Peirce by N.S. & W. Peirce
Primary Care and Family Medicine: Principles of Preventive Health,https://smarticle.tech/en/article/primary-care-and-family-medicine-principles-of-preventive-health-202605121118,Public Health,Preventive Health Care,https://doi.org/10.1007/978-1-4615-5857-6_15,"Bradford Felker. ""Preventive Health Care"". *crossref*, 1997."
Internal Medicine: Systemic Disease Diagnosis and Management,https://smarticle.tech/en/article/internal-medicine-systemic-disease-diagnosis-and-management-202605121129,Public Health,Mayo Clinic Internal Medicine Concise Textbook,https://books.google.com/books,"Mayo Clinic Internal Medicine Concise Textbook. by Thomas M. Habermann, Amit K. Ghosh. (2007). — CRC Press. ISBN: 9781420067514"
Internal Medicine: Systemic Disease Diagnosis and Management,https://smarticle.tech/en/article/internal-medicine-systemic-disease-diagnosis-and-management-202605121129,Public Health,Sleisenger & Fordtran's gastrointestinal and liver disease,https://archive.org/details/sleisengerfordtr0000unse,"Sleisenger & Fordtran's gastrointestinal and liver disease. by Mark Feldman, Lawrence S. Friedman, Marvin H. Sleisenger. (1996). — Current Medicine. ISBN: 9780721662916"
Internal Medicine: Systemic Disease Diagnosis and Management,https://smarticle.tech/en/article/internal-medicine-systemic-disease-diagnosis-and-management-202605121129,Public Health,Nailfold capillaroscopy in systemic diseases: short overview for internal medicine,https://doi.org/10.2478/rjim-2021-0007,"A. Dima, I. Berza, D. Popescu, M. Pârvu. ""Nailfold capillaroscopy in systemic diseases: short overview for internal medicine"". semantic_scholar_foundational, 2021."
Internal Medicine: Systemic Disease Diagnosis and Management,https://smarticle.tech/en/article/internal-medicine-systemic-disease-diagnosis-and-management-202605121129,Public Health,"[Importance of cognitive disorders in internal medicine: Pathophysiology, diagnosis, management. The example of systemic lupus erythematosus].",https://doi.org/10.1016/j.revmed.2021.08.012,"E. Peter, M. Robert, et al. ""Importance of cognitive disorders in internal medicine: Pathophysiology, diagnosis, management. The example of systemic lupus erythematosus"". Revue de Médecine Interne, 2021."
Internal Medicine: Systemic Disease Diagnosis and Management,https://smarticle.tech/en/article/internal-medicine-systemic-disease-diagnosis-and-management-202605121129,Public Health,Systemic Implications of Bullous Pemphigoid: Bridging Dermatology and Internal Medicine,https://doi.org/10.3390/diagnostics14202272,"Mashima, E., Saito-Sasaki, N., Sawada, Yu. ""Systemic Implications of Bullous Pemphigoid: Bridging Dermatology and Internal Medicine"". Diagnostics, 2024."
Internal Medicine: Systemic Disease Diagnosis and Management,https://smarticle.tech/en/article/internal-medicine-systemic-disease-diagnosis-and-management-202605121129,Public Health,[Screening for sleep disorders in internal medicine as potential comorbidities of systemic autoimmune diseases and improving patients' quality of life,https://doi.org/10.1016/j.revmed.2024.11.012,"É. Riviere, V. Martin, P. Philip, J. Coelho, J.-A. Micoulaud-Franchi. ""[Screening for sleep disorders in internal medicine as potential comorbidities of systemic autoimmune diseases and improving patients' quality of life]"". *Revue de Médecine Interne*, 2024."
Internal Medicine: Systemic Disease Diagnosis and Management,https://smarticle.tech/en/article/internal-medicine-systemic-disease-diagnosis-and-management-202605121129,Public Health,The Role of Neuroinflammation in the Comorbidity of Psychiatric Disorders and Internal Diseases,https://doi.org/10.3390/healthcare13070837,"Grecu Ramona Cătălina et al. ""The Role of Neuroinflammation in the Comorbidity of Psychiatric Disorders and Internal Diseases"". healthcare, 2025."
Internal Medicine: Systemic Disease Diagnosis and Management,https://smarticle.tech/en/article/internal-medicine-systemic-disease-diagnosis-and-management-202605121129,Public Health,The Schematic Assessment of Vitamin D Deficiency in Relation to Autoimmune Disorders and Its Implications in Internal Medicine,https://doi.org/10.7759/cureus.82949,"J. Aslam et al. ""The Schematic Assessment of Vitamin D Deficiency in Relation to Autoimmune Disorders and Its Implications in Internal Medicine"". semantic_scholar_foundational, 2025."
"Emergency Medicine: Acute Care, Triage, and Critical Interventions",https://smarticle.tech/en/article/emergency-medicine-acute-care-triage-and-critical-interventions-202605150058,Public Health,Introduction to Clinical Emergency Medicine,https://openlibrary.org/works/OL25658280W,"Introduction to Clinical Emergency Medicine. by Gus M. Garmel, Swaminatha V. Mahadevan. (2005). — Cambridge University Press. ISBN: 9781139338172"
"Emergency Medicine: Acute Care, Triage, and Critical Interventions",https://smarticle.tech/en/article/emergency-medicine-acute-care-triage-and-critical-interventions-202605150058,Public Health,Paramedic Care : Pearson New International Edition,https://openlibrary.org/works/OL21513870W,"Paramedic Care : Pearson New International Edition. by Bryan E. Bledsoe, Robert S. Porter, Richard A. Cherry. (2013). — Pearson Education, Limited. ISBN: 1292021497"
"Emergency Medicine: Acute Care, Triage, and Critical Interventions",https://smarticle.tech/en/article/emergency-medicine-acute-care-triage-and-critical-interventions-202605150058,Public Health,"Asthma-related emergency department (ED) visits and post-ED visit hospital and critical care admissions, National Hospital Ambulatory Medical Care Sur",https://doi.org/10.1080/02770903.2020.1713149,"Qin, Xiaoting et al. ""Asthma-related emergency department (ED) visits and post-ED visit hospital and critical care admissions, National Hospital Ambulatory Medical Care Survey, 2010–2015"". *semantic_scholar_foundational*, 2020."
"Emergency Medicine: Acute Care, Triage, and Critical Interventions",https://smarticle.tech/en/article/emergency-medicine-acute-care-triage-and-critical-interventions-202605150058,Public Health,Implementation of an emergency department virtual follow-up care process in a community-based hospital: a quality improvement initiative,https://doi.org/10.1136/bmjoq-2021-001782,"D. El-Zammar, R. Johal, J. Eng, T. Schulz. ""Implementation of an emergency department virtual follow-up care process in a community-based hospital: a quality improvement initiative"". semantic_scholar_foundational, 2022."
"Emergency Medicine: Acute Care, Triage, and Critical Interventions",https://smarticle.tech/en/article/emergency-medicine-acute-care-triage-and-critical-interventions-202605150058,Public Health,Triage and Ongoing Care for Critically Ill Patients in the Emergency Department: Results from a National Survey of Emergency Physicians,https://doi.org/10.5811/westjem.2019.11.43547,"K. Mathews, Sandra Rodriguez, Judith E. Nelson, Lynne D. Richardson. ""Triage and Ongoing Care for Critically Ill Patients in the Emergency Department: Results from a National Survey of Emergency Physicians"". WestJEM, 2020."
"Emergency Medicine: Acute Care, Triage, and Critical Interventions",https://smarticle.tech/en/article/emergency-medicine-acute-care-triage-and-critical-interventions-202605150058,Public Health,Patient-Safety Culture among Emergency and Critical Care Nurses in a Maternal and Child Department,https://doi.org/10.3390/healthcare11202770,"Abdul-Karim Jebuni Fuseini et al. ""Patient-Safety Culture among Emergency and Critical Care Nurses in a Maternal and Child Department"". Healthcare, 2023."
"Emergency Medicine: Acute Care, Triage, and Critical Interventions",https://smarticle.tech/en/article/emergency-medicine-acute-care-triage-and-critical-interventions-202605150058,Public Health,"Burnout and Resilience among Frontline Nurses during COVID-19 Pandemic: A Cross-sectional Study in the Emergency Department of a Tertiary Care Center,",https://doi.org/10.5005/jp-journals-10071-23667,"Sinu Jose, M. Dhandapani, Maneesha C Cyriac. ""Burnout and Resilience among Frontline Nurses during COVID-19 Pandemic: A Cross-sectional Study in the Emergency Department of a Tertiary Care Center, North India"". semantic_scholar_foundational, 2020."
"Emergency Medicine: Acute Care, Triage, and Critical Interventions",https://smarticle.tech/en/article/emergency-medicine-acute-care-triage-and-critical-interventions-202605150058,Public Health,ICD-10-CM 2020 Snapshot Coding Card,https://openlibrary.org/works/OL35706896W,ICD-10-CM 2020 Snapshot Coding Card. by American Medical Association. (2019). — American Medical Association. ISBN: 1622029968
"Emergency Medicine: Acute Care, Triage, and Critical Interventions",https://smarticle.tech/en/article/emergency-medicine-acute-care-triage-and-critical-interventions-202605150058,Public Health,Scientific Reference,https://openlibrary.org/works/OL8492715W,EMED. by Primedia. (1998). — Delmar Learning. ISBN: 9781401837723
"Emergency Medicine: Acute Care, Triage, and Critical Interventions",https://smarticle.tech/en/article/emergency-medicine-acute-care-triage-and-critical-interventions-202605150058,Public Health,PULSE,https://openlibrary.org/works/OL8492716W,PULSE. by Primedia. (1998). — Delmar Learning. ISBN: 1401888208
"Clinical Cardiology: Heart Disease, Arrhythmia, and Cardiovascular Interventions",https://smarticle.tech/en/article/clinical-cardiology-heart-disease-arrhythmia-and-cardiovascular-interventio-202605150104,Public Health,Practical handbook of advanced interventional cardiology,https://archive.org/details/practicalhandboo0000unse_p7z8,Practical handbook of advanced interventional cardiology. by Thach Nguyen. (2000). — Wiley-Blackwell. ISBN: 0879934697
"Clinical Cardiology: Heart Disease, Arrhythmia, and Cardiovascular Interventions",https://smarticle.tech/en/article/clinical-cardiology-heart-disease-arrhythmia-and-cardiovascular-interventio-202605150104,Public Health,Making Sense of the ECG,https://archive.org/details/makingsenseofecg0000houg,"Making Sense of the ECG. by Andrew Houghton, David Gray. (2008). — CRC Press. ISBN: 0429579322"
"Clinical Cardiology: Heart Disease, Arrhythmia, and Cardiovascular Interventions",https://smarticle.tech/en/article/clinical-cardiology-heart-disease-arrhythmia-and-cardiovascular-interventio-202605150104,Public Health,An introduction to electrocardiography,https://archive.org/details/introductiontoel0000scha_7edi,"An introduction to electrocardiography. by Leo Schamroth, L. Schamroth, C. Schamroth. (1964). — Blackwell Publishing Limited. ISBN: 0632024119"
"Clinical Cardiology: Heart Disease, Arrhythmia, and Cardiovascular Interventions",https://smarticle.tech/en/article/clinical-cardiology-heart-disease-arrhythmia-and-cardiovascular-interventio-202605150104,Public Health,Introduction to basic cardiac dysrhythmias,https://openlibrary.org/works/OL3245070W,"Introduction to basic cardiac dysrhythmias. by Sandra Atwood, Cheryl Stanton, Jenny Storey Davenport. (1990). — Mosby Lifeline. ISBN: 9780323052252"
"Clinical Cardiology: Heart Disease, Arrhythmia, and Cardiovascular Interventions",https://smarticle.tech/en/article/clinical-cardiology-heart-disease-arrhythmia-and-cardiovascular-interventio-202605150104,Public Health,ICD-10-CM 2020 Snapshot Coding Card,https://openlibrary.org/works/OL35706896W,ICD-10-CM 2020 Snapshot Coding Card. by American Medical Association. (2019). — American Medical Association. ISBN: 1622029968
"Clinical Cardiology: Heart Disease, Arrhythmia, and Cardiovascular Interventions",https://smarticle.tech/en/article/clinical-cardiology-heart-disease-arrhythmia-and-cardiovascular-interventio-202605150104,Public Health,ICD-10-CM 2018 Snapshot Coding Card,https://openlibrary.org/works/OL28668286W,ICD-10-CM 2018 Snapshot Coding Card. by American Medical American Medical Association. (2017). — American Medical Association. ISBN: 9781622026371
"Clinical Cardiology: Heart Disease, Arrhythmia, and Cardiovascular Interventions",https://smarticle.tech/en/article/clinical-cardiology-heart-disease-arrhythmia-and-cardiovascular-interventio-202605150104,Public Health,ICD-9 CM Easy Coder,https://openlibrary.org/works/OL769753W,ICD-9 CM Easy Coder. by Paul K. Tanaka. (1998). — Unicor Medical... ISBN: 9781567811629
"Clinical Cardiology: Heart Disease, Arrhythmia, and Cardiovascular Interventions",https://smarticle.tech/en/article/clinical-cardiology-heart-disease-arrhythmia-and-cardiovascular-interventio-202605150104,Public Health,"THE DEVELOPMENT PROCESS OF CARDIOLOGY, ITS THEORETICAL FOUNDATIONS AND APPLICATION IN CLINICAL PRACTICE",https://doi.org/10.64941/hub.v01.i01.001,"SULTONOVA MARJONA NOSIROVNA. ""THE DEVELOPMENT PROCESS OF CARDIOLOGY, ITS THEORETICAL FOUNDATIONS AND APPLICATION IN CLINICAL PRACTICE"". crossref, 2025."
"Clinical Cardiology: Heart Disease, Arrhythmia, and Cardiovascular Interventions",https://smarticle.tech/en/article/clinical-cardiology-heart-disease-arrhythmia-and-cardiovascular-interventio-202605150104,Public Health,CRT-500.20 Barriers and Motivators for Participation of Cardiovascular Healthcare Providers in Clinical Trials in Iraq: A Survey-Based Study,https://doi.org/10.1016/j.jcin.2023.01.231,"Zainab Atiyah Dakhil et al. ""CRT-500.20 Barriers and Motivators for Participation of Cardiovascular Healthcare Providers in Clinical Trials in Iraq: A Survey-Based Study"". crossref, 2023."
"Clinical Cardiology: Heart Disease, Arrhythmia, and Cardiovascular Interventions",https://smarticle.tech/en/article/clinical-cardiology-heart-disease-arrhythmia-and-cardiovascular-interventio-202605150104,Public Health,Incidence and Clinical Impact of Stroke Complicating Percutaneous Coronary Intervention,https://doi.org/10.1161/circinterventions.112.000170,"Werner N, Bauer T, Hochadel M, et al. ""Incidence and Clinical Impact of Stroke Complicating Percutaneous Coronary Intervention"". Circulation: Cardiovascular Interventions, 2013."
"Neurology: Brain Disorders, Neurodegeneration, and Stroke",https://smarticle.tech/en/article/neurology-brain-disorders-neurodegeneration-and-stroke-202605150111,Public Health,Musicophilia,https://archive.org/details/bwb_W9-COR-980,Musicophilia. by Oliver Sacks. (2007). — Companhia das Letras. ISBN: 8845972615
"Neurology: Brain Disorders, Neurodegeneration, and Stroke",https://smarticle.tech/en/article/neurology-brain-disorders-neurodegeneration-and-stroke-202605150111,Public Health,An introduction to neurology,https://archive.org/details/introductiontone00herrrich,An introduction to neurology. by C. Judson Herrick. (1915). — W.B. Saunders Company
"Neurology: Brain Disorders, Neurodegeneration, and Stroke",https://smarticle.tech/en/article/neurology-brain-disorders-neurodegeneration-and-stroke-202605150111,Public Health,The Man Who Mistook His Wife for a Hat,https://archive.org/details/ohomemqueconfund0000sack,The Man Who Mistook His Wife for a Hat. by Oliver Sacks. (1980). — Meulenhoff. ISBN: 9789576213366
"Neurology: Brain Disorders, Neurodegeneration, and Stroke",https://smarticle.tech/en/article/neurology-brain-disorders-neurodegeneration-and-stroke-202605150111,Public Health,Awakenings,https://archive.org/details/uyanslar0000sack,"Awakenings. by Oliver Sacks, Jonathan Davis. (1973). — Seuil. ISBN: 9783499120978"
"Neurology: Brain Disorders, Neurodegeneration, and Stroke",https://smarticle.tech/en/article/neurology-brain-disorders-neurodegeneration-and-stroke-202605150111,Public Health,An Anthropologist on Mars,https://archive.org/details/antropologybatma0000oliv,An Anthropologist on Mars. by Oliver Sacks. (1995). — Rowohlt Tb.. ISBN: 0679767177
"Neurology: Brain Disorders, Neurodegeneration, and Stroke",https://smarticle.tech/en/article/neurology-brain-disorders-neurodegeneration-and-stroke-202605150111,Public Health,The human brain,https://archive.org/details/humanbraininphot0000nolt,The human brain. by John Nolte. (1981). — Mosby. ISBN: 0323041310
"Neurology: Brain Disorders, Neurodegeneration, and Stroke",https://smarticle.tech/en/article/neurology-brain-disorders-neurodegeneration-and-stroke-202605150111,Public Health,"Harnessing myelin water fraction as an imaging biomarker of human cerebral aging, neurodegenerative diseases, and risk factors influencing myelination",https://doi.org/10.1111/jnc.16170,"Faulkner, M., et al. ""Harnessing myelin water fraction as an imaging biomarker of human cerebral aging, neurodegenerative diseases, and risk factors influencing myelination: A review"". Journal of Neurochemistry, 2024."
"Neurology: Brain Disorders, Neurodegeneration, and Stroke",https://smarticle.tech/en/article/neurology-brain-disorders-neurodegeneration-and-stroke-202605150111,Public Health,Role of the gut-brain axis in neurological diseases: Molecular connections and therapeutic implications (Review),https://doi.org/10.3892/ijmm.2025.5633,"Hongjuan Zhang et al. ""Role of the gut-brain axis in neurological diseases: Molecular connections and therapeutic implications (Review)"". International Journal of Molecular Medicine, 2025."
"Neurology: Brain Disorders, Neurodegeneration, and Stroke",https://smarticle.tech/en/article/neurology-brain-disorders-neurodegeneration-and-stroke-202605150111,Public Health,Navigating the landscape of protein folding and proteostasis: from molecular chaperones to therapeutic innovations,https://doi.org/10.1038/s41392-025-02439-w,"O. Kuzu, L. J. T. Granerud, F. Saatcioglu. ""Navigating the landscape of protein folding and proteostasis: from molecular chaperones to therapeutic innovations"". semantic_scholar_foundational, 2025."
"Neurology: Brain Disorders, Neurodegeneration, and Stroke",https://smarticle.tech/en/article/neurology-brain-disorders-neurodegeneration-and-stroke-202605150111,Public Health,Preclinical insights into gamma-tACS: foundations for clinical translation in neurodegenerative diseases,https://doi.org/10.3389/fnins.2025.1549230,"Guillermo Sánchez-Garrido Campos et al. ""Preclinical insights into gamma-tACS: foundations for clinical translation in neurodegenerative diseases"". Frontiers in Neuroscience, 2025."
"Oncology: Cancer Biology, Classification, and Treatment Modalities",https://smarticle.tech/en/article/oncology-cancer-biology-classification-and-treatment-modalities-202605150116,Public Health,Introduction to Mathematical Oncology,https://openlibrary.org/works/OL25127600W,"Introduction to Mathematical Oncology. by Yang Kuang, John D. Nagy, Steffen E. Eikenberry. (2018). — Routledge. ISBN: 1498752977"
"Oncology: Cancer Biology, Classification, and Treatment Modalities",https://smarticle.tech/en/article/oncology-cancer-biology-classification-and-treatment-modalities-202605150116,Public Health,Introduction to Physical Oncology,https://openlibrary.org/works/OL25187546W,"Introduction to Physical Oncology. by Vittorio Cristini, Eugene Koay, Zhihui Wang. (2017). — Taylor & Francis Group. ISBN: 1315337827"
"Oncology: Cancer Biology, Classification, and Treatment Modalities",https://smarticle.tech/en/article/oncology-cancer-biology-classification-and-treatment-modalities-202605150116,Public Health,Introduction to Cancer Therapy,https://openlibrary.org/works/OL26598552W,"Introduction to Cancer Therapy. by Neville Charron. (2020). — Nova Science Publishers, Incorporated. ISBN: 1536184500"
"Oncology: Cancer Biology, Classification, and Treatment Modalities",https://smarticle.tech/en/article/oncology-cancer-biology-classification-and-treatment-modalities-202605150116,Public Health,The Impact of Tumor Biology on Cancer Treatment and Multidisciplinary Strategies,https://archive.org/details/impacttumorbiolo00moll,The Impact of Tumor Biology on Cancer Treatment and Multidisciplinary Strategies. by Michael Molls. (2009). — Springer Berlin Heidelberg. ISBN: 3540743855
"Oncology: Cancer Biology, Classification, and Treatment Modalities",https://smarticle.tech/en/article/oncology-cancer-biology-classification-and-treatment-modalities-202605150116,Public Health,Introduction to clinical radiation oncology,https://archive.org/details/introductiontocl00coia,Introduction to clinical radiation oncology. by Lawrence R. Coia. (1994). — Medical Physics Pub.. ISBN: 9780944838464
"Oncology: Cancer Biology, Classification, and Treatment Modalities",https://smarticle.tech/en/article/oncology-cancer-biology-classification-and-treatment-modalities-202605150116,Public Health,Principles and practice of radiation therapy,https://openlibrary.org/works/OL19468087W,"Principles and practice of radiation therapy. by Charles M. Washington, Dennis T. Leaver. (1900). — Mosby. ISBN: 9780815191452"
"Oncology: Cancer Biology, Classification, and Treatment Modalities",https://smarticle.tech/en/article/oncology-cancer-biology-classification-and-treatment-modalities-202605150116,Public Health,"Review for ""Anti-cancer peptides: classification, mechanism of action, reconstruction and modification""",https://doi.org/10.1098/rsob.200004/v1/review2,"Anti-cancer peptides: classification, mechanism of action, reconstruction and modification"". Review for, 2020."
"Oncology: Cancer Biology, Classification, and Treatment Modalities",https://smarticle.tech/en/article/oncology-cancer-biology-classification-and-treatment-modalities-202605150116,Public Health,"Molecular, cellular and systemic aspects of epithelial ovarian cancer and its tumor microenvironment",https://doi.org/10.1016/j.semcancer.2022.03.027,"Esther Schoutrop et al. ""Molecular, cellular and systemic aspects of epithelial ovarian cancer and its tumor microenvironment"". *Seminars in Cancer Biology*, 2022."
"Oncology: Cancer Biology, Classification, and Treatment Modalities",https://smarticle.tech/en/article/oncology-cancer-biology-classification-and-treatment-modalities-202605150116,Public Health,"Review for ""Artificial intelligence in dermatology: A systematic review of skin cancer detection and classification""",https://doi.org/10.1088/2631-8695/ae1933/v3/review2,"Artificial intelligence in dermatology: A systematic review of skin cancer detection and classification. ""Review for 'Artificial intelligence in dermatology: A systematic review of skin cancer detection and classification'"". crossref, 2025."
"Oncology: Cancer Biology, Classification, and Treatment Modalities",https://smarticle.tech/en/article/oncology-cancer-biology-classification-and-treatment-modalities-202605150116,Public Health,Machine Learning Models for Breast Cancer Classification,https://doi.org/10.21203/rs.3.rs-4782472/v1,"Ravi Teja S. ""Machine Learning Models for Breast Cancer Classification"". crossref, 2024."
"Epidemiology: Disease Surveillance, Study Design, and Outbreak Investigation",https://smarticle.tech/en/article/epidemiology-disease-surveillance-study-design-and-outbreak-investigation-202605172355,Public Health,Hippocrates,https://archive.org/details/hippocrates01hipp_0,Hippocrates. by Hippocrates. (1531). — Harvard Univ. Press. ISBN: 0674995260
"Epidemiology: Disease Surveillance, Study Design, and Outbreak Investigation",https://smarticle.tech/en/article/epidemiology-disease-surveillance-study-design-and-outbreak-investigation-202605172355,Public Health,The history of the great plague in London in the year 1665,https://archive.org/details/danieldefoesjour00defo,The history of the great plague in London in the year 1665. by Daniel Defoe. (1722). — Seltzer Books. ISBN: 139880178X
"Epidemiology: Disease Surveillance, Study Design, and Outbreak Investigation",https://smarticle.tech/en/article/epidemiology-disease-surveillance-study-design-and-outbreak-investigation-202605172355,Public Health,Epidemics and crowd-diseases,https://archive.org/details/b33398628_0002,"Epidemics and crowd-diseases. by Major Greenwood. (1935). — Arno Press, 1977.. ISBN: 0405098219"
"Epidemiology: Disease Surveillance, Study Design, and Outbreak Investigation",https://smarticle.tech/en/article/epidemiology-disease-surveillance-study-design-and-outbreak-investigation-202605172355,Public Health,Introduction to Epidemiology,https://openlibrary.org/works/OL13773556W,Introduction to Epidemiology. by Ray M. Merrill. (2010). — Jones & Bartlett Learning. ISBN: 9781284094350
"Epidemiology: Disease Surveillance, Study Design, and Outbreak Investigation",https://smarticle.tech/en/article/epidemiology-disease-surveillance-study-design-and-outbreak-investigation-202605172355,Public Health,Epidemiology kept simple,https://archive.org/details/epidemiologykept03edgers,Epidemiology kept simple. by B. Burt Gerstman. (1998). — Wiley-Liss. ISBN: 0471457809
"Epidemiology: Disease Surveillance, Study Design, and Outbreak Investigation",https://smarticle.tech/en/article/epidemiology-disease-surveillance-study-design-and-outbreak-investigation-202605172355,Public Health,Waterborne disease outbreaks,https://openlibrary.org/works/OL23169197W,"Waterborne disease outbreaks. by Gunther F. Craun. (1990). — Health Effects Research Laboratory, Office of Research and Development, U.S. Environmental Protection Agency"
"Epidemiology: Disease Surveillance, Study Design, and Outbreak Investigation",https://smarticle.tech/en/article/epidemiology-disease-surveillance-study-design-and-outbreak-investigation-202605172355,Public Health,Spatio-temporal determinants of mental health and well-being: advances in geographically-explicit ecological momentary assessment (GEMA),https://doi.org/10.1007/s00127-016-1277-5,"Kirchner, T. R., Shiffman, S. ""Spatio-temporal determinants of mental health and well-being: advances in geographically-explicit ecological momentary assessment (GEMA)"". Social Psychiatry and Psychiatric Epidemiology, 2016."
"Epidemiology: Disease Surveillance, Study Design, and Outbreak Investigation",https://smarticle.tech/en/article/epidemiology-disease-surveillance-study-design-and-outbreak-investigation-202605172355,Public Health,Epidemiology of severe asthma in children: a systematic review and meta-analysis,https://doi.org/10.1183/16000617.0095-2024,"S. Manti et al. ""Epidemiology of severe asthma in children: a systematic review and meta-analysis"". semantic_scholar_foundational, 2024."
"Epidemiology: Disease Surveillance, Study Design, and Outbreak Investigation",https://smarticle.tech/en/article/epidemiology-disease-surveillance-study-design-and-outbreak-investigation-202605172355,Public Health,[Ecological studies in environmental health: Beyond epidemiology].,https://doi.org/10.1590/S0120-41572015000500019,"L. Blanco-Becerra, C. Pinzón-Flórez, A. Idrovo. ""[Ecological studies in environmental health: Beyond epidemiology]"". semantic_scholar_foundational, 2015."
"Epidemiology: Disease Surveillance, Study Design, and Outbreak Investigation",https://smarticle.tech/en/article/epidemiology-disease-surveillance-study-design-and-outbreak-investigation-202605172355,Public Health,"Cholangiocarcinoma. Epidemiology, classification, diagnosis, treatment methods (literature review)",https://doi.org/10.47407/kr2024.5.7.00443,"Alexandra G. Zamotina et al. ""Cholangiocarcinoma. Epidemiology, classification, diagnosis, treatment methods (literature review)"". semantic_scholar_foundational, 2024."
"Global Public Health Policy: Health Systems, Equity, and International Frameworks",https://smarticle.tech/en/article/global-public-health-policy-health-systems-equity-and-international-framewo-202605180003,Public Health,Global Health,https://openlibrary.org/works/OL21142223W,"Global Health. by Kevin McCracken, Phillips, David R.. (2012). — Routledge. ISBN: 1317431227"
"Global Public Health Policy: Health Systems, Equity, and International Frameworks",https://smarticle.tech/en/article/global-public-health-policy-health-systems-equity-and-international-framewo-202605180003,Public Health,Understanding the politics of pandemic scares,https://openlibrary.org/works/OL16126014W,Understanding the politics of pandemic scares. by Mika Aaltola. (2011). — Taylor & Francis Group. ISBN: 0415603811
"Global Public Health Policy: Health Systems, Equity, and International Frameworks",https://smarticle.tech/en/article/global-public-health-policy-health-systems-equity-and-international-framewo-202605180003,Public Health,An Introduction to Global Health Delivery,https://openlibrary.org/works/OL22070489W,An Introduction to Global Health Delivery. by Joia S. Mukherjee. (2017). — Oxford University Press. ISBN: 9780190662455
"Global Public Health Policy: Health Systems, Equity, and International Frameworks",https://smarticle.tech/en/article/global-public-health-policy-health-systems-equity-and-international-framewo-202605180003,Public Health,The Health of women,https://archive.org/details/healthofwomenglo0000unse,"The Health of women. by Marjorie A. Koblinsky, Judith Timyan, Janet Gottschalk. (1992). — Westview Press Inc. ISBN: 0813385008"
"Global Public Health Policy: Health Systems, Equity, and International Frameworks",https://smarticle.tech/en/article/global-public-health-policy-health-systems-equity-and-international-framewo-202605180003,Public Health,How to leverage implementation research for equity in global health,https://doi.org/10.1186/s41256-024-00388-5,"Alonge, Olakunle. ""How to leverage implementation research for equity in global health"". crossref, 2024."
"Global Public Health Policy: Health Systems, Equity, and International Frameworks",https://smarticle.tech/en/article/global-public-health-policy-health-systems-equity-and-international-framewo-202605180003,Public Health,Global Health Equity for LGBTQ People and Populations,https://doi.org/10.1891/9780826195074.0010,"Rosa, William E., Patricia J. Moreland, and Tonda L. Hughes. ""Global Health Equity for LGBTQ People and Populations"". crossref, 2020."
"Global Public Health Policy: Health Systems, Equity, and International Frameworks",https://smarticle.tech/en/article/global-public-health-policy-health-systems-equity-and-international-framewo-202605180003,Public Health,Ensuring Global Health Equity in a Post-pandemic Economy,https://doi.org/10.34172/ijhpm.2022.7212,"Labonté, Ronald. ""Ensuring Global Health Equity in a Post-pandemic Economy"". International Journal of Health Policy and Management, 2022."
"Global Public Health Policy: Health Systems, Equity, and International Frameworks",https://smarticle.tech/en/article/global-public-health-policy-health-systems-equity-and-international-framewo-202605180003,Public Health,"Public Health, Clinical Governance, and Governance for Health and Well-Being",https://doi.org/10.1159/000530024,"Ramos, Victor. ""Public Health, Clinical Governance, and Governance for Health and Well-Being"". crossref, 2023."
"Pandemic Preparedness: Lessons from Influenza, HIV, and COVID-19",https://smarticle.tech/en/article/pandemic-preparedness-lessons-from-influenza-hiv-and-covid-19-202605180010,Public Health,Global Health,https://openlibrary.org/works/OL21142223W,"Global Health. by Kevin McCracken, Phillips, David R.. (2012). — Routledge. ISBN: 1317431227"
"Pandemic Preparedness: Lessons from Influenza, HIV, and COVID-19",https://smarticle.tech/en/article/pandemic-preparedness-lessons-from-influenza-hiv-and-covid-19-202605180010,Public Health,Routledge Handbook Of Global Health Security,https://openlibrary.org/works/OL17410335W,Routledge Handbook Of Global Health Security. by Simon Rushton. (2014). — Routledge. ISBN: 020307856X
"Pandemic Preparedness: Lessons from Influenza, HIV, and COVID-19",https://smarticle.tech/en/article/pandemic-preparedness-lessons-from-influenza-hiv-and-covid-19-202605180010,Public Health,Healthcare Analytics,https://openlibrary.org/works/OL21321717W,"Healthcare Analytics. by Edward M. Rafalski, Ross M. Mullner. (2019). — Taylor & Francis Group. ISBN: 9781032068466"
"Pandemic Preparedness: Lessons from Influenza, HIV, and COVID-19",https://smarticle.tech/en/article/pandemic-preparedness-lessons-from-influenza-hiv-and-covid-19-202605180010,Public Health,Thinking Through Resistance,https://archive.org/details/isbn_9781629583341,Thinking Through Resistance. by Nicola Bulled. (2017). — Routledge. ISBN: 1351807374
"Pandemic Preparedness: Lessons from Influenza, HIV, and COVID-19",https://smarticle.tech/en/article/pandemic-preparedness-lessons-from-influenza-hiv-and-covid-19-202605180010,Public Health,Homeland security,https://openlibrary.org/works/OL565067W,Homeland security. by United States. General Accounting Office. (2002). — GAO
"Pandemic Preparedness: Lessons from Influenza, HIV, and COVID-19",https://smarticle.tech/en/article/pandemic-preparedness-lessons-from-influenza-hiv-and-covid-19-202605180010,Public Health,Diseases of globalization,https://archive.org/details/diseasesofglobal0000mcmu,Diseases of globalization. by Christine McMurray. (2001). — Taylor & Francis Group. ISBN: 9781853837111
"Pandemic Preparedness: Lessons from Influenza, HIV, and COVID-19",https://smarticle.tech/en/article/pandemic-preparedness-lessons-from-influenza-hiv-and-covid-19-202605180010,Public Health,Canadian Pandemic Influenza Preparedness: Antiviral strategy,https://doi.org/10.14745/ccdr.v45i01a05,"Henry B. ""Canadian Pandemic Influenza Preparedness: Antiviral strategy"". crossref, 2019."
"Pandemic Preparedness: Lessons from Influenza, HIV, and COVID-19",https://smarticle.tech/en/article/pandemic-preparedness-lessons-from-influenza-hiv-and-covid-19-202605180010,Public Health,"COVID-19 and Global Health Security: Overview of the Global Health Security Alliance, COVID-19 Response, African Countries’ Approaches, and Ethics",https://doi.org/10.1017/dmp.2020.360,"Belete Yimer, Wassachew Ashebir, Awraris Wolde, Muluken Teshome. ""COVID-19 and Global Health Security: Overview of the Global Health Security Alliance, COVID-19 Response, African Countries’ Approaches, and Ethics"". Disaster Medicine and Public Health Preparedness, 2020."
"Pandemic Preparedness: Lessons from Influenza, HIV, and COVID-19",https://smarticle.tech/en/article/pandemic-preparedness-lessons-from-influenza-hiv-and-covid-19-202605180010,Public Health,Viral Load Dynamics of COVID-19 and Public Health Strategies: Modelling for Pandemic Preparedness,https://doi.org/10.21203/rs.3.rs-3640042/v1,"Alaa M. Sadiq. ""Viral Load Dynamics of COVID-19 and Public Health Strategies: Modelling for Pandemic Preparedness"". crossref, 2023."
"Pandemic Preparedness: Lessons from Influenza, HIV, and COVID-19",https://smarticle.tech/en/article/pandemic-preparedness-lessons-from-influenza-hiv-and-covid-19-202605180010,Public Health,Strengthening event-based surveillance (EBS): a case study from Afghanistan,https://doi.org/10.1186/s13031-024-00598-1,"Mohamed Mostafa Tahoun et al. ""Strengthening event-based surveillance (EBS): a case study from Afghanistan"". crossref, 2024."
Clinical Pathology: Tissue Analysis and Histopathological Diagnosis,https://smarticle.tech/en/article/clinical-pathology-tissue-analysis-and-histopathological-diagnosis-202605180018,Medical Laboratories,Histopathology Reporting,https://archive.org/details/histopathologyre0000alle,Histopathology Reporting. by Derek C. Allen. (2000). — Springer. ISBN: 9781447152637
Clinical Pathology: Tissue Analysis and Histopathological Diagnosis,https://smarticle.tech/en/article/clinical-pathology-tissue-analysis-and-histopathological-diagnosis-202605180018,Medical Laboratories,Pathophysiology of disease,https://openlibrary.org/works/OL18403508W,"Pathophysiology of disease. by Stephen J. McPhee, Vishwanath R. Lingappa, Ganong, William F.. (2002). — McGraw-Hill/Appleton & Lange. ISBN: 9780071387644"
Clinical Pathology: Tissue Analysis and Histopathological Diagnosis,https://smarticle.tech/en/article/clinical-pathology-tissue-analysis-and-histopathological-diagnosis-202605180018,Medical Laboratories,Mechanisms of disease,https://archive.org/details/mechanismsofdise02edunse,"Mechanisms of disease. by Stephen Tomlinson, Anthony M. Heagerty, Anthony P. Weetman. (2008). — Cambridge University Press. ISBN: 9780511380815"
Clinical Pathology: Tissue Analysis and Histopathological Diagnosis,https://smarticle.tech/en/article/clinical-pathology-tissue-analysis-and-histopathological-diagnosis-202605180018,Medical Laboratories,Endocrine Pathology,https://archive.org/details/endocrinepatholo00lloy_0,Endocrine Pathology. by Ricardo V. Lloyd. (1990). — Humana Press. ISBN: 9781461233466
Clinical Pathology: Tissue Analysis and Histopathological Diagnosis,https://smarticle.tech/en/article/clinical-pathology-tissue-analysis-and-histopathological-diagnosis-202605180018,Medical Laboratories,Muscle biopsy,https://archive.org/details/musclebiopsyprac0000dubo,"Muscle biopsy. by Victor Dubowitz, Caroline A. Sewry, Lilly M. S. Dubowitz. (1973). — W.B. Saunders Company. ISBN: 9780702074714"
Clinical Pathology: Tissue Analysis and Histopathological Diagnosis,https://smarticle.tech/en/article/clinical-pathology-tissue-analysis-and-histopathological-diagnosis-202605180018,Medical Laboratories,"Unfavorable Pathology, Tissue Biomarkers and Genomic Tests With Clinical Implications in Prostate Cancer Management",https://doi.org/10.1097/pap.0000000000000192,"Jane Kim Nguyen, Cristina Magi-Galluzzi. ""Unfavorable Pathology, Tissue Biomarkers and Genomic Tests With Clinical Implications in Prostate Cancer Management"". *crossref*, 2018."
Clinical Pathology: Tissue Analysis and Histopathological Diagnosis,https://smarticle.tech/en/article/clinical-pathology-tissue-analysis-and-histopathological-diagnosis-202605180018,Medical Laboratories,Tissue Microarray for Routine Analysis of Breast Biomarkers in the Clinical Laboratory,https://doi.org/10.1309/ajcpw37qgecdycdo,"Thomas A. Thomson, Chen Zhou, Christina Chu, Bryan Knight. ""Tissue Microarray for Routine Analysis of Breast Biomarkers in the Clinical Laboratory"". *American Journal of Clinical Pathology*, 2009."
Clinical Pathology: Tissue Analysis and Histopathological Diagnosis,https://smarticle.tech/en/article/clinical-pathology-tissue-analysis-and-histopathological-diagnosis-202605180018,Medical Laboratories,Analysis of Protein Biomarkers in Human Clinical Tumor Samples: Critical Aspects to Success from Tissue Acquisition to Analysis,https://doi.org/10.2217/bmm.11.9,"Madhuri V Warren, WY Iris Chan, John M Ridley. ""Analysis of Protein Biomarkers in Human Clinical Tumor Samples: Critical Aspects to Success from Tissue Acquisition to Analysis"". crossref, 2011."
Clinical Pathology: Tissue Analysis and Histopathological Diagnosis,https://smarticle.tech/en/article/clinical-pathology-tissue-analysis-and-histopathological-diagnosis-202605180018,Medical Laboratories,Clinical tissue biomarker digital image analysis: A review of current applications,https://doi.org/10.1016/j.hpr.2022.300633,"Zaibo Li, Marilyn M. Bui, Liron Pantanowitz. ""Clinical tissue biomarker digital image analysis: A review of current applications"". crossref, 2022."
Clinical Pathology: Tissue Analysis and Histopathological Diagnosis,https://smarticle.tech/en/article/clinical-pathology-tissue-analysis-and-histopathological-diagnosis-202605180018,Medical Laboratories,Clinical biomarkers in soft tissue sarcoma A comprehensive review of current soft tissue sarcoma biomarkers,https://doi.org/10.1002/jso.26680,"Soumya R. Sharma, Nadia E. Paonessa, Lucia Casadei, et al. ""Clinical biomarkers in soft tissue sarcoma A comprehensive review of current soft tissue sarcoma biomarkers"". Journal of Surgical Oncology, 2021."
"Diagnostic Blood Testing: Haematology, Biochemistry, and Biomarkers",https://smarticle.tech/en/article/diagnostic-blood-testing-haematology-biochemistry-and-biomarkers-202605180026,Medical Laboratories,Veterinary laboratory medicine,https://archive.org/details/veterinarylabora0000kerr,"Veterinary laboratory medicine. by Morag G. Kerr. (1988). — Wiley & Sons, Incorporated, John. ISBN: 9780632040230"
"Diagnostic Blood Testing: Haematology, Biochemistry, and Biomarkers",https://smarticle.tech/en/article/diagnostic-blood-testing-haematology-biochemistry-and-biomarkers-202605180026,Medical Laboratories,Atlas of hematology,https://archive.org/details/atlasofhematolog0000ande,"Atlas of hematology. by Shauna Christine Anderson, Shauna C. Anderson, Keila B Poulsen. (2003). — Lippincott Williams & Wilkins. ISBN: 9780781726627"
"Diagnostic Blood Testing: Haematology, Biochemistry, and Biomarkers",https://smarticle.tech/en/article/diagnostic-blood-testing-haematology-biochemistry-and-biomarkers-202605180026,Medical Laboratories,Clinical haematology,https://archive.org/details/clinicalhaematol0000prov,"Clinical haematology. by Andrew Provan, Drew Provan, Andrew Amos. (1997). — A Hodder Arnold Publication. ISBN: 0750629207"
"Diagnostic Blood Testing: Haematology, Biochemistry, and Biomarkers",https://smarticle.tech/en/article/diagnostic-blood-testing-haematology-biochemistry-and-biomarkers-202605180026,Medical Laboratories,"Essential Laboratory Medicine ; Clinical Pathology, Microbiology, Haematology, Cytology, Histopathology, Biochemistry, Blood Banking and Immunology",https://openlibrary.org/works/OL10246647W,"Essential Laboratory Medicine ; Clinical Pathology, Microbiology, Haematology, Cytology, Histopathology, Biochemistry, Blood Banking and Immunology. by V.H. Talib. (1999). — Interprint. ISBN: 8188039330"
"Diagnostic Blood Testing: Haematology, Biochemistry, and Biomarkers",https://smarticle.tech/en/article/diagnostic-blood-testing-haematology-biochemistry-and-biomarkers-202605180026,Medical Laboratories,"Croatian Society of Medical Biochemistry and Laboratory Medicine: National recommendations for blood collection, processing, performance and reporting",https://doi.org/10.11613/BM.2019.020503,"A. Bronić, D. Coen Herak, S. Margetić, M. Milić. ""Croatian Society of Medical Biochemistry and Laboratory Medicine: National recommendations for blood collection, processing, performance and reporting of results for coagulation screening assays prothrombin time, activated partial thromboplastin time, thrombin time, fibrinogen and D-dimer"". semantic_scholar_foundational, 2019."
"Diagnostic Blood Testing: Haematology, Biochemistry, and Biomarkers",https://smarticle.tech/en/article/diagnostic-blood-testing-haematology-biochemistry-and-biomarkers-202605180026,Medical Laboratories,"Diagnostic Performance of Red Blood Cell Indices, Serum Erythropoietin, and JAK2 Mutation Testing for the Evaluation of Polycythemia Vera at High Alti",https://doi.org/10.1182/blood-2023-177970,"Husain Y. Alkhaldy et al. ""Diagnostic Performance of Red Blood Cell Indices, Serum Erythropoietin, and JAK2 Mutation Testing for the Evaluation of Polycythemia Vera at High Altitude"". Blood, 2023."
"Diagnostic Blood Testing: Haematology, Biochemistry, and Biomarkers",https://smarticle.tech/en/article/diagnostic-blood-testing-haematology-biochemistry-and-biomarkers-202605180026,Medical Laboratories,Reliability of HIV rapid diagnostic tests for self-testing compared with testing by health-care workers: a systematic review and meta-analysis,https://doi.org/10.1016/S2352-3018(18)30044-4,"Carmen Figueroa, C. Johnson, N. Ford, A. Sands, S. Dalal, Robyn Meurant, Irena Prat, K. Hatzold, W. Urassa, R. Baggaley. ""Reliability of HIV rapid diagnostic tests for self-testing compared with testing by health-care workers: a systematic review and meta-analysis"". semantic_scholar_foundational, 2018."
"Diagnostic Blood Testing: Haematology, Biochemistry, and Biomarkers",https://smarticle.tech/en/article/diagnostic-blood-testing-haematology-biochemistry-and-biomarkers-202605180026,Medical Laboratories,Laboratory practices for manual blood film review: Results of an IQMH patterns of practice survey,https://doi.org/10.1111/ijlh.13343,"Elaine Leung, A. Johnston, Brian Olsen, Hong Chang, T. Martin, Miranda Wozniak, D. Good. ""Laboratory practices for manual blood film review: Results of an IQMH patterns of practice survey"". International Journal of Laboratory Hematology, 2020."
"Diagnostic Blood Testing: Haematology, Biochemistry, and Biomarkers",https://smarticle.tech/en/article/diagnostic-blood-testing-haematology-biochemistry-and-biomarkers-202605180026,Medical Laboratories,Review of the implementation of plasma ctDNA testing on behalf of IQN Path ASBL: a perspective from an EQA providers’ survey,https://doi.org/10.1007/s00428-017-2222-z,"Deans Z, Williams HL, Dequeker E, et al. ""Review of the implementation of plasma ctDNA testing on behalf of IQN Path ASBL: a perspective from an EQA providers’ survey"". Virchows Archiv, 2017."
"Diagnostic Blood Testing: Haematology, Biochemistry, and Biomarkers",https://smarticle.tech/en/article/diagnostic-blood-testing-haematology-biochemistry-and-biomarkers-202605180026,Medical Laboratories,Patient Blood Management in 2023: a Nationwide Survey of Anesthesiologists in Romania following the 2018 Guidelines,https://doi.org/10.2450/BloodTransfus.776,"D. Filipescu et al. ""Patient Blood Management in 2023: a Nationwide Survey of Anesthesiologists in Romania following the 2018 Guidelines"". Blood Transfus, 2024."
"Medical Microbiology: Bacterial, Viral, and Fungal Pathogen Identification",https://smarticle.tech/en/article/medical-microbiology-bacterial-viral-and-fungal-pathogen-identification-202605180034,Medical Laboratories,"Principles of bacteriology, virology, and immunity",https://archive.org/details/topleywilsonspri01topl,"Principles of bacteriology, virology, and immunity. by William Whiteman Carlton Topley, Graham Selby Wilson, A. A. Miles. (1929). — Lippincott Williams & Wilkins. ISBN: 0713144262"
"Medical Microbiology: Bacterial, Viral, and Fungal Pathogen Identification",https://smarticle.tech/en/article/medical-microbiology-bacterial-viral-and-fungal-pathogen-identification-202605180034,Medical Laboratories,Advances in applied microbiology,https://archive.org/details/advancesappliedm65lask,"Advances in applied microbiology. by Allen I. Laskin, Geoffrey Michael Gadd, Sima Sariaslani. (2008). — Elsevier Science & Technology. ISBN: 9780128052181"
"Medical Microbiology: Bacterial, Viral, and Fungal Pathogen Identification",https://smarticle.tech/en/article/medical-microbiology-bacterial-viral-and-fungal-pathogen-identification-202605180034,Medical Laboratories,Microbiology,https://archive.org/details/introductionalam0000tort,"Microbiology. by Gerard J. Tortora, Berdell R. Funke, Christine L. Case. (1982). — Pearson Education, Limited. ISBN: 9780134716121"
"Medical Microbiology: Bacterial, Viral, and Fungal Pathogen Identification",https://smarticle.tech/en/article/medical-microbiology-bacterial-viral-and-fungal-pathogen-identification-202605180034,Medical Laboratories,Molecular Biology of the Cell,https://archive.org/details/molecularbiology0000unse_e2q3,"Molecular Biology of the Cell. by Bruce Alberts, Alexander Johnson, Julian Lewis. (1983). — NCBI. ISBN: 9780824072834"
"Medical Microbiology: Bacterial, Viral, and Fungal Pathogen Identification",https://smarticle.tech/en/article/medical-microbiology-bacterial-viral-and-fungal-pathogen-identification-202605180034,Medical Laboratories,Molecular biology of the gene,https://archive.org/details/molecularbiology0004unse,"Molecular biology of the gene. by James D. Watson, Nancy H. Hopkins, Jeffrey W. Roberts. (1965). — Pearson/Benjamin Cummings. ISBN: 1405823798"
"Medical Microbiology: Bacterial, Viral, and Fungal Pathogen Identification",https://smarticle.tech/en/article/medical-microbiology-bacterial-viral-and-fungal-pathogen-identification-202605180034,Medical Laboratories,"Advances in Microbiology, Infectious Diseases and Public Health",https://openlibrary.org/works/OL20697702W,"Advances in Microbiology, Infectious Diseases and Public Health. by Gianfranco Donelli. (2016). — Springer International Publishing AG. ISBN: 9783319263205"
"Medical Microbiology: Bacterial, Viral, and Fungal Pathogen Identification",https://smarticle.tech/en/article/medical-microbiology-bacterial-viral-and-fungal-pathogen-identification-202605180034,Medical Laboratories,Science in a Technical World,https://archive.org/details/pulppaperresearc0000unse,Science in a Technical World. by American Chemical Society. (1999). — W. H. Freeman. ISBN: 0716737922
"Medical Microbiology: Bacterial, Viral, and Fungal Pathogen Identification",https://smarticle.tech/en/article/medical-microbiology-bacterial-viral-and-fungal-pathogen-identification-202605180034,Medical Laboratories,Introduction to microbiology,https://archive.org/details/introductiontomi0000john,Introduction to microbiology. by John L. Ingraham. (1995). — Brooks/Cole Pub. Co. ISBN: 0534167284
"Medical Microbiology: Bacterial, Viral, and Fungal Pathogen Identification",https://smarticle.tech/en/article/medical-microbiology-bacterial-viral-and-fungal-pathogen-identification-202605180034,Medical Laboratories,Science and civilisation in China,https://archive.org/details/zhongguokexuejis05need,Science and civilisation in China. by Joseph Needham. (1954). — Cambridge University Press. ISBN: 9780521058001
"Medical Microbiology: Bacterial, Viral, and Fungal Pathogen Identification",https://smarticle.tech/en/article/medical-microbiology-bacterial-viral-and-fungal-pathogen-identification-202605180034,Medical Laboratories,INTRODUCTION TO BIODETERIORATION,https://openlibrary.org/works/OL13633739W,"INTRODUCTION TO BIODETERIORATION. by DENNIS ALLSOPP, Dennis Allsopp, Kenneth J. Seal. (2004). — CAMBRIDGE UNIV PRESS. ISBN: 9780521528870"
Clinical Pharmacology and Drug Mechanisms,https://smarticle.tech/en/article/clinical-pharmacology-and-drug-mechanisms-202605190443,Pharmacy,Cardiovascular pharmacotherapeutics,https://archive.org/details/cardiovascularph02edunse,"Cardiovascular pharmacotherapeutics. by William H. Frishman, Domenic A. Sica, Edmund H. Sonnenblick. (1997). — McGraw-Hill, Medical Pub. Division. ISBN: 1935395629"
Clinical Pharmacology and Drug Mechanisms,https://smarticle.tech/en/article/clinical-pharmacology-and-drug-mechanisms-202605190443,Pharmacy,Drugs of Abuse,https://archive.org/details/drugsofabusephar0000howa,Drugs of Abuse. by Sherrel Howard. (2014). — Wiley-Blackwell. ISBN: 9781118870891
Clinical Pharmacology and Drug Mechanisms,https://smarticle.tech/en/article/clinical-pharmacology-and-drug-mechanisms-202605190443,Pharmacy,Antimicrobial drug resistance,https://archive.org/details/antimicrobialdru00maye,Antimicrobial drug resistance. by Douglas L. Mayers. (2009). — Springer. ISBN: 9783319467184
Clinical Pharmacology and Drug Mechanisms,https://smarticle.tech/en/article/clinical-pharmacology-and-drug-mechanisms-202605190443,Pharmacy,Atlas of psychiatric pharmacotherapy,https://openlibrary.org/works/OL9012624W,Atlas of psychiatric pharmacotherapy. by Roni Shiloh. (1999). — Taylor & Francis. ISBN: 1853179345
Clinical Pharmacology and Drug Mechanisms,https://smarticle.tech/en/article/clinical-pharmacology-and-drug-mechanisms-202605190443,Pharmacy,"Cocaine, marijuana, designer drugs",https://archive.org/details/cocainemarijuana0000unse,"Cocaine, marijuana, designer drugs. by Charles A. Walker, Gene Barnett, Kinfe Redda. (1989). — Taylor & Francis Group. ISBN: 1439805229"
Clinical Pharmacology and Drug Mechanisms,https://smarticle.tech/en/article/clinical-pharmacology-and-drug-mechanisms-202605190443,Pharmacy,Molecular mechanisms of drug action,https://archive.org/details/molecularmechani0000coul_g1l2,Molecular mechanisms of drug action. by Christopher J. Coulson. (1988). — Routledge. ISBN: 9781280405457
Clinical Pharmacology and Drug Mechanisms,https://smarticle.tech/en/article/clinical-pharmacology-and-drug-mechanisms-202605190443,Pharmacy,Pocket Guide For Textbook Of Pharmocotherapy,https://openlibrary.org/works/OL5769673W,Pocket Guide For Textbook Of Pharmocotherapy. by David Rosenberg. (1997). — Routledge. ISBN: 9780876308714
Clinical Pharmacology and Drug Mechanisms,https://smarticle.tech/en/article/clinical-pharmacology-and-drug-mechanisms-202605190443,Pharmacy,Definitions and mechanisms of drug hypersensitivity,https://doi.org/10.1586/ecp.10.32,"Bettina Wedi. ""Definitions and mechanisms of drug hypersensitivity"". crossref, 2010."
Clinical Pharmacology and Drug Mechanisms,https://smarticle.tech/en/article/clinical-pharmacology-and-drug-mechanisms-202605190443,Pharmacy,"Past, present, and future of FGFR inhibitors in cholangiocarcinoma: from biological mechanisms to clinical applications",https://doi.org/10.1080/17512433.2023.2232302,"Amadeo, E. et al. ""Past, present, and future of FGFR inhibitors in cholangiocarcinoma: from biological mechanisms to clinical applications"". *Crossref*, 2023."
Clinical Pharmacology and Drug Mechanisms,https://smarticle.tech/en/article/clinical-pharmacology-and-drug-mechanisms-202605190443,Pharmacy,Adverse events associated with nilotinib in chronic myeloid leukemia: mechanisms and management strategies,https://doi.org/10.1080/17512433.2021.1894129,"Zeng Wang, Liyu Jiang, Hao Yan, Zhifei Xu, Peihua Luo. ""Adverse events associated with nilotinib in chronic myeloid leukemia: mechanisms and management strategies"". crossref, 2021."
Human Pathology: Disease Mechanisms at the Cellular Level,https://smarticle.tech/en/article/human-pathology-disease-mechanisms-at-the-cellular-level-202605190457,Medical Laboratories,Introduction to Human Disease,https://openlibrary.org/works/OL21062938W,"Introduction to Human Disease. by Agnes G. Loeffler, Michael N. Hart. (2012). — Jones & Bartlett Learning, LLC. ISBN: 1449690661"
Human Pathology: Disease Mechanisms at the Cellular Level,https://smarticle.tech/en/article/human-pathology-disease-mechanisms-at-the-cellular-level-202605190457,Medical Laboratories,Pathophysiology of disease,https://openlibrary.org/works/OL18403508W,"Pathophysiology of disease. by Stephen J. McPhee, Vishwanath R. Lingappa, Ganong, William F.. (2002). — Lange Medical Books/McGraw-Hill. ISBN: 007121240X"
Human Pathology: Disease Mechanisms at the Cellular Level,https://smarticle.tech/en/article/human-pathology-disease-mechanisms-at-the-cellular-level-202605190457,Medical Laboratories,An introduction to human disease,https://archive.org/details/introductiontohu0000crow_j5v7,An introduction to human disease. by Leonard V. Crowley. (2004). — Jones and Bartlett. ISBN: 0763707279
Human Pathology: Disease Mechanisms at the Cellular Level,https://smarticle.tech/en/article/human-pathology-disease-mechanisms-at-the-cellular-level-202605190457,Medical Laboratories,Neurobiology of the locus coeruleus,https://archive.org/details/transductioncell0000unse,Neurobiology of the locus coeruleus. by Jochen Klein. (1996). — Elsevier Science. ISBN: 9780444801043
Human Pathology: Disease Mechanisms at the Cellular Level,https://smarticle.tech/en/article/human-pathology-disease-mechanisms-at-the-cellular-level-202605190457,Medical Laboratories,Cellular and Molecular Mechanisms of Autoimmune Disease,https://doi.org/10.1177/0192623311428481,"Brad Bolon. ""Cellular and Molecular Mechanisms of Autoimmune Disease"". crossref, 2011."
Human Pathology: Disease Mechanisms at the Cellular Level,https://smarticle.tech/en/article/human-pathology-disease-mechanisms-at-the-cellular-level-202605190457,Medical Laboratories,Animal and cellular models of human disease,https://doi.org/10.1002/path.4662,"Mark J Arends, Eric S White, C Bruce A Whitelaw. ""Animal and cellular models of human disease"". crossref, 2015."
Human Pathology: Disease Mechanisms at the Cellular Level,https://smarticle.tech/en/article/human-pathology-disease-mechanisms-at-the-cellular-level-202605190457,Medical Laboratories,Mechanisms of intracellular compartmentalization and disease,https://doi.org/10.1016/j.ejcb.2015.06.008,"Roland Lill. ""Mechanisms of intracellular compartmentalization and disease"". *European Journal of Cell Biology*, 2015."
Human Pathology: Disease Mechanisms at the Cellular Level,https://smarticle.tech/en/article/human-pathology-disease-mechanisms-at-the-cellular-level-202605190457,Medical Laboratories,Cellular and molecular mechanisms of fibrosis,https://doi.org/10.1002/path.2277,"TA Wynn. ""Cellular and molecular mechanisms of fibrosis"". Pathology, 2007."
Human Pathology: Disease Mechanisms at the Cellular Level,https://smarticle.tech/en/article/human-pathology-disease-mechanisms-at-the-cellular-level-202605190457,Medical Laboratories,Cellular change in human disease,https://doi.org/10.1016/s0046-8177(73)80050-4,"Trump, B. F. et al. ""Cellular change in human disease"". *Human Pathology*, 1973."
Human Pathology: Disease Mechanisms at the Cellular Level,https://smarticle.tech/en/article/human-pathology-disease-mechanisms-at-the-cellular-level-202605190457,Medical Laboratories,Faculty Opinions recommendation of Behind the smile: cell biology and disease mechanisms of Giardia species.,https://doi.org/10.3410/f.720772355.793506215,"R Balfour Sartor. ""Behind the smile: cell biology and disease mechanisms of Giardia species"". crossref, 2015."
"Clinical Pharmacology: Drug Mechanisms, Pharmacokinetics, and Therapeutic Applications",https://smarticle.tech/en/article/clinical-pharmacology-drug-mechanisms-pharmacokinetics-and-therapeutic-appl-202605190512,Pharmacy,Galen On the natural faculties,https://archive.org/details/hippocraticwriti030332mbp,"Galen On the natural faculties. by Galen, Arthur John Brock, Paul Boer. (1916). — Harvard University Press. ISBN: 1017037450"
"Clinical Pharmacology: Drug Mechanisms, Pharmacokinetics, and Therapeutic Applications",https://smarticle.tech/en/article/clinical-pharmacology-drug-mechanisms-pharmacokinetics-and-therapeutic-appl-202605190512,Pharmacy,Therapeutics,https://archive.org/details/b20409278,"Therapeutics. by Horatio C. Wood, Jr.. (1874). — J.B Lippincott. ISBN: 9781020785771"
"Clinical Pharmacology: Drug Mechanisms, Pharmacokinetics, and Therapeutic Applications",https://smarticle.tech/en/article/clinical-pharmacology-drug-mechanisms-pharmacokinetics-and-therapeutic-appl-202605190512,Pharmacy,"Handbook of Pharmaceutical Manufacturing Formulations, Third Edition",https://openlibrary.org/works/OL20744968W,"Handbook of Pharmaceutical Manufacturing Formulations, Third Edition. by Sarfaraz K. Niazi. (2019). — CRC Press LLC. ISBN: 9781138103306"
"Clinical Pharmacology: Drug Mechanisms, Pharmacokinetics, and Therapeutic Applications",https://smarticle.tech/en/article/clinical-pharmacology-drug-mechanisms-pharmacokinetics-and-therapeutic-appl-202605190512,Pharmacy,The Mechanics of Inhaled Pharmaceutical Aerosols,https://archive.org/details/mechanicsofinhal0000finl,The Mechanics of Inhaled Pharmaceutical Aerosols. by Warren H. Finlay. (2001). — Elsevier Science & Technology Books. ISBN: 0081027494
"Clinical Pharmacology: Drug Mechanisms, Pharmacokinetics, and Therapeutic Applications",https://smarticle.tech/en/article/clinical-pharmacology-drug-mechanisms-pharmacokinetics-and-therapeutic-appl-202605190512,Pharmacy,"Antifungals: Drug Class, Mechanisms of Action, Pharmacokinetics/Pharmacodynamics, Drug-Drug Interactions, Toxicity, and Clinical Use",https://doi.org/10.1128/9781555817176.ch22,"Nett, Jeniel E., and David R. Andes. ""Antifungals: Drug Class, Mechanisms of Action, Pharmacokinetics/Pharmacodynamics, Drug-Drug Interactions, Toxicity, and Clinical Use"". *Crossref*, 2014."
"Clinical Pharmacology: Drug Mechanisms, Pharmacokinetics, and Therapeutic Applications",https://smarticle.tech/en/article/clinical-pharmacology-drug-mechanisms-pharmacokinetics-and-therapeutic-appl-202605190512,Pharmacy,Handbook of Basic Pharmacokinetics … Including Clinical Applications,https://doi.org/10.1097/00007691-198709000-00019,"Reed, Michael D. ""Handbook of Basic Pharmacokinetics … Including Clinical Applications"". *crossref*, 1987."
"Clinical Pharmacology: Drug Mechanisms, Pharmacokinetics, and Therapeutic Applications",https://smarticle.tech/en/article/clinical-pharmacology-drug-mechanisms-pharmacokinetics-and-therapeutic-appl-202605190512,Pharmacy,Definitions and mechanisms of drug hypersensitivity,https://doi.org/10.1586/ecp.10.32,"Bettina Wedi. ""Definitions and mechanisms of drug hypersensitivity"". crossref, 2010."
"Drug Interactions and Adverse Effects: Classification, Mechanisms, and Clinical Management",https://smarticle.tech/en/article/drug-interactions-and-adverse-effects-classification-mechanisms-and-clinica-202605190528,Pharmacy,Encyclopedia of drug metabolism and interactions,https://openlibrary.org/works/OL16695147W,"Encyclopedia of drug metabolism and interactions. by Alexander V. Lyubimov. (2012). — Wiley & Sons, Incorporated, John. ISBN: 1118149769"
"Drug Interactions and Adverse Effects: Classification, Mechanisms, and Clinical Management",https://smarticle.tech/en/article/drug-interactions-and-adverse-effects-classification-mechanisms-and-clinica-202605190528,Pharmacy,Managing clinically important drug interactions,https://archive.org/details/managingclinical0000hans,"Managing clinically important drug interactions. by Philip D. Hansten, John R Horn. (2002). — Facts & Comparisons. ISBN: 1574391380"
"Drug Interactions and Adverse Effects: Classification, Mechanisms, and Clinical Management",https://smarticle.tech/en/article/drug-interactions-and-adverse-effects-classification-mechanisms-and-clinica-202605190528,Pharmacy,Drug interactions,https://archive.org/details/druginteractions00hans,"Drug interactions. by Philip D. Hansten, John R Horn. (1971). — Lippincott Williams & Wilkins. ISBN: 9780812104325"
"Drug Interactions and Adverse Effects: Classification, Mechanisms, and Clinical Management",https://smarticle.tech/en/article/drug-interactions-and-adverse-effects-classification-mechanisms-and-clinica-202605190528,Pharmacy,Meyler's side effects of drugs,https://archive.org/details/meylerssideeffec0000meyl,"Meyler's side effects of drugs. by Leopold Meyler, M. N. Dukes, Leopold Meyler. (1952). — Excerpta Medica. ISBN: 0444151761"
"Drug Interactions and Adverse Effects: Classification, Mechanisms, and Clinical Management",https://smarticle.tech/en/article/drug-interactions-and-adverse-effects-classification-mechanisms-and-clinica-202605190528,Pharmacy,Food-Medication Interactions,https://archive.org/details/foodmedicationin0000pron,"Food-Medication Interactions. by Zaneta M. Pronsky, Jeanne Crowe, Solomon Epstein. (1995). — Food Medication Interactions. ISBN: 0971089612"
"Drug Interactions and Adverse Effects: Classification, Mechanisms, and Clinical Management",https://smarticle.tech/en/article/drug-interactions-and-adverse-effects-classification-mechanisms-and-clinica-202605190528,Pharmacy,Safer prescribing,https://openlibrary.org/works/OL6727473W,Safer prescribing. by Linda Beeley. (1975). — distributed in U.S. by J. B. Lippincott. ISBN: 9780632017942
"Drug Interactions and Adverse Effects: Classification, Mechanisms, and Clinical Management",https://smarticle.tech/en/article/drug-interactions-and-adverse-effects-classification-mechanisms-and-clinica-202605190528,Pharmacy,Drug-induced ocular side effects and drug interactions,https://archive.org/details/druginducedocula0000frau_y9c9,Drug-induced ocular side effects and drug interactions. by Frederick T. Fraunfelder. (1976). — Lea & Febiger. ISBN: 0812111915
"Drug Interactions and Adverse Effects: Classification, Mechanisms, and Clinical Management",https://smarticle.tech/en/article/drug-interactions-and-adverse-effects-classification-mechanisms-and-clinica-202605190528,Pharmacy,Mechanistic and clinical descriptions of adverse drug reactions,https://doi.org/10.1016/b978-0-444-53741-6.00059-3,"Mechanistic and clinical descriptions of adverse drug reactions. Crossref, 2011."
"Drug Interactions and Adverse Effects: Classification, Mechanisms, and Clinical Management",https://smarticle.tech/en/article/drug-interactions-and-adverse-effects-classification-mechanisms-and-clinica-202605190528,Pharmacy,"Mechanisms of Drug Interactions I: Absorption, Metabolism, and Excretion",https://doi.org/10.1007/978-3-319-72422-5_2,"Burger, David M., et al. ""Mechanisms of Drug Interactions I: Absorption, Metabolism, and Excretion"". crossref, 2018."
"Pharmaceutical Forms and Drug Delivery Systems: Oral, Injectable, and Topical Routes",https://smarticle.tech/en/article/pharmaceutical-forms-and-drug-delivery-systems-oral-injectable-and-topical--202605190543,Pharmacy,"Handbook of Pharmaceutical Manufacturing Formulations, Third Edition",https://openlibrary.org/works/OL20744968W,"Handbook of Pharmaceutical Manufacturing Formulations, Third Edition. by Sarfaraz K. Niazi. (2019). — CRC Press LLC. ISBN: 9781138103306"
"Pharmaceutical Forms and Drug Delivery Systems: Oral, Injectable, and Topical Routes",https://smarticle.tech/en/article/pharmaceutical-forms-and-drug-delivery-systems-oral-injectable-and-topical--202605190543,Pharmacy,ISPE Good Practice Guide,https://openlibrary.org/works/OL27953090W,ISPE Good Practice Guide. by Ispe. (2007). — International Society for Pharmaceutical Engineering. ISBN: 1946964484
"Pharmaceutical Forms and Drug Delivery Systems: Oral, Injectable, and Topical Routes",https://smarticle.tech/en/article/pharmaceutical-forms-and-drug-delivery-systems-oral-injectable-and-topical--202605190543,Pharmacy,Pharmaceutical Dosage Forms - Tablets,https://openlibrary.org/works/OL21008412W,"Pharmaceutical Dosage Forms - Tablets. by Larry L. Augsburger, Stephen W. Hoag. (2008). — Taylor & Francis Group. ISBN: 0429191154"
"Pharmaceutical Forms and Drug Delivery Systems: Oral, Injectable, and Topical Routes",https://smarticle.tech/en/article/pharmaceutical-forms-and-drug-delivery-systems-oral-injectable-and-topical--202605190543,Pharmacy,Generic drug product development,https://openlibrary.org/works/OL1995277W,"Generic drug product development. by Leon Shargel, Isadore Kanfer. (2007). — Informa Healthcare. ISBN: 9781420020014"
"Pharmaceutical Forms and Drug Delivery Systems: Oral, Injectable, and Topical Routes",https://smarticle.tech/en/article/pharmaceutical-forms-and-drug-delivery-systems-oral-injectable-and-topical--202605190543,Pharmacy,Introduction to pharmaceutical dosage forms,https://archive.org/details/introductiontoph0000anse_o3i2,Introduction to pharmaceutical dosage forms. by Howard C. Ansel. (1969). — Lea & Febiger. ISBN: 0812100050
"Pharmaceutical Forms and Drug Delivery Systems: Oral, Injectable, and Topical Routes",https://smarticle.tech/en/article/pharmaceutical-forms-and-drug-delivery-systems-oral-injectable-and-topical--202605190543,Pharmacy,Pharmaceutical Dosage Forms,https://openlibrary.org/works/OL8164621W,Pharmaceutical Dosage Forms. by Herbert Lieberman. (1998). — Taylor & Francis Group. ISBN: 1000148416
"Pharmaceutical Forms and Drug Delivery Systems: Oral, Injectable, and Topical Routes",https://smarticle.tech/en/article/pharmaceutical-forms-and-drug-delivery-systems-oral-injectable-and-topical--202605190543,Pharmacy,Drug delivery,https://openlibrary.org/works/OL16938027W,"Drug delivery. by Binghe Wang. (2005). — Wiley & Sons, Incorporated, John. ISBN: 9781280275449"
"Pharmaceutical Forms and Drug Delivery Systems: Oral, Injectable, and Topical Routes",https://smarticle.tech/en/article/pharmaceutical-forms-and-drug-delivery-systems-oral-injectable-and-topical--202605190543,Pharmacy,Introduction to clinical pharmaceutics,https://openlibrary.org/works/OL19858903W,Introduction to clinical pharmaceutics. by A. T. Florence. (2009). — Pharmaceutical Press. ISBN: 085369964X
"Pharmaceutical Forms and Drug Delivery Systems: Oral, Injectable, and Topical Routes",https://smarticle.tech/en/article/pharmaceutical-forms-and-drug-delivery-systems-oral-injectable-and-topical--202605190543,Pharmacy,Protein and Peptide Drug Delivery,https://doi.org/10.1201/b12122-29,"Parry, R. J. ""Protein and Peptide Drug Delivery"". crossref, 2011."
"Pharmaceutical Forms and Drug Delivery Systems: Oral, Injectable, and Topical Routes",https://smarticle.tech/en/article/pharmaceutical-forms-and-drug-delivery-systems-oral-injectable-and-topical--202605190543,Pharmacy,Drug Delivery Systems,https://doi.org/10.1201/b12122-19,"Ram I. Mahato, Ajit S. Narang, Virender Kumar. ""Drug Delivery Systems"". crossref, 2024."
"Therapeutic Nutrition in Chronic Disease: Diabetes, Renal Failure, and Cardiovascular Conditions",https://smarticle.tech/en/article/therapeutic-nutrition-in-chronic-disease-diabetes-renal-failure-and-cardiov-202605190600,Clinical Nutrition,Nutrition therapy for chronic kidney disease,https://archive.org/details/nutritiontherapy0000unse_j7y4,"Nutrition therapy for chronic kidney disease. by Lynn K. Thomas, Jennifer Bohnstadt Othersen. (2012). — Taylor & Francis Group. ISBN: 9780429109980"
"Therapeutic Nutrition in Chronic Disease: Diabetes, Renal Failure, and Cardiovascular Conditions",https://smarticle.tech/en/article/therapeutic-nutrition-in-chronic-disease-diabetes-renal-failure-and-cardiov-202605190600,Clinical Nutrition,Guiding Principles for Developing Dietary Reference Intakes Based on Chronic Disease,https://openlibrary.org/works/OL21616801W,"Guiding Principles for Developing Dietary Reference Intakes Based on Chronic Disease. by National Academies of Sciences, Engineering, and Medicine, Health and Medicine Division, Food and Nutrition Board. (2017). — National Academies Press. ISBN: 9780309462570"
"Therapeutic Nutrition in Chronic Disease: Diabetes, Renal Failure, and Cardiovascular Conditions",https://smarticle.tech/en/article/therapeutic-nutrition-in-chronic-disease-diabetes-renal-failure-and-cardiov-202605190600,Clinical Nutrition,21 Things You Need to Know about Diabetes and Nutrition,https://archive.org/details/21thingsyouneedt0000dunb,"21 Things You Need to Know about Diabetes and Nutrition. by Stephanie A. Dunbar, Cassandra L. Verdi. (2014). — American Diabetes Association. ISBN: 1580405908"
"Therapeutic Nutrition in Chronic Disease: Diabetes, Renal Failure, and Cardiovascular Conditions",https://smarticle.tech/en/article/therapeutic-nutrition-in-chronic-disease-diabetes-renal-failure-and-cardiov-202605190600,Clinical Nutrition,Nutrition in Kidney Disease,https://openlibrary.org/works/OL20713466W,"Nutrition in Kidney Disease. by Laura D. Byham-Gray, Jerrilynn D. Burrowes, Glenn M. Chertow. (2010). — Humana. ISBN: 1493956426"
"Therapeutic Nutrition in Chronic Disease: Diabetes, Renal Failure, and Cardiovascular Conditions",https://smarticle.tech/en/article/therapeutic-nutrition-in-chronic-disease-diabetes-renal-failure-and-cardiov-202605190600,Clinical Nutrition,Nutritional management of renal disease,https://openlibrary.org/works/OL18295255W,Nutritional management of renal disease. by Shaul G. Massry. (1997). — Williams & Wilkins. ISBN: 0128185414
"Therapeutic Nutrition in Chronic Disease: Diabetes, Renal Failure, and Cardiovascular Conditions",https://smarticle.tech/en/article/therapeutic-nutrition-in-chronic-disease-diabetes-renal-failure-and-cardiov-202605190600,Clinical Nutrition,"Effects of Diet and Supplements on Parameters of Oxidative Stress, Inflammation, and Antioxidant Mechanisms in Patients with Chronic Renal Failure Und",https://doi.org/10.3390/ijms252011036,"Anna Bogacka, M. Olszewska, Kazimierz Ciechanowski. ""Effects of Diet and Supplements on Parameters of Oxidative Stress, Inflammation, and Antioxidant Mechanisms in Patients with Chronic Renal Failure Undergoing Hemodialysis"". International Journal of Molecular Sciences, 2024."
"Therapeutic Nutrition in Chronic Disease: Diabetes, Renal Failure, and Cardiovascular Conditions",https://smarticle.tech/en/article/therapeutic-nutrition-in-chronic-disease-diabetes-renal-failure-and-cardiov-202605190600,Clinical Nutrition,Prevalence of individuals with diabetes and chronic kidney disease indicated for finerenone treatment in the United States: A National Health and Nutr,https://doi.org/10.1111/dom.16006,"Xiufang Kong, Wei Wang. ""Prevalence of individuals with diabetes and chronic kidney disease indicated for finerenone treatment in the United States: A National Health and Nutrition Examination Survey‐based estimation"". Diabetes, Obesity & Metabolism, 2024."
"Therapeutic Nutrition in Chronic Disease: Diabetes, Renal Failure, and Cardiovascular Conditions",https://smarticle.tech/en/article/therapeutic-nutrition-in-chronic-disease-diabetes-renal-failure-and-cardiov-202605190600,Clinical Nutrition,The Importance of Prognostic Nutritional Index in Predicting Acute Renal Failure After On-Pump Coronary Artery Bypass Operations in Patients with Insu,https://doi.org/10.1532/hsf.3859,"A. Gucu, O. ozluk, O. Guvenc, S. Sunbul, M. Engin. ""The Importance of Prognostic Nutritional Index in Predicting Acute Renal Failure After On-Pump Coronary Artery Bypass Operations in Patients with Insulin-Dependent Diabetes Mellitus"". semantic_scholar_foundational, 2021."
"Therapeutic Nutrition in Chronic Disease: Diabetes, Renal Failure, and Cardiovascular Conditions",https://smarticle.tech/en/article/therapeutic-nutrition-in-chronic-disease-diabetes-renal-failure-and-cardiov-202605190600,Clinical Nutrition,"Guidelines for the Management of Adult Acute and Acute-on-Chronic Liver Failure in the ICU: Cardiovascular, Endocrine, Hematologic, Pulmonary, and Ren",https://doi.org/10.1097/CCM.0000000000004192,"R. Nanchal, R. Subramanian, et al. ""Guidelines for the Management of Adult Acute and Acute-on-Chronic Liver Failure in the ICU: Cardiovascular, Endocrine, Hematologic, Pulmonary, and Renal Considerations"". *semantic_scholar_foundational*, 2020."
"Therapeutic Nutrition in Chronic Disease: Diabetes, Renal Failure, and Cardiovascular Conditions",https://smarticle.tech/en/article/therapeutic-nutrition-in-chronic-disease-diabetes-renal-failure-and-cardiov-202605190600,Clinical Nutrition,Impact of Cardiovascular Organ Damage on Cortical Renal Perfusion in Patients with Chronic Renal Failure,https://doi.org/10.1155/2013/137868,"Lubas A., Ryczek R., Kade G., Smoszna J., Niemczyk S. ""Impact of Cardiovascular Organ Damage on Cortical Renal Perfusion in Patients with Chronic Renal Failure"". semantic_scholar_foundational, 2013."
"Micronutrients in Health: Vitamins, Minerals, Deficiency Disorders, and Supplementation",https://smarticle.tech/en/article/micronutrients-in-health-vitamins-minerals-deficiency-disorders-and-supplem-202605190617,Clinical Nutrition,Advanced nutrition,https://archive.org/details/advancednutritio0000berd,"Advanced nutrition. by Carolyn D. Berdanier, Janos Zempleni. (1995). — CRC. ISBN: 9781351990592"
"Micronutrients in Health: Vitamins, Minerals, Deficiency Disorders, and Supplementation",https://smarticle.tech/en/article/micronutrients-in-health-vitamins-minerals-deficiency-disorders-and-supplem-202605190617,Clinical Nutrition,Laboratory tests for the assessment of nutritional status,https://archive.org/details/laboratorytestsf0000saub_t2x5_2nded,Laboratory tests for the assessment of nutritional status. by Howerde E. Sauberlich. (1999). — CRC Press. ISBN: 9780849385063
"Micronutrients in Health: Vitamins, Minerals, Deficiency Disorders, and Supplementation",https://smarticle.tech/en/article/micronutrients-in-health-vitamins-minerals-deficiency-disorders-and-supplem-202605190617,Clinical Nutrition,Vitamins and minerals in the prevention and treatment of cancer,https://archive.org/details/vitaminsminerals0000unse_i2z2,Vitamins and minerals in the prevention and treatment of cancer. by Maryce M. Jacobs. (1991). — Taylor & Francis Group. ISBN: 9781351077590
"Micronutrients in Health: Vitamins, Minerals, Deficiency Disorders, and Supplementation",https://smarticle.tech/en/article/micronutrients-in-health-vitamins-minerals-deficiency-disorders-and-supplem-202605190617,Clinical Nutrition,Nutrients A-Z,https://archive.org/details/nutrientstozuser0000shar_c7t4,Nutrients A-Z. by Michael Sharon. (2004). — Prion. ISBN: 1853755265
"Micronutrients in Health: Vitamins, Minerals, Deficiency Disorders, and Supplementation",https://smarticle.tech/en/article/micronutrients-in-health-vitamins-minerals-deficiency-disorders-and-supplem-202605190617,Clinical Nutrition,The benefits and risks of vitamins and minerals,https://openlibrary.org/works/OL39580705W,The benefits and risks of vitamins and minerals. by Francesca Coltrera. (2003). — Harvard Health Publications. ISBN: 9781933225388
"Micronutrients in Health: Vitamins, Minerals, Deficiency Disorders, and Supplementation",https://smarticle.tech/en/article/micronutrients-in-health-vitamins-minerals-deficiency-disorders-and-supplem-202605190617,Clinical Nutrition,"An introduction to vitamins, minerals and biological oxidation",https://openlibrary.org/works/OL13609282W,"An introduction to vitamins, minerals and biological oxidation. by Stefan A. Hulea. (2008). — Universal Publishers. ISBN: 1599429462"
"Micronutrients in Health: Vitamins, Minerals, Deficiency Disorders, and Supplementation",https://smarticle.tech/en/article/micronutrients-in-health-vitamins-minerals-deficiency-disorders-and-supplem-202605190617,Clinical Nutrition,The suitability of chili pepper (Capsicum annuum L.) for alleviating human micronutrient dietary deficiencies: A review,https://doi.org/10.1002/fsn3.790,"Olatunji, T., Afolayan, A. ""The suitability of chili pepper (Capsicum annuum L.) for alleviating human micronutrient dietary deficiencies: A review"". Food Science & Nutrition, 2018."
"Micronutrients in Health: Vitamins, Minerals, Deficiency Disorders, and Supplementation",https://smarticle.tech/en/article/micronutrients-in-health-vitamins-minerals-deficiency-disorders-and-supplem-202605190617,Clinical Nutrition,Micronutrient deficiencies among preschool-aged children and women of reproductive age worldwide: a pooled analysis of individual-level data from popu,https://doi.org/10.1016/S2214-109X(22)00367-9,"Gretchen A. Stevens, Ty Beal, et al. ""Micronutrient deficiencies among preschool-aged children and women of reproductive age worldwide"". *The Lancet Global Health*, 2022."
"Micronutrients in Health: Vitamins, Minerals, Deficiency Disorders, and Supplementation",https://smarticle.tech/en/article/micronutrients-in-health-vitamins-minerals-deficiency-disorders-and-supplem-202605190617,Clinical Nutrition,Global estimation of dietary micronutrient inadequacies: a modelling analysis,https://doi.org/10.1016/S2214-109X(24)00276-6,"Passarelli, S. et al. ""Global estimation of dietary micronutrient inadequacies"". *semantic_scholar_foundational*, 2024."
"Micronutrients in Health: Vitamins, Minerals, Deficiency Disorders, and Supplementation",https://smarticle.tech/en/article/micronutrients-in-health-vitamins-minerals-deficiency-disorders-and-supplem-202605190617,Clinical Nutrition,Micronutrient Supplementation and Fortification Interventions on Health and Development Outcomes among Children Under-Five in Low- and Middle-Income C,https://doi.org/10.3390/nu12020289,"Tam, E., Keats, E., Rind, F., Das, J. K., & Bhutta, Z. ""Micronutrient Supplementation and Fortification Interventions on Health and Development Outcomes among Children Under-Five in Low- and Middle-Income Countries: A Systematic Review and Meta-Analysis"". Nutrients, 2020."
"Obesity, Malnutrition, and Therapeutic Dietary Regimens: Evidence-Based Approaches",https://smarticle.tech/en/article/obesity-malnutrition-and-therapeutic-dietary-regimens-evidence-based-approa-202605190629,Clinical Nutrition,Case studies in physiology and nutrition,https://openlibrary.org/works/OL18772085W,Case studies in physiology and nutrition. by Lynne Berdanier. (2009). — Taylor & Francis Group. ISBN: 1420088785
"Obesity, Malnutrition, and Therapeutic Dietary Regimens: Evidence-Based Approaches",https://smarticle.tech/en/article/obesity-malnutrition-and-therapeutic-dietary-regimens-evidence-based-approa-202605190629,Clinical Nutrition,"Scientific evidence for musculoskeletal, bariatric, and sports nutrition",https://archive.org/details/scientificeviden00kohl,"Scientific evidence for musculoskeletal, bariatric, and sports nutrition. by Ingrid Kohlstadt. (2006). — Taylor & Francis Group. ISBN: 1420019325"
"Obesity, Malnutrition, and Therapeutic Dietary Regimens: Evidence-Based Approaches",https://smarticle.tech/en/article/obesity-malnutrition-and-therapeutic-dietary-regimens-evidence-based-approa-202605190629,Clinical Nutrition,"A.S.P.E.N. fluids, electrolytes, and acid-base disorders handbook",https://openlibrary.org/works/OL32150585W,"A.S.P.E.N. fluids, electrolytes, and acid-base disorders handbook. by Todd Canada, Sharla K. Tajchman, Anne M. Tucker. (2015). — American Society for Parenteral and Enteral Nutrition. ISBN: 9781889622187"
"Obesity, Malnutrition, and Therapeutic Dietary Regimens: Evidence-Based Approaches",https://smarticle.tech/en/article/obesity-malnutrition-and-therapeutic-dietary-regimens-evidence-based-approa-202605190629,Clinical Nutrition,"Diet, nutrition, and immunity",https://archive.org/details/dietnutritionimm0000unse,"Diet, nutrition, and immunity. by R. Armour Forse. (1994). — CRC Press. ISBN: 9781351088299"
"Obesity, Malnutrition, and Therapeutic Dietary Regimens: Evidence-Based Approaches",https://smarticle.tech/en/article/obesity-malnutrition-and-therapeutic-dietary-regimens-evidence-based-approa-202605190629,Clinical Nutrition,Disease-related Malnutrition: An Evidence-based Approach to Treatment,https://doi.org/10.1016/j.clnu.2003.08.003,"Camilo, Maria E. ""Disease-related Malnutrition: An Evidence-based Approach to Treatment"". Clinical Nutrition, 2003."
"Obesity, Malnutrition, and Therapeutic Dietary Regimens: Evidence-Based Approaches",https://smarticle.tech/en/article/obesity-malnutrition-and-therapeutic-dietary-regimens-evidence-based-approa-202605190629,Clinical Nutrition,Evidence-based diabetes nutrition therapy recommendations are effective: the key is individualization,https://doi.org/10.2147/dmso.s45140,"Franz M, Boucher JL, Evert AB. ""Evidence-based diabetes nutrition therapy recommendations are effective: the key is individualization"". crossref, 2014."
"Anxiety Disorders: Classification, Neurobiology, and Evidence-Based Treatment",https://smarticle.tech/en/article/anxiety-disorders-classification-neurobiology-and-evidence-based-treatment-202605190647,Psychiatry,A Short Introduction to Helping Young People Manage Anxiety,https://archive.org/details/shortintroductio0000fitz,A Short Introduction to Helping Young People Manage Anxiety. by Carol Fitzpatrick. (2015). — Jessica Kingsley Publishers. ISBN: 9780857009890
"Anxiety Disorders: Classification, Neurobiology, and Evidence-Based Treatment",https://smarticle.tech/en/article/anxiety-disorders-classification-neurobiology-and-evidence-based-treatment-202605190647,Psychiatry,Introduction to Coping with Health Anxiety,https://archive.org/details/introductiontoco0000hoga_i1w6,"Introduction to Coping with Health Anxiety. by Charles Young, Brenda Hogan. (2013). — Little, Brown Book Group Limited. ISBN: 9781472109545"
"Anxiety Disorders: Classification, Neurobiology, and Evidence-Based Treatment",https://smarticle.tech/en/article/anxiety-disorders-classification-neurobiology-and-evidence-based-treatment-202605190647,Psychiatry,Anxiety disorders,https://archive.org/details/anxietydisorders0000unse_g2m7,Anxiety disorders. by E. J. L. Griez. (2000). — Wiley. ISBN: 9781280555381
"Anxiety Disorders: Classification, Neurobiology, and Evidence-Based Treatment",https://smarticle.tech/en/article/anxiety-disorders-classification-neurobiology-and-evidence-based-treatment-202605190647,Psychiatry,CALMING THE BRAIN: BENZODIAZEPINES AND RELATED DRUGS FROM LABORATORY TO CLINIC,https://openlibrary.org/works/OL13620700W,"CALMING THE BRAIN: BENZODIAZEPINES AND RELATED DRUGS FROM LABORATORY TO CLINIC. by Adam Doble, Adam Doble, Ian Martin. (2003). — MARTIN DUNITZ. ISBN: 1841840521"
"Anxiety Disorders: Classification, Neurobiology, and Evidence-Based Treatment",https://smarticle.tech/en/article/anxiety-disorders-classification-neurobiology-and-evidence-based-treatment-202605190647,Psychiatry,An introduction to coping with health anxiety,https://archive.org/details/introductiontoco0000hoga_f5q5,An introduction to coping with health anxiety. by Brenda Hogan. (2007). — Robinson. ISBN: 1845292871
"Anxiety Disorders: Classification, Neurobiology, and Evidence-Based Treatment",https://smarticle.tech/en/article/anxiety-disorders-classification-neurobiology-and-evidence-based-treatment-202605190647,Psychiatry,The Neurobiology of Anxiety and Anxiety-Related Disorders: A Functional Neuroimaging Perspective,https://doi.org/10.1016/b978-012481460-8/50023-8,"Chua, P., Dolan, R.J. ""The Neurobiology of Anxiety and Anxiety-Related Disorders: A Functional Neuroimaging Perspective"". *Crossref*, 2000."
"Anxiety Disorders: Classification, Neurobiology, and Evidence-Based Treatment",https://smarticle.tech/en/article/anxiety-disorders-classification-neurobiology-and-evidence-based-treatment-202605190647,Psychiatry,Proposed Revisions in the DSM-III Classification of Anxiety Disorders Based on Research and Clinical Experience,https://doi.org/10.1007/978-1-4684-5254-9_1,"Spitzer, Robert L., and Janet B. W. Williams. ""Proposed Revisions in the DSM-III Classification of Anxiety Disorders Based on Research and Clinical Experience"". crossref, 1986."
"Anxiety Disorders: Classification, Neurobiology, and Evidence-Based Treatment",https://smarticle.tech/en/article/anxiety-disorders-classification-neurobiology-and-evidence-based-treatment-202605190647,Psychiatry,Diagnostic Classification of Anxiety Disorders: DSM-V and Beyond,https://doi.org/10.1093/med/9780199798261.003.0037,"Stein, Murray B., and O. Joseph Bienvenu. ""Diagnostic Classification of Anxiety Disorders: DSM-V and Beyond"". crossref, 2011."
"Mood Disorders: Depression, Bipolar Disorder, and Pharmacological Management",https://smarticle.tech/en/article/mood-disorders-depression-bipolar-disorder-and-pharmacological-management-202605190703,Psychiatry,Cognitive therapy and the emotional disorders,https://archive.org/details/cognitivetherapy0000beck_e3y7,Cognitive therapy and the emotional disorders. by Aaron T. Beck. (1976). — Plume. ISBN: 0452009286
"Mood Disorders: Depression, Bipolar Disorder, and Pharmacological Management",https://smarticle.tech/en/article/mood-disorders-depression-bipolar-disorder-and-pharmacological-management-202605190703,Psychiatry,Clinician's Guide to Bipolar Disorder,https://archive.org/details/cliniciansguidet0000mikl,"Clinician's Guide to Bipolar Disorder. by David J. Miklowitz, Michael J. Gitlin. (2014). — The Guilford Press. ISBN: 9781462515745"
"Mood Disorders: Depression, Bipolar Disorder, and Pharmacological Management",https://smarticle.tech/en/article/mood-disorders-depression-bipolar-disorder-and-pharmacological-management-202605190703,Psychiatry,Pharmacotherapy of bipolar disorders,https://archive.org/details/pharmacotherapyo0000aubr,"Pharmacotherapy of bipolar disorders. by Jean-Michel Aubry, Francois Ferrero, Nicolas Schaad. (2007). — John Wiley & Sons. ISBN: 0470510420"
"Mood Disorders: Depression, Bipolar Disorder, and Pharmacological Management",https://smarticle.tech/en/article/mood-disorders-depression-bipolar-disorder-and-pharmacological-management-202605190703,Psychiatry,Side Affects,https://openlibrary.org/works/OL26763801W,Side Affects. by Hil Malatino. (2022). — Tantor Audio. ISBN: 9781038400895
"Mood Disorders: Depression, Bipolar Disorder, and Pharmacological Management",https://smarticle.tech/en/article/mood-disorders-depression-bipolar-disorder-and-pharmacological-management-202605190703,Psychiatry,Mental Helth Workbook,https://openlibrary.org/works/OL26007680W,Mental Helth Workbook. by Social World Press. (2021). — Independently Published. ISBN: 9798542851853
"Mood Disorders: Depression, Bipolar Disorder, and Pharmacological Management",https://smarticle.tech/en/article/mood-disorders-depression-bipolar-disorder-and-pharmacological-management-202605190703,Psychiatry,Bipolar disorder for dummies,https://archive.org/details/bipolardisorderf0000fink_e9z2,Bipolar disorder for dummies. by Candida Fink. (2007). — Wiley. ISBN: 9781119121862
"Mood Disorders: Depression, Bipolar Disorder, and Pharmacological Management",https://smarticle.tech/en/article/mood-disorders-depression-bipolar-disorder-and-pharmacological-management-202605190703,Psychiatry,Madness,https://archive.org/details/madnessbipolarli0000horn_h9r3,Madness. by Marya Hornbacher. (2008). — Hmh Audio. ISBN: 9781433212352
"Mood Disorders: Depression, Bipolar Disorder, and Pharmacological Management",https://smarticle.tech/en/article/mood-disorders-depression-bipolar-disorder-and-pharmacological-management-202605190703,Psychiatry,Truants from life,https://archive.org/details/truantsfromlifer00bettrich,"Truants from life. by Bruno Bettelheim, Bruno Bettelheim. (1955). — Free Press of Glencoe. ISBN: 0029034507"
"Mood Disorders: Depression, Bipolar Disorder, and Pharmacological Management",https://smarticle.tech/en/article/mood-disorders-depression-bipolar-disorder-and-pharmacological-management-202605190703,Psychiatry,Mood‐stabilizing pharmacological treatment in bipolar disorders and risk of suicide,https://doi.org/10.1111/j.1399-5618.2008.00464.x,"Lars Søndergård et al. ""Mood‐stabilizing pharmacological treatment in bipolar disorders and risk of suicide"". *crossref*, 2008."
"Mood Disorders: Depression, Bipolar Disorder, and Pharmacological Management",https://smarticle.tech/en/article/mood-disorders-depression-bipolar-disorder-and-pharmacological-management-202605190703,Psychiatry,Faculty Opinions recommendation of Mood-stabilizing pharmacological treatment in bipolar disorders and risk of suicide.,https://doi.org/10.3410/f.1101126.557110,"Okasha T. ""Mood-stabilizing pharmacological treatment in bipolar disorders and risk of suicide"". crossref, 2008."
"Schizophrenia Spectrum and Psychotic Disorders: Pathophysiology, Diagnosis, and Therapy",https://smarticle.tech/en/article/schizophrenia-spectrum-and-psychotic-disorders-pathophysiology-diagnosis-an-202605190717,Psychiatry,Schizophrenia Spectrum and Other Psychotic Disorders,https://openlibrary.org/works/OL25185042W,Schizophrenia Spectrum and Other Psychotic Disorders. by American Psychiatric Association. (2015). — American Psychiatric Association Publishing. ISBN: 9781615370412
"Schizophrenia Spectrum and Psychotic Disorders: Pathophysiology, Diagnosis, and Therapy",https://smarticle.tech/en/article/schizophrenia-spectrum-and-psychotic-disorders-pathophysiology-diagnosis-an-202605190717,Psychiatry,"Cognitive impairment in schizophrenia: aetiology, pathophysiology, and treatment",https://doi.org/10.1038/s41380-023-01949-9,"McCutcheon R., Keefe R., McGuire P. ""Cognitive impairment in schizophrenia: aetiology, pathophysiology, and treatment"". Nature Reviews, 2023."
"Schizophrenia Spectrum and Psychotic Disorders: Pathophysiology, Diagnosis, and Therapy",https://smarticle.tech/en/article/schizophrenia-spectrum-and-psychotic-disorders-pathophysiology-diagnosis-an-202605190717,Psychiatry,"Dysregulated Signaling at Postsynaptic Density: A Systematic Review and Translational Appraisal for the Pathophysiology, Clinics, and Antipsychotics’",https://doi.org/10.3390/cells12040574,"A. de Bartolomeis, L. Vellucci, G. De Simone, B. Mazza, A. Barone, M. Ciccarelli. ""Dysregulated Signaling at Postsynaptic Density: A Systematic Review and Translational Appraisal for the Pathophysiology, Clinics, and Antipsychotics’ Treatment of Schizophrenia"". Cells, 2022."
"Schizophrenia Spectrum and Psychotic Disorders: Pathophysiology, Diagnosis, and Therapy",https://smarticle.tech/en/article/schizophrenia-spectrum-and-psychotic-disorders-pathophysiology-diagnosis-an-202605190717,Psychiatry,Anti-inflammatory effects of 2nd generation antipsychotics in patients with schizophrenia: A systematic review and meta-analysis.,https://doi.org/10.1016/j.jpsychires.2023.01.042,"Patlola, S., Donohoe, G., McKernan, D. ""Anti-inflammatory effects of 2nd generation antipsychotics in patients with schizophrenia: A systematic review and meta-analysis"". Journal of Psychiatric Research, 2023."
"Schizophrenia Spectrum and Psychotic Disorders: Pathophysiology, Diagnosis, and Therapy",https://smarticle.tech/en/article/schizophrenia-spectrum-and-psychotic-disorders-pathophysiology-diagnosis-an-202605190717,Psychiatry,Synaptic plasticity in schizophrenia pathophysiology,https://doi.org/10.1016/j.ibneur.2023.01.008,"Zhang, K., Liao, P., Wen, J., Hu, Z. ""Synaptic plasticity in schizophrenia pathophysiology"". semantic_scholar_foundational, 2023."
"Schizophrenia Spectrum and Psychotic Disorders: Pathophysiology, Diagnosis, and Therapy",https://smarticle.tech/en/article/schizophrenia-spectrum-and-psychotic-disorders-pathophysiology-diagnosis-an-202605190717,Psychiatry,Dysfunction of the NMDA Receptor in the Pathophysiology of Schizophrenia and/or the Pathomechanisms of Treatment-Resistant Schizophrenia,https://doi.org/10.3390/biom14091128,"Okubo R., Okada M., Motomura E. ""Dysfunction of the NMDA Receptor in the Pathophysiology of Schizophrenia and/or the Pathomechanisms of Treatment-Resistant Schizophrenia"". Biomolecules, 2024."
"Schizophrenia Spectrum and Psychotic Disorders: Pathophysiology, Diagnosis, and Therapy",https://smarticle.tech/en/article/schizophrenia-spectrum-and-psychotic-disorders-pathophysiology-diagnosis-an-202605190717,Psychiatry,Medication adherence in patients with psychotic disorders: an observational survey involving patients before they switch to long-acting injectable ris,https://doi.org/10.2147/PPA.S89748,"Baylé, F., Tessier, A., Bouju, S., Misdrahi, D. ""Medication adherence in patients with psychotic disorders: an observational survey involving patients before they switch to long-acting injectable risperidone"". semantic_scholar_foundational, 2015."
"Schizophrenia Spectrum and Psychotic Disorders: Pathophysiology, Diagnosis, and Therapy",https://smarticle.tech/en/article/schizophrenia-spectrum-and-psychotic-disorders-pathophysiology-diagnosis-an-202605190717,Psychiatry,Psychosis in the elderly,https://archive.org/details/psychosisinelder0000unse,"Psychosis in the elderly. by Anne Hassett, David Ames, Edmond Chiu. (2005). — Taylor & Francis. ISBN: 9781102148463"
"Schizophrenia Spectrum and Psychotic Disorders: Pathophysiology, Diagnosis, and Therapy",https://smarticle.tech/en/article/schizophrenia-spectrum-and-psychotic-disorders-pathophysiology-diagnosis-an-202605190717,Psychiatry,Die Psychosen,https://openlibrary.org/works/OL2127246W,"Die Psychosen. by Jacques Lacan, Jacques-Alain Miller. (1920). — W. W. Norton & Company. ISBN: 1317761766"
"Schizophrenia Spectrum and Psychotic Disorders: Pathophysiology, Diagnosis, and Therapy",https://smarticle.tech/en/article/schizophrenia-spectrum-and-psychotic-disorders-pathophysiology-diagnosis-an-202605190717,Psychiatry,Psychotic states in children,https://openlibrary.org/works/OL19374207W,Psychotic states in children. by Margaret Rustin. (1997). — Duckworth. ISBN: 9780429904110
"Assessing the Knowledge, Attitudes, and Vaccination Practices Towards COVID-19 Vaccination Among Mainland Chinese Nursing Students and Interns: A Multicenter Cross-Sectional Study",https://smarticle.tech/en/article/assessing-the-knowledge-attitudes-and-vaccination-practices-towards-covid-1-202605240859,Public Health,"Assessing the Knowledge, Attitudes, and Vaccination Practices Towards COVID-19 Vaccination Among Mainland Chinese Nursing Students and Interns: A Mult",https://www.dovepress.com/assessing-the-knowledge-attitudes-and-vaccination-practices-towards-co-peer-reviewed-fulltext-article-IDR,"Dovepress. ""Assessing the Knowledge, Attitudes, and Vaccination Practices Towards COVID-19 Vaccination Among Mainland Chinese Nursing Students and Interns: A Multicenter Cross-Sectional Study"". doaj, 2023."
"Assessing the Knowledge, Attitudes, and Vaccination Practices Towards COVID-19 Vaccination Among Mainland Chinese Nursing Students and Interns: A Multicenter Cross-Sectional Study",https://smarticle.tech/en/article/assessing-the-knowledge-attitudes-and-vaccination-practices-towards-covid-1-202605240859,Public Health,Impact of Covid-19 Pandemic on Knowledge and Attitude of Nursing Students Regarding Vaccination and Vaccine Hesitancy in China (Preprint),https://doi.org/10.2196/preprints.69834,"Impact of Covid-19 Pandemic on Knowledge and Attitude of Nursing Students Regarding Vaccination and Vaccine Hesitancy in China (Preprint)""."
"Assessing the Knowledge, Attitudes, and Vaccination Practices Towards COVID-19 Vaccination Among Mainland Chinese Nursing Students and Interns: A Multicenter Cross-Sectional Study",https://smarticle.tech/en/article/assessing-the-knowledge-attitudes-and-vaccination-practices-towards-covid-1-202605240859,Public Health,"Nursing students’ attitudes, knowledge, and willingness to receive the COVID-19 vaccine: A cross-sectional study",https://doi.org/10.1101/2021.05.24.21257710,"Nursing students’ attitudes, knowledge, and willingness to receive the COVID-19 vaccine: A cross-sectional study."
"Assessing the Knowledge, Attitudes, and Vaccination Practices Towards COVID-19 Vaccination Among Mainland Chinese Nursing Students and Interns: A Multicenter Cross-Sectional Study",https://smarticle.tech/en/article/assessing-the-knowledge-attitudes-and-vaccination-practices-towards-covid-1-202605240859,Public Health,What determinants of COVID-19 vaccine hesitancy among Chinese nursing students? A cross-sectional study,https://doi.org/10.3389/fpubh.2024.1432225,What determinants of COVID-19 vaccine hesitancy among Chinese nursing students? A cross-sectional study.
"Assessing the Knowledge, Attitudes, and Vaccination Practices Towards COVID-19 Vaccination Among Mainland Chinese Nursing Students and Interns: A Multicenter Cross-Sectional Study",https://smarticle.tech/en/article/assessing-the-knowledge-attitudes-and-vaccination-practices-towards-covid-1-202605240859,Public Health,"Attitudes and concerns of nursing students against the COVID-19 vaccine, willingness to be vaccinated: A cross-sectional study",https://doi.org/10.22541/au.170670664.47351156/v1,"Attitudes and concerns of nursing students against the COVID-19 vaccine, willingness to be vaccinated: A cross-sectional study."
Six-Domain Moral Ecology Framework for Quality Leadership in Healthcare: A Conceptual Synthesis,https://smarticle.tech/en/article/six-domain-moral-ecology-framework-for-quality-leadership-in-healthcare-a-c-202605251537,Public Health,Six-Domain Moral Ecology Framework for Quality Leadership in Healthcare: A Conceptual Synthesis,https://doi.org/10.1177/00469580261449981,"Six-Domain Moral Ecology Framework for Quality Leadership in Healthcare: A Conceptual Synthesis. *doaj*, 2026."
Six-Domain Moral Ecology Framework for Quality Leadership in Healthcare: A Conceptual Synthesis,https://smarticle.tech/en/article/six-domain-moral-ecology-framework-for-quality-leadership-in-healthcare-a-c-202605251537,Public Health,"Ethical Governance, Medico-Legal Accountability, and Clinical Decision-Making in Nursing Practice: A Systematic Review of Awareness, Ethical Challenge",https://doi.org/10.36948/ijfmr.2026.v08i03.78424,"Ethical Governance, Medico-Legal Accountability, and Clinical Decision-Making in Nursing Practice: A Systematic Review of Awareness, Ethical Challenges, and Institutional Determinants""."
Six-Domain Moral Ecology Framework for Quality Leadership in Healthcare: A Conceptual Synthesis,https://smarticle.tech/en/article/six-domain-moral-ecology-framework-for-quality-leadership-in-healthcare-a-c-202605251537,Public Health,Moral Leadership in Medicine,https://doi.org/10.1017/cbo9780511795015,"Moral Leadership in Medicine""."
Six-Domain Moral Ecology Framework for Quality Leadership in Healthcare: A Conceptual Synthesis,https://smarticle.tech/en/article/six-domain-moral-ecology-framework-for-quality-leadership-in-healthcare-a-c-202605251537,Public Health,AI Governance Failures in Healthcare: A Diagnostic Framework Integrating Policy Tools and Care Delivery,https://doi.org/10.2139/ssrn.6566900,AI Governance Failures in Healthcare: A Diagnostic Framework Integrating Policy Tools and Care Delivery.
WHO Leadership in Emergencies Training Boosts Crisis Response Skills,https://smarticle.tech/en/article/who-leadership-in-emergencies-training-boosts-crisis-response-skills-202605261040,Public Health,Evaluating the WHO leadership in emergencies training programme: participants' perspective,https://doi.org/10.3389/femer.2025.1599284,"WHO leadership in emergencies training programme: participants' perspective. *doaj*, 2025."
"MedQA-MA: 12,000 Moroccan Arabic Medical Questions for AI",https://smarticle.tech/en/article/medqa-ma-12-000-moroccan-arabic-medical-questions-for-ai-202605281034,Public Health,MedQA-MA: A Moroccan Arabic medical question-answering dataset for virtual healthcare assistants and large language modelsMendeley Data,https://doi.org/10.1016/j.dib.2026.112537,"MedQA-MA: A Moroccan Arabic medical question-answering dataset for virtual healthcare assistants and large language models. *doaj*, 2026."
"MedQA-MA: 12,000 Moroccan Arabic Medical Questions for AI",https://smarticle.tech/en/article/medqa-ma-12-000-moroccan-arabic-medical-questions-for-ai-202605281034,Public Health,MENARA: Medical Natural Arabic Response Assistant,https://doi.org/10.3390/make8040110,"MENARA: Medical Natural Arabic Response Assistant""."
EHR Nudges Double Genetic Testing for Breast and Ovarian Cancer,https://smarticle.tech/en/article/ehr-nudges-double-genetic-testing-for-breast-and-ovarian-cancer-202605281346,Public Health,Protocol to evaluate sequential electronic health record-based strategies to increase genetic testing for breast and ovarian cancer risk across divers,https://doi.org/10.1186/s13012-023-01308-w,"Protocol to evaluate sequential electronic health record-based strategies to increase genetic testing for breast and ovarian cancer risk across diverse patient populations in gynecology practices. Source, 2023."
EHR Nudges Double Genetic Testing for Breast and Ovarian Cancer,https://smarticle.tech/en/article/ehr-nudges-double-genetic-testing-for-breast-and-ovarian-cancer-202605281346,Public Health,Committee Opinion No. 693: Counseling About Genetic Testing and Communication of Genetic Test Results,https://doi.org/10.1097/aog.0000000000002020,"Committee Opinion No. 693: Counseling About Genetic Testing and Communication of Genetic Test Results""."
EHR Nudges Double Genetic Testing for Breast and Ovarian Cancer,https://smarticle.tech/en/article/ehr-nudges-double-genetic-testing-for-breast-and-ovarian-cancer-202605281346,Public Health,Ethical Considerations for Genetic Testing and Counseling in Obstetrics and Gynecology,https://doi.org/10.1097/aog.0000000000006131,"Ethical Considerations for Genetic Testing and Counseling in Obstetrics and Gynecology""."
EHR Nudges Double Genetic Testing for Breast and Ovarian Cancer,https://smarticle.tech/en/article/ehr-nudges-double-genetic-testing-for-breast-and-ovarian-cancer-202605281346,Public Health,Novel decision-theoretic and risk-stratification metrics of predictive performance: Application to deciding who should undergo genetic testing,https://arxiv.org/abs/1711.05686,"Novel decision-theoretic and risk-stratification metrics of predictive performance: Application to deciding who should undergo genetic testing""."
EHR Nudges Double Genetic Testing for Breast and Ovarian Cancer,https://smarticle.tech/en/article/ehr-nudges-double-genetic-testing-for-breast-and-ovarian-cancer-202605281346,Public Health,Genetic Testing for Every Breast Cancer Patient: Would it be Real?,https://doi.org/10.23880/ijsst-16000141,"Genetic Testing for Every Breast Cancer Patient: Would it be Real?""."
NHANES Cancer Patient Database Construction for Epidemiology,https://smarticle.tech/en/article/nhanes-cancer-patient-database-construction-for-epidemiology-202605281354,Public Health,Construction of the cancer patients’ database based on the US National Health and Nutrition Examination Survey (NHANES) datasets for cancer epidemiolo,https://doi.org/10.1186/s12874-025-02478-5,"Construction of the cancer patients’ database based on the US National Health and Nutrition Examination Survey (NHANES) datasets for cancer epidemiology research. *doaj*, 2025."
NHANES Cancer Patient Database Construction for Epidemiology,https://smarticle.tech/en/article/nhanes-cancer-patient-database-construction-for-epidemiology-202605281354,Public Health,National Health and Nutrition Examination Survey (NHANES) in USA,https://doi.org/10.1097/00001648-200611001-00173,National Health and Nutrition Examination Survey (NHANES) in USA.
NHANES Cancer Patient Database Construction for Epidemiology,https://smarticle.tech/en/article/nhanes-cancer-patient-database-construction-for-epidemiology-202605281354,Public Health,Serum Vitamin D and Cancer Mortality in the NHANES III Study (1988–2006),https://doi.org/10.1016/j.annepidem.2010.07.085,"Serum Vitamin D and Cancer Mortality in the NHANES III Study (1988–2006)"". *Annals of Epidemiology*, Year unknown."
NHANES Cancer Patient Database Construction for Epidemiology,https://smarticle.tech/en/article/nhanes-cancer-patient-database-construction-for-epidemiology-202605281354,Public Health,RNHANES: Facilitates Analysis of CDC NHANES Data,https://doi.org/10.32614/cran.package.rnhanes,"RNHANES. ""RNHANES: Facilitates Analysis of CDC NHANES Data""."
NHANES Cancer Patient Database Construction for Epidemiology,https://smarticle.tech/en/article/nhanes-cancer-patient-database-construction-for-epidemiology-202605281354,Public Health,nhanesA: NHANES Data Retrieval,https://doi.org/10.32614/cran.package.nhanesa,"nhanesA. ""nhanesA: NHANES Data Retrieval"". , ."
Unhealthy Lifestyle Score Predicts Hypertension and Dyslipidemia Risk in Korea,https://smarticle.tech/en/article/unhealthy-lifestyle-score-predicts-hypertension-and-dyslipidemia-risk-in-ko-202605281412,Public Health,"Association of Unhealthy Lifestyle Score on the Risk of Hypertension, Dyslipidemia, and Their Comorbidity in Korea: A Cross-Sectional Study",https://doi.org/10.3390/proceedings2023091308,"Association of Unhealthy Lifestyle Score on the Risk of Hypertension, Dyslipidemia, and Their Comorbidity in Korea: A Cross-Sectional Study. Proceedings, 2024."
Unhealthy Lifestyle Score Predicts Hypertension and Dyslipidemia Risk in Korea,https://smarticle.tech/en/article/unhealthy-lifestyle-score-predicts-hypertension-and-dyslipidemia-risk-in-ko-202605281412,Public Health,"Association of healthy lifestyle factors with the risk of hypertension, dyslipidemia, and their comorbidity in Korea: results from the Korea National",https://doi.org/10.4178/epih.e2024049,"Association of healthy lifestyle factors with the risk of hypertension, dyslipidemia, and their comorbidity in Korea: results from the Korea National Health and Nutrition Examination Survey 2019-2021"". *Epidemiology and Health*, n.d."
Unhealthy Lifestyle Score Predicts Hypertension and Dyslipidemia Risk in Korea,https://smarticle.tech/en/article/unhealthy-lifestyle-score-predicts-hypertension-and-dyslipidemia-risk-in-ko-202605281412,Public Health,The mediating role of healthy lifestyle between socioeconomic status and hypertension: a nationwide cross-sectional study from NHANES 2017-2020,https://doi.org/10.21203/rs.3.rs-9071146/v1,"""The mediating role of healthy lifestyle between socioeconomic status and hypertension: a nationwide cross-sectional study from NHANES 2017-2020"". , ."
Unhealthy Lifestyle Score Predicts Hypertension and Dyslipidemia Risk in Korea,https://smarticle.tech/en/article/unhealthy-lifestyle-score-predicts-hypertension-and-dyslipidemia-risk-in-ko-202605281412,Public Health,"Cardiometabolic Health Risks, Lifestyle Behaviours and Quality of Life in People with Early Psychosis – A Cross Sectional Study",https://doi.org/10.20944/preprints202108.0243.v1,"Cardiometabolic Health Risks, Lifestyle Behaviours and Quality of Life in People with Early Psychosis – A Cross Sectional Study."
Unhealthy Lifestyle Score Predicts Hypertension and Dyslipidemia Risk in Korea,https://smarticle.tech/en/article/unhealthy-lifestyle-score-predicts-hypertension-and-dyslipidemia-risk-in-ko-202605281412,Public Health,Factors Associated with Lifestyle Modification among Chinese Adults with Hypertension: A Cross-sectional Study,https://doi.org/10.2174/0118744346468716260318102215,"""Factors Associated with Lifestyle Modification among Chinese Adults with Hypertension: A Cross-sectional Study"". , ."
