المفهوم الأكاديمي,رابط المفهوم على سمارتيكل,التخصص الفرعي,عنوان المرجع الأكاديمي,رابط المرجع المباشر,التوثيق المنسق
الرعاية الأولية والطب العائلي: مبادئ الصحة الوقائية.,https://smarticle.tech/ar/article/primary-care-and-family-medicine-principles-of-preventive-health-202605121118,Public Health,Oxford Textbook of Primary Medical Care,https://books.google.com/books,Oxford Textbook of Primary Medical Care. بقلم Roger Jones (Prof.). (2005). ردمك: 0198567839
الرعاية الأولية والطب العائلي: مبادئ الصحة الوقائية.,https://smarticle.tech/ar/article/primary-care-and-family-medicine-principles-of-preventive-health-202605121118,Public Health,Evolution of Preventive Medicine (Routledge Revivals),https://openlibrary.org/works/OL21296415W,Evolution of Preventive Medicine (Routledge Revivals). بقلم Arthur Newsholme. (2015). — Taylor & Francis Group. ردمك: 9781317442998
الرعاية الأولية والطب العائلي: مبادئ الصحة الوقائية.,https://smarticle.tech/ar/article/primary-care-and-family-medicine-principles-of-preventive-health-202605121118,Public Health,"Laws, etc",https://archive.org/details/foodsupplymanual00grearich,"Laws, etc. بقلم Great Britain.. (1691). — Butterworth. ردمك: 9780118041133"
الرعاية الأولية والطب العائلي: مبادئ الصحة الوقائية.,https://smarticle.tech/ar/article/primary-care-and-family-medicine-principles-of-preventive-health-202605121118,Public Health,The medical companion,https://archive.org/details/b33287697,The medical companion. بقلم James Ewell. (1816). — Printed for the author
الرعاية الأولية والطب العائلي: مبادئ الصحة الوقائية.,https://smarticle.tech/ar/article/primary-care-and-family-medicine-principles-of-preventive-health-202605121118,Public Health,Medical admonitions addressed to families,https://archive.org/details/b28774358_0001,Medical admonitions addressed to families. بقلم James Parkinson. (1799). — Printed for Charles Peirce by N.S. & W. Peirce
الرعاية الأولية والطب العائلي: مبادئ الصحة الوقائية.,https://smarticle.tech/ar/article/primary-care-and-family-medicine-principles-of-preventive-health-202605121118,Public Health,Preventive Health Care,https://doi.org/10.1007/978-1-4615-5857-6_15,"برادفورد فيلكر. ""الرعاية الصحية الوقائية"". *كروسريف*، ١٩٩٧."
الطب الداخلي: تشخيص وإدارة الأمراض الجهازية,https://smarticle.tech/ar/article/internal-medicine-systemic-disease-diagnosis-and-management-202605121129,Public Health,Mayo Clinic Internal Medicine Concise Textbook,https://books.google.com/books,Mayo Clinic Internal Medicine Concise Textbook. بقلم Thomas M. Habermann، Amit K. Ghosh. (2007). — CRC Press. ردمك: 9781420067514
الطب الداخلي: تشخيص وإدارة الأمراض الجهازية,https://smarticle.tech/ar/article/internal-medicine-systemic-disease-diagnosis-and-management-202605121129,Public Health,Sleisenger & Fordtran's gastrointestinal and liver disease,https://archive.org/details/sleisengerfordtr0000unse,Sleisenger & Fordtran's gastrointestinal and liver disease. بقلم Mark Feldman، Lawrence S. Friedman، Marvin H. Sleisenger. (1996). — Current Medicine. ردمك: 9780721662916
الطب الداخلي: تشخيص وإدارة الأمراض الجهازية,https://smarticle.tech/ar/article/internal-medicine-systemic-disease-diagnosis-and-management-202605121129,Public Health,Nailfold capillaroscopy in systemic diseases: short overview for internal medicine,https://doi.org/10.2478/rjim-2021-0007,"د. ديمـا، إ. بيرزا، د. بوبسكو، م. بارفو. ""فحص الشعيرات الدموية في طيات الأظافر في الأمراض الجهازية: نظرة عامة مختصرة للطب الباطني"". *semantic_scholar_foundational*، 2021."
الطب الداخلي: تشخيص وإدارة الأمراض الجهازية,https://smarticle.tech/ar/article/internal-medicine-systemic-disease-diagnosis-and-management-202605121129,Public Health,"[Importance of cognitive disorders in internal medicine: Pathophysiology, diagnosis, management. The example of systemic lupus erythematosus].",https://doi.org/10.1016/j.revmed.2021.08.012,"إ. بيتر، م. روبرت، وآخرون. ""أهمية الاضطرابات المعرفية في الطب الباطني: الفيزيولوجيا المرضية، التشخيص، الإدارة. مثال مرض الذئبة الحمامية الجهازية"". *Revue de Médecine Interne*، 2021."
الطب الداخلي: تشخيص وإدارة الأمراض الجهازية,https://smarticle.tech/ar/article/internal-medicine-systemic-disease-diagnosis-and-management-202605121129,Public Health,Systemic Implications of Bullous Pemphigoid: Bridging Dermatology and Internal Medicine,https://doi.org/10.3390/diagnostics14202272,"ماشيما، إ.، سايتو-ساساكي، ن.، ساوادا، يو. ""التأثيرات الجهازية للفقاع الفقاعي: الربط بين الأمراض الجلدية والطب الباطني"". *Diagnostics*، 2024."
الطب الداخلي: تشخيص وإدارة الأمراض الجهازية,https://smarticle.tech/ar/article/internal-medicine-systemic-disease-diagnosis-and-management-202605121129,Public Health,[Screening for sleep disorders in internal medicine as potential comorbidities of systemic autoimmune diseases and improving patients' quality of life,https://doi.org/10.1016/j.revmed.2024.11.012,"إ. ريفير، ف. مارتن، ب. فيليب، ج. كويلهو، ج.-أ. ميكولا-فرانشي. ""[الفحص المبكر لاضطرابات النوم في الطب الباطني كاعتلالات محتملة للأمراض المناعية الذاتية الجهازية وتحسين جودة حياة المرضى]"". *Revue de Médecine Interne*، 2024."
الطب الداخلي: تشخيص وإدارة الأمراض الجهازية,https://smarticle.tech/ar/article/internal-medicine-systemic-disease-diagnosis-and-management-202605121129,Public Health,The Role of Neuroinflammation in the Comorbidity of Psychiatric Disorders and Internal Diseases,https://doi.org/10.3390/healthcare13070837,"غريكو رامونا كatalina وآخرون. ""دور الالتهاب العصبي في الاعتلال المشترك للاضطرابات النفسية والأمراض الداخلية"". *healthcare*، 2025."
الطب الداخلي: تشخيص وإدارة الأمراض الجهازية,https://smarticle.tech/ar/article/internal-medicine-systemic-disease-diagnosis-and-management-202605121129,Public Health,The Schematic Assessment of Vitamin D Deficiency in Relation to Autoimmune Disorders and Its Implications in Internal Medicine,https://doi.org/10.7759/cureus.82949,"ج. أسلام وآخرون. ""التقييم المنهجي لنقص فيتامين د فيما يتعلق بالأمراض المناعية الذاتية وآثاره في الطب الباطني"". *semantic_scholar_foundational*، 2025."
الطب الطارئ: الرعاية الحادة، الفرز، والتدخلات الحرجة.,https://smarticle.tech/ar/article/emergency-medicine-acute-care-triage-and-critical-interventions-202605150058,Public Health,Introduction to Clinical Emergency Medicine,https://openlibrary.org/works/OL25658280W,Introduction to Clinical Emergency Medicine. بقلم Gus M. Garmel، Swaminatha V. Mahadevan. (2005). — Cambridge University Press. ردمك: 9781139338172
الطب الطارئ: الرعاية الحادة، الفرز، والتدخلات الحرجة.,https://smarticle.tech/ar/article/emergency-medicine-acute-care-triage-and-critical-interventions-202605150058,Public Health,Paramedic Care : Pearson New International Edition,https://openlibrary.org/works/OL21513870W,"Paramedic Care : Pearson New International Edition. بقلم Bryan E. Bledsoe، Robert S. Porter، Richard A. Cherry. (2013). — Pearson Education, Limited. ردمك: 1292021497"
الطب الطارئ: الرعاية الحادة، الفرز، والتدخلات الحرجة.,https://smarticle.tech/ar/article/emergency-medicine-acute-care-triage-and-critical-interventions-202605150058,Public Health,"Asthma-related emergency department (ED) visits and post-ED visit hospital and critical care admissions, National Hospital Ambulatory Medical Care Sur",https://doi.org/10.1080/02770903.2020.1713149,"تشين، شياوتينغ وآخرون. ""الزيارات الطارئة المتعلقة بالربو (ED) والإدخالات إلى المستشفى والرعاية الحرجة بعد الزيارة الطارئة، المسح الوطني للرعاية الطبية العاجلة للمستشفيات، 2010–2015"". *semantic_scholar_foundational*، 2020."
الطب الطارئ: الرعاية الحادة، الفرز، والتدخلات الحرجة.,https://smarticle.tech/ar/article/emergency-medicine-acute-care-triage-and-critical-interventions-202605150058,Public Health,Implementation of an emergency department virtual follow-up care process in a community-based hospital: a quality improvement initiative,https://doi.org/10.1136/bmjoq-2021-001782,"د. الدزمر، ر. جوهال، ج. إينغ، ت. شولتز. ""تنفيذ عملية رعاية متابعة افتراضية لقسم الطوارئ في مستشفى مجتمعي: مبادرة تحسين جودة"". *semantic_scholar_foundational*، 2022."
الطب الطارئ: الرعاية الحادة، الفرز، والتدخلات الحرجة.,https://smarticle.tech/ar/article/emergency-medicine-acute-care-triage-and-critical-interventions-202605150058,Public Health,Triage and Ongoing Care for Critically Ill Patients in the Emergency Department: Results from a National Survey of Emergency Physicians,https://doi.org/10.5811/westjem.2019.11.43547,"ك. ماثيو، ساندرا رودريغيز، جوديث إي. نيلسون، لين د. ريتشاردسون. ""الفرز والرعاية المستمرة للمرضى في حالة حرجة في قسم الطوارئ: نتائج من مسح وطني لأطباء الطوارئ"". *WestJEM*، 2020."
الطب الطارئ: الرعاية الحادة، الفرز، والتدخلات الحرجة.,https://smarticle.tech/ar/article/emergency-medicine-acute-care-triage-and-critical-interventions-202605150058,Public Health,Patient-Safety Culture among Emergency and Critical Care Nurses in a Maternal and Child Department,https://doi.org/10.3390/healthcare11202770,"عبد الكريم جبني فوسيني وآخرون. ""ثقافة سلامة المرضى بين الممرضات في الطوارئ والرعاية الحرجة في قسم الأمومة والطفولة"". *Healthcare*، 2023."
الطب الطارئ: الرعاية الحادة، الفرز، والتدخلات الحرجة.,https://smarticle.tech/ar/article/emergency-medicine-acute-care-triage-and-critical-interventions-202605150058,Public Health,"Burnout and Resilience among Frontline Nurses during COVID-19 Pandemic: A Cross-sectional Study in the Emergency Department of a Tertiary Care Center,",https://doi.org/10.5005/jp-journals-10071-23667,"سينو جوز، د. م. داندهباني، مانيسا سي. سيرياس. ""الإرهاق النفسي والمرونة بين الممرضات في الخطوط الأمامية خلال جائحة كوفيد-19: دراسة مقطعية في قسم الطوارئ لمركز رعاية ثالثي، شمال الهند"". *semantic_scholar_foundational*، 2020."
الطب الطارئ: الرعاية الحادة، الفرز، والتدخلات الحرجة.,https://smarticle.tech/ar/article/emergency-medicine-acute-care-triage-and-critical-interventions-202605150058,Public Health,ICD-10-CM 2020 Snapshot Coding Card,https://openlibrary.org/works/OL35706896W,ICD-10-CM 2020 Snapshot Coding Card. بقلم American Medical Association. (2019). — American Medical Association. ردمك: 1622029968
الطب الطارئ: الرعاية الحادة، الفرز، والتدخلات الحرجة.,https://smarticle.tech/ar/article/emergency-medicine-acute-care-triage-and-critical-interventions-202605150058,Public Health,Scientific Reference,https://openlibrary.org/works/OL8492715W,EMED. بقلم Primedia. (1998). — Delmar Learning. ردمك: 9781401837723
الطب الطارئ: الرعاية الحادة، الفرز، والتدخلات الحرجة.,https://smarticle.tech/ar/article/emergency-medicine-acute-care-triage-and-critical-interventions-202605150058,Public Health,PULSE,https://openlibrary.org/works/OL8492716W,PULSE. بقلم Primedia. (1998). — Delmar Learning. ردمك: 1401888208
أمراض القلب السريرية: أمراض القلب، اضطراب النظم، والتدخلات القلبية الوعائية.,https://smarticle.tech/ar/article/clinical-cardiology-heart-disease-arrhythmia-and-cardiovascular-interventio-202605150104,Public Health,Practical handbook of advanced interventional cardiology,https://archive.org/details/practicalhandboo0000unse_p7z8,Practical handbook of advanced interventional cardiology. بقلم Thach Nguyen. (2000). — Wiley-Blackwell. ردمك: 0879934697
أمراض القلب السريرية: أمراض القلب، اضطراب النظم، والتدخلات القلبية الوعائية.,https://smarticle.tech/ar/article/clinical-cardiology-heart-disease-arrhythmia-and-cardiovascular-interventio-202605150104,Public Health,Making Sense of the ECG,https://archive.org/details/makingsenseofecg0000houg,Making Sense of the ECG. بقلم Andrew Houghton، David Gray. (2008). — CRC Press. ردمك: 0429579322
أمراض القلب السريرية: أمراض القلب، اضطراب النظم، والتدخلات القلبية الوعائية.,https://smarticle.tech/ar/article/clinical-cardiology-heart-disease-arrhythmia-and-cardiovascular-interventio-202605150104,Public Health,An introduction to electrocardiography,https://archive.org/details/introductiontoel0000scha_7edi,An introduction to electrocardiography. بقلم Leo Schamroth، L. Schamroth، C. Schamroth. (1964). — Blackwell Publishing Limited. ردمك: 0632024119
أمراض القلب السريرية: أمراض القلب، اضطراب النظم، والتدخلات القلبية الوعائية.,https://smarticle.tech/ar/article/clinical-cardiology-heart-disease-arrhythmia-and-cardiovascular-interventio-202605150104,Public Health,Introduction to basic cardiac dysrhythmias,https://openlibrary.org/works/OL3245070W,Introduction to basic cardiac dysrhythmias. بقلم Sandra Atwood، Cheryl Stanton، Jenny Storey Davenport. (1990). — Mosby Lifeline. ردمك: 9780323052252
أمراض القلب السريرية: أمراض القلب، اضطراب النظم، والتدخلات القلبية الوعائية.,https://smarticle.tech/ar/article/clinical-cardiology-heart-disease-arrhythmia-and-cardiovascular-interventio-202605150104,Public Health,ICD-10-CM 2020 Snapshot Coding Card,https://openlibrary.org/works/OL35706896W,ICD-10-CM 2020 Snapshot Coding Card. بقلم American Medical Association. (2019). — American Medical Association. ردمك: 1622029968
أمراض القلب السريرية: أمراض القلب، اضطراب النظم، والتدخلات القلبية الوعائية.,https://smarticle.tech/ar/article/clinical-cardiology-heart-disease-arrhythmia-and-cardiovascular-interventio-202605150104,Public Health,ICD-10-CM 2018 Snapshot Coding Card,https://openlibrary.org/works/OL28668286W,ICD-10-CM 2018 Snapshot Coding Card. بقلم American Medical American Medical Association. (2017). — American Medical Association. ردمك: 9781622026371
أمراض القلب السريرية: أمراض القلب، اضطراب النظم، والتدخلات القلبية الوعائية.,https://smarticle.tech/ar/article/clinical-cardiology-heart-disease-arrhythmia-and-cardiovascular-interventio-202605150104,Public Health,ICD-9 CM Easy Coder,https://openlibrary.org/works/OL769753W,ICD-9 CM Easy Coder. بقلم Paul K. Tanaka. (1998). — Unicor Medical... ردمك: 9781567811629
أمراض القلب السريرية: أمراض القلب، اضطراب النظم، والتدخلات القلبية الوعائية.,https://smarticle.tech/ar/article/clinical-cardiology-heart-disease-arrhythmia-and-cardiovascular-interventio-202605150104,Public Health,"THE DEVELOPMENT PROCESS OF CARDIOLOGY, ITS THEORETICAL FOUNDATIONS AND APPLICATION IN CLINICAL PRACTICE",https://doi.org/10.64941/hub.v01.i01.001,"سُلتونوفا مارْيونا نوسيروفنا. ""عملية تطوير علم أمراض القلب، الأسس النظرية والتطبيق في الممارسة السريرية"". كروسريف، 2025."
أمراض القلب السريرية: أمراض القلب، اضطراب النظم، والتدخلات القلبية الوعائية.,https://smarticle.tech/ar/article/clinical-cardiology-heart-disease-arrhythmia-and-cardiovascular-interventio-202605150104,Public Health,CRT-500.20 Barriers and Motivators for Participation of Cardiovascular Healthcare Providers in Clinical Trials in Iraq: A Survey-Based Study,https://doi.org/10.1016/j.jcin.2023.01.231,"زينب عطية دخيل وآخرون. ""العقبات والدوافع لمشاركة مقدمي الرعاية الصحية القلبية الوعائية في التجارب السريرية في العراق: دراسة قائمة على الاستقصاء"". كروسريف، 2023."
أمراض القلب السريرية: أمراض القلب، اضطراب النظم، والتدخلات القلبية الوعائية.,https://smarticle.tech/ar/article/clinical-cardiology-heart-disease-arrhythmia-and-cardiovascular-interventio-202605150104,Public Health,Incidence and Clinical Impact of Stroke Complicating Percutaneous Coronary Intervention,https://doi.org/10.1161/circinterventions.112.000170,"فيرنر ن. باور ت. هوشاديل م. وآخرون. ""حدوث والأثر السريري للسكتة الدماغية التي تعقّد التدخل التاجي التاجي عن طريق الجلد"". circulation: interventions القلب والأوعية الدموية، 2013."
علم الأعصاب: اضطرابات الدماغ، التنكس العصبي، والسكتة الدماغية.,https://smarticle.tech/ar/article/neurology-brain-disorders-neurodegeneration-and-stroke-202605150111,Public Health,Musicophilia,https://archive.org/details/bwb_W9-COR-980,Musicophilia. بقلم Oliver Sacks. (2007). — Companhia das Letras. ردمك: 8845972615
علم الأعصاب: اضطرابات الدماغ، التنكس العصبي، والسكتة الدماغية.,https://smarticle.tech/ar/article/neurology-brain-disorders-neurodegeneration-and-stroke-202605150111,Public Health,An introduction to neurology,https://archive.org/details/introductiontone00herrrich,An introduction to neurology. بقلم C. Judson Herrick. (1915). — W.B. Saunders Company
علم الأعصاب: اضطرابات الدماغ، التنكس العصبي، والسكتة الدماغية.,https://smarticle.tech/ar/article/neurology-brain-disorders-neurodegeneration-and-stroke-202605150111,Public Health,The Man Who Mistook His Wife for a Hat,https://archive.org/details/ohomemqueconfund0000sack,The Man Who Mistook His Wife for a Hat. بقلم Oliver Sacks. (1980). — Meulenhoff. ردمك: 9789576213366
علم الأعصاب: اضطرابات الدماغ، التنكس العصبي، والسكتة الدماغية.,https://smarticle.tech/ar/article/neurology-brain-disorders-neurodegeneration-and-stroke-202605150111,Public Health,Awakenings,https://archive.org/details/uyanslar0000sack,Awakenings. بقلم Oliver Sacks، Jonathan Davis. (1973). — Seuil. ردمك: 9783499120978
علم الأعصاب: اضطرابات الدماغ، التنكس العصبي، والسكتة الدماغية.,https://smarticle.tech/ar/article/neurology-brain-disorders-neurodegeneration-and-stroke-202605150111,Public Health,An Anthropologist on Mars,https://archive.org/details/antropologybatma0000oliv,An Anthropologist on Mars. بقلم Oliver Sacks. (1995). — Rowohlt Tb.. ردمك: 0679767177
علم الأعصاب: اضطرابات الدماغ، التنكس العصبي، والسكتة الدماغية.,https://smarticle.tech/ar/article/neurology-brain-disorders-neurodegeneration-and-stroke-202605150111,Public Health,The human brain,https://archive.org/details/humanbraininphot0000nolt,The human brain. بقلم John Nolte. (1981). — Mosby. ردمك: 0323041310
علم الأعصاب: اضطرابات الدماغ، التنكس العصبي، والسكتة الدماغية.,https://smarticle.tech/ar/article/neurology-brain-disorders-neurodegeneration-and-stroke-202605150111,Public Health,"Harnessing myelin water fraction as an imaging biomarker of human cerebral aging, neurodegenerative diseases, and risk factors influencing myelination",https://doi.org/10.1111/jnc.16170,"فوكنر، م.، وآخرون. ""استغلال جزء الماء النخاعي كمؤشر تصوير حيوي لشيخوخة الدماغ البشري، والأمراض التنكسية العصبية، وعوامل الخطر المؤثرة في التخلق النخاعي: مراجعة"". مجلة الكيمياء العصبية، 2024."
علم الأعصاب: اضطرابات الدماغ، التنكس العصبي، والسكتة الدماغية.,https://smarticle.tech/ar/article/neurology-brain-disorders-neurodegeneration-and-stroke-202605150111,Public Health,Role of the gut-brain axis in neurological diseases: Molecular connections and therapeutic implications (Review),https://doi.org/10.3892/ijmm.2025.5633,"هونغ جوان زانغ وآخرون. ""دور محور الأمعاء-الدماغ في الأمراض العصبية: الروابط الجزيئية والآثار العلاجية (مراجعة)"". المجلة الدولية للطب الجزيئي، 2025."
علم الأعصاب: اضطرابات الدماغ، التنكس العصبي، والسكتة الدماغية.,https://smarticle.tech/ar/article/neurology-brain-disorders-neurodegeneration-and-stroke-202605150111,Public Health,Navigating the landscape of protein folding and proteostasis: from molecular chaperones to therapeutic innovations,https://doi.org/10.1038/s41392-025-02439-w,"أو. كوزو، ل. ج. ت. غرانيرود، ف. ساتشيوغلو. ""التنقل في مشهد طي البروتين والحفاظ على توازن البروتينات: من المس chaperones الجزيئية إلى الابتكارات العلاجية"". semantic_scholar_foundational، 2025."
علم الأعصاب: اضطرابات الدماغ، التنكس العصبي، والسكتة الدماغية.,https://smarticle.tech/ar/article/neurology-brain-disorders-neurodegeneration-and-stroke-202605150111,Public Health,Preclinical insights into gamma-tACS: foundations for clinical translation in neurodegenerative diseases,https://doi.org/10.3389/fnins.2025.1549230,"غييرمو سانشيز-غاريدو كامبوس وآخرون. ""الرؤى قبل السريرية حول التحفيز الكهربائي عبر الجمجمة بموجات جاما: أسس للترجمة السريرية في الأمراض التنكسية العصبية"". مجلة الحدود في علوم الأعصاب، 2025."
علم الأورام: بيولوجيا السرطان، التصنيف، وطرق العلاج.,https://smarticle.tech/ar/article/oncology-cancer-biology-classification-and-treatment-modalities-202605150116,Public Health,Introduction to Mathematical Oncology,https://openlibrary.org/works/OL25127600W,Introduction to Mathematical Oncology. بقلم Yang Kuang، John D. Nagy، Steffen E. Eikenberry. (2018). — Routledge. ردمك: 1498752977
علم الأورام: بيولوجيا السرطان، التصنيف، وطرق العلاج.,https://smarticle.tech/ar/article/oncology-cancer-biology-classification-and-treatment-modalities-202605150116,Public Health,Introduction to Physical Oncology,https://openlibrary.org/works/OL25187546W,Introduction to Physical Oncology. بقلم Vittorio Cristini، Eugene Koay، Zhihui Wang. (2017). — Taylor & Francis Group. ردمك: 1315337827
علم الأورام: بيولوجيا السرطان، التصنيف، وطرق العلاج.,https://smarticle.tech/ar/article/oncology-cancer-biology-classification-and-treatment-modalities-202605150116,Public Health,Introduction to Cancer Therapy,https://openlibrary.org/works/OL26598552W,"Introduction to Cancer Therapy. بقلم Neville Charron. (2020). — Nova Science Publishers, Incorporated. ردمك: 1536184500"
علم الأورام: بيولوجيا السرطان، التصنيف، وطرق العلاج.,https://smarticle.tech/ar/article/oncology-cancer-biology-classification-and-treatment-modalities-202605150116,Public Health,The Impact of Tumor Biology on Cancer Treatment and Multidisciplinary Strategies,https://archive.org/details/impacttumorbiolo00moll,The Impact of Tumor Biology on Cancer Treatment and Multidisciplinary Strategies. بقلم Michael Molls. (2009). — Springer Berlin Heidelberg. ردمك: 3540743855
علم الأورام: بيولوجيا السرطان، التصنيف، وطرق العلاج.,https://smarticle.tech/ar/article/oncology-cancer-biology-classification-and-treatment-modalities-202605150116,Public Health,Introduction to clinical radiation oncology,https://archive.org/details/introductiontocl00coia,Introduction to clinical radiation oncology. بقلم Lawrence R. Coia. (1994). — Medical Physics Pub.. ردمك: 9780944838464
علم الأورام: بيولوجيا السرطان، التصنيف، وطرق العلاج.,https://smarticle.tech/ar/article/oncology-cancer-biology-classification-and-treatment-modalities-202605150116,Public Health,Principles and practice of radiation therapy,https://openlibrary.org/works/OL19468087W,Principles and practice of radiation therapy. بقلم Charles M. Washington، Dennis T. Leaver. (1900). — Mosby. ردمك: 9780815191452
علم الأورام: بيولوجيا السرطان، التصنيف، وطرق العلاج.,https://smarticle.tech/ar/article/oncology-cancer-biology-classification-and-treatment-modalities-202605150116,Public Health,"Review for ""Anti-cancer peptides: classification, mechanism of action, reconstruction and modification""",https://doi.org/10.1098/rsob.200004/v1/review2,"""الببتيدات المضادة للسرطان: التصنيف، آلية العمل، إعادة البناء والتعديل"". مراجعة لـ، 2020."
علم الأورام: بيولوجيا السرطان، التصنيف، وطرق العلاج.,https://smarticle.tech/ar/article/oncology-cancer-biology-classification-and-treatment-modalities-202605150116,Public Health,"Molecular, cellular and systemic aspects of epithelial ovarian cancer and its tumor microenvironment",https://doi.org/10.1016/j.semcancer.2022.03.027,"إستر شاوتروب وآخرون. ""الجوانب الجزيئية، الخلوية، والنظامية لسرطان المبيض الظهاري وبيئته الورمية"". *ندوات في علم الأورام*، 2022."
علم الأورام: بيولوجيا السرطان، التصنيف، وطرق العلاج.,https://smarticle.tech/ar/article/oncology-cancer-biology-classification-and-treatment-modalities-202605150116,Public Health,"Review for ""Artificial intelligence in dermatology: A systematic review of skin cancer detection and classification""",https://doi.org/10.1088/2631-8695/ae1933/v3/review2,"الذكاء الاصطناعي في علم الأمراض الجلدية: مراجعة منهجية لاكتشاف وتصنيف سرطان الجلد. ""مراجعة لـ'الذكاء الاصطناعي في علم الأمراض الجلدية: مراجعة منهجية لاكتشاف وتصنيف سرطان الجلد'"". كروسريف، 2025."
علم الأورام: بيولوجيا السرطان، التصنيف، وطرق العلاج.,https://smarticle.tech/ar/article/oncology-cancer-biology-classification-and-treatment-modalities-202605150116,Public Health,Machine Learning Models for Breast Cancer Classification,https://doi.org/10.21203/rs.3.rs-4782472/v1,"رافي تيجا إس. ""نماذج التعلم الآلي لتصنيف سرطان الثدي"". كروسريف، 2024."
علم الأوبئة: مراقبة الأمراض، تصميم الدراسة، والتحقيق في تفشي المرض.,https://smarticle.tech/ar/article/epidemiology-disease-surveillance-study-design-and-outbreak-investigation-202605172355,Public Health,Hippocrates,https://archive.org/details/hippocrates01hipp_0,Hippocrates. بقلم Hippocrates. (1531). — Harvard Univ. Press. ردمك: 0674995260
علم الأوبئة: مراقبة الأمراض، تصميم الدراسة، والتحقيق في تفشي المرض.,https://smarticle.tech/ar/article/epidemiology-disease-surveillance-study-design-and-outbreak-investigation-202605172355,Public Health,The history of the great plague in London in the year 1665,https://archive.org/details/danieldefoesjour00defo,The history of the great plague in London in the year 1665. بقلم Daniel Defoe. (1722). — Seltzer Books. ردمك: 139880178X
علم الأوبئة: مراقبة الأمراض، تصميم الدراسة، والتحقيق في تفشي المرض.,https://smarticle.tech/ar/article/epidemiology-disease-surveillance-study-design-and-outbreak-investigation-202605172355,Public Health,Epidemics and crowd-diseases,https://archive.org/details/b33398628_0002,"Epidemics and crowd-diseases. بقلم Major Greenwood. (1935). — Arno Press, 1977.. ردمك: 0405098219"
علم الأوبئة: مراقبة الأمراض، تصميم الدراسة، والتحقيق في تفشي المرض.,https://smarticle.tech/ar/article/epidemiology-disease-surveillance-study-design-and-outbreak-investigation-202605172355,Public Health,Introduction to Epidemiology,https://openlibrary.org/works/OL13773556W,Introduction to Epidemiology. بقلم Ray M. Merrill. (2010). — Jones & Bartlett Learning. ردمك: 9781284094350
علم الأوبئة: مراقبة الأمراض، تصميم الدراسة، والتحقيق في تفشي المرض.,https://smarticle.tech/ar/article/epidemiology-disease-surveillance-study-design-and-outbreak-investigation-202605172355,Public Health,Epidemiology kept simple,https://archive.org/details/epidemiologykept03edgers,Epidemiology kept simple. بقلم B. Burt Gerstman. (1998). — Wiley-Liss. ردمك: 0471457809
علم الأوبئة: مراقبة الأمراض، تصميم الدراسة، والتحقيق في تفشي المرض.,https://smarticle.tech/ar/article/epidemiology-disease-surveillance-study-design-and-outbreak-investigation-202605172355,Public Health,Waterborne disease outbreaks,https://openlibrary.org/works/OL23169197W,"Waterborne disease outbreaks. بقلم Gunther F. Craun. (1990). — Health Effects Research Laboratory, Office of Research and Development, U.S. Environmental Protection Agency"
علم الأوبئة: مراقبة الأمراض، تصميم الدراسة، والتحقيق في تفشي المرض.,https://smarticle.tech/ar/article/epidemiology-disease-surveillance-study-design-and-outbreak-investigation-202605172355,Public Health,Spatio-temporal determinants of mental health and well-being: advances in geographically-explicit ecological momentary assessment (GEMA),https://doi.org/10.1007/s00127-016-1277-5,"كيرشنر، ت. ر.، شيفمان، س. ""المحددات الزمانية والمكانية للصحة العقلية والرفاهية: تطورات في التقييم اللحظي الجغرافي الصريح (GEMA)"". مجلة الطب النفسي الاجتماعي والوبائيات النفسية، 2016."
علم الأوبئة: مراقبة الأمراض، تصميم الدراسة، والتحقيق في تفشي المرض.,https://smarticle.tech/ar/article/epidemiology-disease-surveillance-study-design-and-outbreak-investigation-202605172355,Public Health,Epidemiology of severe asthma in children: a systematic review and meta-analysis,https://doi.org/10.1183/16000617.0095-2024,"س. مانتي وآخرون. ""وبائيات الربو الحاد لدى الأطفال: مراجعة منهجية وتحليل تلوي"". semantic_scholar_foundational، 2024."
علم الأوبئة: مراقبة الأمراض، تصميم الدراسة، والتحقيق في تفشي المرض.,https://smarticle.tech/ar/article/epidemiology-disease-surveillance-study-design-and-outbreak-investigation-202605172355,Public Health,[Ecological studies in environmental health: Beyond epidemiology].,https://doi.org/10.1590/S0120-41572015000500019,"ل. بلانكو-بيسيرا، س. بينزون-فلوريس، أ. إيدروفو. ""[الدراسات البيئية في الصحة البيئية: ما وراء الوبائيات]"". semantic_scholar_foundational، 2015."
علم الأوبئة: مراقبة الأمراض، تصميم الدراسة، والتحقيق في تفشي المرض.,https://smarticle.tech/ar/article/epidemiology-disease-surveillance-study-design-and-outbreak-investigation-202605172355,Public Health,"Cholangiocarcinoma. Epidemiology, classification, diagnosis, treatment methods (literature review)",https://doi.org/10.47407/kr2024.5.7.00443,"ألكسندرا ج. زاموتينا وآخرون. ""سرطان القنوات الصفراوية: الوبائيات، التصنيف، التشخيص، طرق العلاج (مراجعة أدبية)"". semantic_scholar_foundational، 2024."
السياسة العامة العالمية للصحة: النظم الصحية، العدالة، والأطر الدولية.,https://smarticle.tech/ar/article/global-public-health-policy-health-systems-equity-and-international-framewo-202605180003,Public Health,Global Health,https://openlibrary.org/works/OL21142223W,"Global Health. بقلم Kevin McCracken، Phillips, David R.. (2012). — Routledge. ردمك: 1317431227"
السياسة العامة العالمية للصحة: النظم الصحية، العدالة، والأطر الدولية.,https://smarticle.tech/ar/article/global-public-health-policy-health-systems-equity-and-international-framewo-202605180003,Public Health,Understanding the politics of pandemic scares,https://openlibrary.org/works/OL16126014W,Understanding the politics of pandemic scares. بقلم Mika Aaltola. (2011). — Taylor & Francis Group. ردمك: 0415603811
السياسة العامة العالمية للصحة: النظم الصحية، العدالة، والأطر الدولية.,https://smarticle.tech/ar/article/global-public-health-policy-health-systems-equity-and-international-framewo-202605180003,Public Health,An Introduction to Global Health Delivery,https://openlibrary.org/works/OL22070489W,An Introduction to Global Health Delivery. بقلم Joia S. Mukherjee. (2017). — Oxford University Press. ردمك: 9780190662455
السياسة العامة العالمية للصحة: النظم الصحية، العدالة، والأطر الدولية.,https://smarticle.tech/ar/article/global-public-health-policy-health-systems-equity-and-international-framewo-202605180003,Public Health,The Health of women,https://archive.org/details/healthofwomenglo0000unse,The Health of women. بقلم Marjorie A. Koblinsky، Judith Timyan، Janet Gottschalk. (1992). — Westview Press Inc. ردمك: 0813385008
السياسة العامة العالمية للصحة: النظم الصحية، العدالة، والأطر الدولية.,https://smarticle.tech/ar/article/global-public-health-policy-health-systems-equity-and-international-framewo-202605180003,Public Health,How to leverage implementation research for equity in global health,https://doi.org/10.1186/s41256-024-00388-5,"ألونج، أولاكونلي. ""كيفية الاستفادة من بحوث التنفيذ لتحقيق المساواة في الصحة العالمية"". كروسريف، 2024."
السياسة العامة العالمية للصحة: النظم الصحية، العدالة، والأطر الدولية.,https://smarticle.tech/ar/article/global-public-health-policy-health-systems-equity-and-international-framewo-202605180003,Public Health,Global Health Equity for LGBTQ People and Populations,https://doi.org/10.1891/9780826195074.0010,"روزا، ويليام إي، باتريشيا ج. مورلاند، وتوندا إل. هيوز. ""المساواة في الصحة العالمية للأشخاص والمجتمعات من مجتمع الميم (LGBTQ)"". كروسريف، 2020."
السياسة العامة العالمية للصحة: النظم الصحية، العدالة، والأطر الدولية.,https://smarticle.tech/ar/article/global-public-health-policy-health-systems-equity-and-international-framewo-202605180003,Public Health,Ensuring Global Health Equity in a Post-pandemic Economy,https://doi.org/10.34172/ijhpm.2022.7212,"لابونتي، رونالد. ""ضمان المساواة في الصحة العالمية في اقتصاد ما بعد الجائحة"". المجلة الدولية لسياسات وإدارة الصحة، 2022."
السياسة العامة العالمية للصحة: النظم الصحية، العدالة، والأطر الدولية.,https://smarticle.tech/ar/article/global-public-health-policy-health-systems-equity-and-international-framewo-202605180003,Public Health,"Public Health, Clinical Governance, and Governance for Health and Well-Being",https://doi.org/10.1159/000530024,"راموس، فيكتور. ""الصحة العامة، والإدارة السريرية، والإدارة من أجل الصحة والرفاهية"". كروسريف، 2023."
الاستعداد للجائحة: دروس من الإنفلونزا، فيروس نقص المناعة البشرية، وكوفيد-19.,https://smarticle.tech/ar/article/pandemic-preparedness-lessons-from-influenza-hiv-and-covid-19-202605180010,Public Health,Global Health,https://openlibrary.org/works/OL21142223W,"Global Health. بقلم Kevin McCracken، Phillips, David R.. (2012). — Routledge. ردمك: 1317431227"
الاستعداد للجائحة: دروس من الإنفلونزا، فيروس نقص المناعة البشرية، وكوفيد-19.,https://smarticle.tech/ar/article/pandemic-preparedness-lessons-from-influenza-hiv-and-covid-19-202605180010,Public Health,Routledge Handbook Of Global Health Security,https://openlibrary.org/works/OL17410335W,Routledge Handbook Of Global Health Security. بقلم Simon Rushton. (2014). — Routledge. ردمك: 020307856X
الاستعداد للجائحة: دروس من الإنفلونزا، فيروس نقص المناعة البشرية، وكوفيد-19.,https://smarticle.tech/ar/article/pandemic-preparedness-lessons-from-influenza-hiv-and-covid-19-202605180010,Public Health,Healthcare Analytics,https://openlibrary.org/works/OL21321717W,Healthcare Analytics. بقلم Edward M. Rafalski، Ross M. Mullner. (2019). — Taylor & Francis Group. ردمك: 9781032068466
الاستعداد للجائحة: دروس من الإنفلونزا، فيروس نقص المناعة البشرية، وكوفيد-19.,https://smarticle.tech/ar/article/pandemic-preparedness-lessons-from-influenza-hiv-and-covid-19-202605180010,Public Health,Thinking Through Resistance,https://archive.org/details/isbn_9781629583341,Thinking Through Resistance. بقلم Nicola Bulled. (2017). — Routledge. ردمك: 1351807374
الاستعداد للجائحة: دروس من الإنفلونزا، فيروس نقص المناعة البشرية، وكوفيد-19.,https://smarticle.tech/ar/article/pandemic-preparedness-lessons-from-influenza-hiv-and-covid-19-202605180010,Public Health,Homeland security,https://openlibrary.org/works/OL565067W,Homeland security. بقلم United States. General Accounting Office. (2002). — GAO
الاستعداد للجائحة: دروس من الإنفلونزا، فيروس نقص المناعة البشرية، وكوفيد-19.,https://smarticle.tech/ar/article/pandemic-preparedness-lessons-from-influenza-hiv-and-covid-19-202605180010,Public Health,Diseases of globalization,https://archive.org/details/diseasesofglobal0000mcmu,Diseases of globalization. بقلم Christine McMurray. (2001). — Taylor & Francis Group. ردمك: 9781853837111
الاستعداد للجائحة: دروس من الإنفلونزا، فيروس نقص المناعة البشرية، وكوفيد-19.,https://smarticle.tech/ar/article/pandemic-preparedness-lessons-from-influenza-hiv-and-covid-19-202605180010,Public Health,Canadian Pandemic Influenza Preparedness: Antiviral strategy,https://doi.org/10.14745/ccdr.v45i01a05,"هنري ب. ""الاستعداد الكندي للإنفلونزا الوبائية: الاستراتيجية المضادة للفيروسات"". كروسريف، 2019."
الاستعداد للجائحة: دروس من الإنفلونزا، فيروس نقص المناعة البشرية، وكوفيد-19.,https://smarticle.tech/ar/article/pandemic-preparedness-lessons-from-influenza-hiv-and-covid-19-202605180010,Public Health,"COVID-19 and Global Health Security: Overview of the Global Health Security Alliance, COVID-19 Response, African Countries’ Approaches, and Ethics",https://doi.org/10.1017/dmp.2020.360,"بيليت يمير، واساشيو أشيبير، وأوراريس وولدي، ومولوكين تيشومي. ""كوفيد-19 والأمن الصحي العالمي: نظرة عامة على التحالف العالمي للأمن الصحي، والاستجابة لكوفيد-19، ومناهج الدول الأفريقية، والأخلاقيات"". مجلة الطب الكارثي والصحة العامة الاستعدادية، 2020."
الاستعداد للجائحة: دروس من الإنفلونزا، فيروس نقص المناعة البشرية، وكوفيد-19.,https://smarticle.tech/ar/article/pandemic-preparedness-lessons-from-influenza-hiv-and-covid-19-202605180010,Public Health,Viral Load Dynamics of COVID-19 and Public Health Strategies: Modelling for Pandemic Preparedness,https://doi.org/10.21203/rs.3.rs-3640042/v1,"علاء م. صادق. ""ديناميكيات الحمل الفيروسي لكوفيد-19 والاستراتيجيات الصحية العامة: النمذجة للاستعداد الوبائي"". كروسريف، 2023."
الاستعداد للجائحة: دروس من الإنفلونزا، فيروس نقص المناعة البشرية، وكوفيد-19.,https://smarticle.tech/ar/article/pandemic-preparedness-lessons-from-influenza-hiv-and-covid-19-202605180010,Public Health,Strengthening event-based surveillance (EBS): a case study from Afghanistan,https://doi.org/10.1186/s13031-024-00598-1,"محمد مصطفى طهون وآخرون. ""تعزيز المراقبة المبنية على الأحداث (EBS): دراسة حالة من أفغانستان"". كروسريف، 2024."
علم الأمراض السريرية: تحليل الأنسجة والتشخيص النسيجي المرضي.,https://smarticle.tech/ar/article/clinical-pathology-tissue-analysis-and-histopathological-diagnosis-202605180018,Medical Laboratories,Histopathology Reporting,https://archive.org/details/histopathologyre0000alle,Histopathology Reporting. بقلم Derek C. Allen. (2000). — Springer. ردمك: 9781447152637
علم الأمراض السريرية: تحليل الأنسجة والتشخيص النسيجي المرضي.,https://smarticle.tech/ar/article/clinical-pathology-tissue-analysis-and-histopathological-diagnosis-202605180018,Medical Laboratories,Pathophysiology of disease,https://openlibrary.org/works/OL18403508W,"Pathophysiology of disease. بقلم Stephen J. McPhee، Vishwanath R. Lingappa، Ganong, William F.. (2002). — McGraw-Hill/Appleton & Lange. ردمك: 9780071387644"
علم الأمراض السريرية: تحليل الأنسجة والتشخيص النسيجي المرضي.,https://smarticle.tech/ar/article/clinical-pathology-tissue-analysis-and-histopathological-diagnosis-202605180018,Medical Laboratories,Mechanisms of disease,https://archive.org/details/mechanismsofdise02edunse,Mechanisms of disease. بقلم Stephen Tomlinson، Anthony M. Heagerty، Anthony P. Weetman. (2008). — Cambridge University Press. ردمك: 9780511380815
علم الأمراض السريرية: تحليل الأنسجة والتشخيص النسيجي المرضي.,https://smarticle.tech/ar/article/clinical-pathology-tissue-analysis-and-histopathological-diagnosis-202605180018,Medical Laboratories,Endocrine Pathology,https://archive.org/details/endocrinepatholo00lloy_0,Endocrine Pathology. بقلم Ricardo V. Lloyd. (1990). — Humana Press. ردمك: 9781461233466
علم الأمراض السريرية: تحليل الأنسجة والتشخيص النسيجي المرضي.,https://smarticle.tech/ar/article/clinical-pathology-tissue-analysis-and-histopathological-diagnosis-202605180018,Medical Laboratories,Muscle biopsy,https://archive.org/details/musclebiopsyprac0000dubo,Muscle biopsy. بقلم Victor Dubowitz، Caroline A. Sewry، Lilly M. S. Dubowitz. (1973). — W.B. Saunders Company. ردمك: 9780702074714
علم الأمراض السريرية: تحليل الأنسجة والتشخيص النسيجي المرضي.,https://smarticle.tech/ar/article/clinical-pathology-tissue-analysis-and-histopathological-diagnosis-202605180018,Medical Laboratories,"Unfavorable Pathology, Tissue Biomarkers and Genomic Tests With Clinical Implications in Prostate Cancer Management",https://doi.org/10.1097/pap.0000000000000192,"جين كيم نجوين، كريستينا ماغي-غالوزي. ""المسار المرضي غير المواتي، المؤشرات الحيوية النسيجية والاختبارات الجينومية ذات الدلالات السريرية في إدارة سرطان البروستاتا"". *Crossref*، 2018."
علم الأمراض السريرية: تحليل الأنسجة والتشخيص النسيجي المرضي.,https://smarticle.tech/ar/article/clinical-pathology-tissue-analysis-and-histopathological-diagnosis-202605180018,Medical Laboratories,Tissue Microarray for Routine Analysis of Breast Biomarkers in the Clinical Laboratory,https://doi.org/10.1309/ajcpw37qgecdycdo,"توماس إيه. طومسون، تشن زهو، كريستينا شو، برايان نايت. ""المصفوفة النسيجية الدقيقة للتحليل الروتيني للمؤشرات الحيوية للثدي في المختبرات السريرية"". *المجلة الأمريكية لعلم الأمراض السريرية*، 2009."
علم الأمراض السريرية: تحليل الأنسجة والتشخيص النسيجي المرضي.,https://smarticle.tech/ar/article/clinical-pathology-tissue-analysis-and-histopathological-diagnosis-202605180018,Medical Laboratories,Analysis of Protein Biomarkers in Human Clinical Tumor Samples: Critical Aspects to Success from Tissue Acquisition to Analysis,https://doi.org/10.2217/bmm.11.9,"مادهوري في. وارين، واي إريس تشان، جون إم ريدلي. ""تحليل المؤشرات الحيوية البروتينية في عينات الأورام السريرية البشرية: الجوانب الحرجة للنجاح من الحصول على الأنسجة إلى التحليل"". *Crossref*، 2011."
علم الأمراض السريرية: تحليل الأنسجة والتشخيص النسيجي المرضي.,https://smarticle.tech/ar/article/clinical-pathology-tissue-analysis-and-histopathological-diagnosis-202605180018,Medical Laboratories,Clinical tissue biomarker digital image analysis: A review of current applications,https://doi.org/10.1016/j.hpr.2022.300633,"زايبو لي، مارلين إم. بوي، ليرون بانتانوويتز. ""التحليل الرقمي للصورة للمؤشرات الحيوية النسيجية السريرية: مراجعة للتطبيقات الحالية"". *Crossref*، 2022."
علم الأمراض السريرية: تحليل الأنسجة والتشخيص النسيجي المرضي.,https://smarticle.tech/ar/article/clinical-pathology-tissue-analysis-and-histopathological-diagnosis-202605180018,Medical Laboratories,Clinical biomarkers in soft tissue sarcoma A comprehensive review of current soft tissue sarcoma biomarkers,https://doi.org/10.1002/jso.26680,"سومييا آر. شارما، نادية إي. باونيسا، لوسيا كاسادي، وآخرون. ""المؤشرات الحيوية السريرية في ساركوما الأنسجة الرخوة: مراجعة شاملة للمؤشرات الحيوية الحالية لساركوما الأنسجة الرخوة"". *مجلة علم الأورام الجراحي*، 2021."
اختبار الدم التشخيصي: علم الدم، الكيمياء الحيوية، والمؤشرات الحيوية.,https://smarticle.tech/ar/article/diagnostic-blood-testing-haematology-biochemistry-and-biomarkers-202605180026,Medical Laboratories,Veterinary laboratory medicine,https://archive.org/details/veterinarylabora0000kerr,"Veterinary laboratory medicine. بقلم Morag G. Kerr. (1988). — Wiley & Sons, Incorporated, John. ردمك: 9780632040230"
اختبار الدم التشخيصي: علم الدم، الكيمياء الحيوية، والمؤشرات الحيوية.,https://smarticle.tech/ar/article/diagnostic-blood-testing-haematology-biochemistry-and-biomarkers-202605180026,Medical Laboratories,Atlas of hematology,https://archive.org/details/atlasofhematolog0000ande,Atlas of hematology. بقلم Shauna Christine Anderson، Shauna C. Anderson، Keila B Poulsen. (2003). — Lippincott Williams & Wilkins. ردمك: 9780781726627
اختبار الدم التشخيصي: علم الدم، الكيمياء الحيوية، والمؤشرات الحيوية.,https://smarticle.tech/ar/article/diagnostic-blood-testing-haematology-biochemistry-and-biomarkers-202605180026,Medical Laboratories,Clinical haematology,https://archive.org/details/clinicalhaematol0000prov,Clinical haematology. بقلم Andrew Provan، Drew Provan، Andrew Amos. (1997). — A Hodder Arnold Publication. ردمك: 0750629207
اختبار الدم التشخيصي: علم الدم، الكيمياء الحيوية، والمؤشرات الحيوية.,https://smarticle.tech/ar/article/diagnostic-blood-testing-haematology-biochemistry-and-biomarkers-202605180026,Medical Laboratories,"Essential Laboratory Medicine ; Clinical Pathology, Microbiology, Haematology, Cytology, Histopathology, Biochemistry, Blood Banking and Immunology",https://openlibrary.org/works/OL10246647W,"Essential Laboratory Medicine ; Clinical Pathology, Microbiology, Haematology, Cytology, Histopathology, Biochemistry, Blood Banking and Immunology. بقلم V.H. Talib. (1999). — Interprint. ردمك: 8188039330"
اختبار الدم التشخيصي: علم الدم، الكيمياء الحيوية، والمؤشرات الحيوية.,https://smarticle.tech/ar/article/diagnostic-blood-testing-haematology-biochemistry-and-biomarkers-202605180026,Medical Laboratories,"Croatian Society of Medical Biochemistry and Laboratory Medicine: National recommendations for blood collection, processing, performance and reporting",https://doi.org/10.11613/BM.2019.020503,"A. Bronić, D. Coen Herak, S. Margetić, M. Milić. ""Croatian Society of Medical Biochemistry and Laboratory Medicine: National recommendations for blood collection, processing, performance and reporting of results for coagulation screening assays prothrombin time, activated partial thromboplastin time, thrombin time, fibrinogen and D-dimer"". semantic_scholar_foundational, 2019."
اختبار الدم التشخيصي: علم الدم، الكيمياء الحيوية، والمؤشرات الحيوية.,https://smarticle.tech/ar/article/diagnostic-blood-testing-haematology-biochemistry-and-biomarkers-202605180026,Medical Laboratories,"Diagnostic Performance of Red Blood Cell Indices, Serum Erythropoietin, and JAK2 Mutation Testing for the Evaluation of Polycythemia Vera at High Alti",https://doi.org/10.1182/blood-2023-177970,"Husain Y. Alkhaldy et al. ""Diagnostic Performance of Red Blood Cell Indices, Serum Erythropoietin, and JAK2 Mutation Testing for the Evaluation of Polycythemia Vera at High Altitude"". Blood, 2023."
اختبار الدم التشخيصي: علم الدم، الكيمياء الحيوية، والمؤشرات الحيوية.,https://smarticle.tech/ar/article/diagnostic-blood-testing-haematology-biochemistry-and-biomarkers-202605180026,Medical Laboratories,Reliability of HIV rapid diagnostic tests for self-testing compared with testing by health-care workers: a systematic review and meta-analysis,https://doi.org/10.1016/S2352-3018(18)30044-4,"Carmen Figueroa, C. Johnson, N. Ford, A. Sands, S. Dalal, Robyn Meurant, Irena Prat, K. Hatzold, W. Urassa, R. Baggaley. ""Reliability of HIV rapid diagnostic tests for self-testing compared with testing by health-care workers: a systematic review and meta-analysis"". semantic_scholar_foundational, 2018."
اختبار الدم التشخيصي: علم الدم، الكيمياء الحيوية، والمؤشرات الحيوية.,https://smarticle.tech/ar/article/diagnostic-blood-testing-haematology-biochemistry-and-biomarkers-202605180026,Medical Laboratories,Laboratory practices for manual blood film review: Results of an IQMH patterns of practice survey,https://doi.org/10.1111/ijlh.13343,"Elaine Leung, A. Johnston, Brian Olsen, Hong Chang, T. Martin, Miranda Wozniak, D. Good. ""Laboratory practices for manual blood film review: Results of an IQMH patterns of practice survey"". International Journal of Laboratory Hematology, 2020."
اختبار الدم التشخيصي: علم الدم، الكيمياء الحيوية، والمؤشرات الحيوية.,https://smarticle.tech/ar/article/diagnostic-blood-testing-haematology-biochemistry-and-biomarkers-202605180026,Medical Laboratories,Review of the implementation of plasma ctDNA testing on behalf of IQN Path ASBL: a perspective from an EQA providers’ survey,https://doi.org/10.1007/s00428-017-2222-z,"Deans Z, Williams HL, Dequeker E, et al. ""Review of the implementation of plasma ctDNA testing on behalf of IQN Path ASBL: a perspective from an EQA providers’ survey"". Virchows Archiv, 2017."
اختبار الدم التشخيصي: علم الدم، الكيمياء الحيوية، والمؤشرات الحيوية.,https://smarticle.tech/ar/article/diagnostic-blood-testing-haematology-biochemistry-and-biomarkers-202605180026,Medical Laboratories,Patient Blood Management in 2023: a Nationwide Survey of Anesthesiologists in Romania following the 2018 Guidelines,https://doi.org/10.2450/BloodTransfus.776,"D. Filipescu et al. ""Patient Blood Management in 2023: a Nationwide Survey of Anesthesiologists in Romania following the 2018 Guidelines"". Blood Transfus, 2024."
علم الأحياء الدقيقة الطبية: تحديد العوامل الممرضة البكتيرية والفيروسية والفطرية.,https://smarticle.tech/ar/article/medical-microbiology-bacterial-viral-and-fungal-pathogen-identification-202605180034,Medical Laboratories,"Principles of bacteriology, virology, and immunity",https://archive.org/details/topleywilsonspri01topl,"Principles of bacteriology, virology, and immunity. بقلم William Whiteman Carlton Topley، Graham Selby Wilson، A. A. Miles. (1929). — Lippincott Williams & Wilkins. ردمك: 0713144262"
علم الأحياء الدقيقة الطبية: تحديد العوامل الممرضة البكتيرية والفيروسية والفطرية.,https://smarticle.tech/ar/article/medical-microbiology-bacterial-viral-and-fungal-pathogen-identification-202605180034,Medical Laboratories,Advances in applied microbiology,https://archive.org/details/advancesappliedm65lask,Advances in applied microbiology. بقلم Allen I. Laskin، Geoffrey Michael Gadd، Sima Sariaslani. (2008). — Elsevier Science & Technology. ردمك: 9780128052181
علم الأحياء الدقيقة الطبية: تحديد العوامل الممرضة البكتيرية والفيروسية والفطرية.,https://smarticle.tech/ar/article/medical-microbiology-bacterial-viral-and-fungal-pathogen-identification-202605180034,Medical Laboratories,Microbiology,https://archive.org/details/introductionalam0000tort,"Microbiology. بقلم Gerard J. Tortora، Berdell R. Funke، Christine L. Case. (1982). — Pearson Education, Limited. ردمك: 9780134716121"
علم الأحياء الدقيقة الطبية: تحديد العوامل الممرضة البكتيرية والفيروسية والفطرية.,https://smarticle.tech/ar/article/medical-microbiology-bacterial-viral-and-fungal-pathogen-identification-202605180034,Medical Laboratories,Molecular Biology of the Cell,https://archive.org/details/molecularbiology0000unse_e2q3,Molecular Biology of the Cell. بقلم Bruce Alberts، Alexander Johnson، Julian Lewis. (1983). — NCBI. ردمك: 9780824072834
علم الأحياء الدقيقة الطبية: تحديد العوامل الممرضة البكتيرية والفيروسية والفطرية.,https://smarticle.tech/ar/article/medical-microbiology-bacterial-viral-and-fungal-pathogen-identification-202605180034,Medical Laboratories,Molecular biology of the gene,https://archive.org/details/molecularbiology0004unse,Molecular biology of the gene. بقلم James D. Watson، Nancy H. Hopkins، Jeffrey W. Roberts. (1965). — Pearson/Benjamin Cummings. ردمك: 1405823798
علم الأحياء الدقيقة الطبية: تحديد العوامل الممرضة البكتيرية والفيروسية والفطرية.,https://smarticle.tech/ar/article/medical-microbiology-bacterial-viral-and-fungal-pathogen-identification-202605180034,Medical Laboratories,"Advances in Microbiology, Infectious Diseases and Public Health",https://openlibrary.org/works/OL20697702W,"Advances in Microbiology, Infectious Diseases and Public Health. بقلم Gianfranco Donelli. (2016). — Springer International Publishing AG. ردمك: 9783319263205"
علم الأحياء الدقيقة الطبية: تحديد العوامل الممرضة البكتيرية والفيروسية والفطرية.,https://smarticle.tech/ar/article/medical-microbiology-bacterial-viral-and-fungal-pathogen-identification-202605180034,Medical Laboratories,Science in a Technical World,https://archive.org/details/pulppaperresearc0000unse,Science in a Technical World. بقلم American Chemical Society. (1999). — W. H. Freeman. ردمك: 0716737922
علم الأحياء الدقيقة الطبية: تحديد العوامل الممرضة البكتيرية والفيروسية والفطرية.,https://smarticle.tech/ar/article/medical-microbiology-bacterial-viral-and-fungal-pathogen-identification-202605180034,Medical Laboratories,Introduction to microbiology,https://archive.org/details/introductiontomi0000john,Introduction to microbiology. بقلم John L. Ingraham. (1995). — Brooks/Cole Pub. Co. ردمك: 0534167284
علم الأحياء الدقيقة الطبية: تحديد العوامل الممرضة البكتيرية والفيروسية والفطرية.,https://smarticle.tech/ar/article/medical-microbiology-bacterial-viral-and-fungal-pathogen-identification-202605180034,Medical Laboratories,Science and civilisation in China,https://archive.org/details/zhongguokexuejis05need,Science and civilisation in China. بقلم Joseph Needham. (1954). — Cambridge University Press. ردمك: 9780521058001
علم الأحياء الدقيقة الطبية: تحديد العوامل الممرضة البكتيرية والفيروسية والفطرية.,https://smarticle.tech/ar/article/medical-microbiology-bacterial-viral-and-fungal-pathogen-identification-202605180034,Medical Laboratories,INTRODUCTION TO BIODETERIORATION,https://openlibrary.org/works/OL13633739W,INTRODUCTION TO BIODETERIORATION. بقلم DENNIS ALLSOPP، Dennis Allsopp، Kenneth J. Seal. (2004). — CAMBRIDGE UNIV PRESS. ردمك: 9780521528870
الصيدلة السريرية وآليات الأدوية,https://smarticle.tech/ar/article/clinical-pharmacology-and-drug-mechanisms-202605190443,Pharmacy,Cardiovascular pharmacotherapeutics,https://archive.org/details/cardiovascularph02edunse,"Cardiovascular pharmacotherapeutics. بقلم William H. Frishman، Domenic A. Sica، Edmund H. Sonnenblick. (1997). — McGraw-Hill, Medical Pub. Division. ردمك: 1935395629"
الصيدلة السريرية وآليات الأدوية,https://smarticle.tech/ar/article/clinical-pharmacology-and-drug-mechanisms-202605190443,Pharmacy,Drugs of Abuse,https://archive.org/details/drugsofabusephar0000howa,Drugs of Abuse. بقلم Sherrel Howard. (2014). — Wiley-Blackwell. ردمك: 9781118870891
الصيدلة السريرية وآليات الأدوية,https://smarticle.tech/ar/article/clinical-pharmacology-and-drug-mechanisms-202605190443,Pharmacy,Antimicrobial drug resistance,https://archive.org/details/antimicrobialdru00maye,Antimicrobial drug resistance. بقلم Douglas L. Mayers. (2009). — Springer. ردمك: 9783319467184
الصيدلة السريرية وآليات الأدوية,https://smarticle.tech/ar/article/clinical-pharmacology-and-drug-mechanisms-202605190443,Pharmacy,Atlas of psychiatric pharmacotherapy,https://openlibrary.org/works/OL9012624W,Atlas of psychiatric pharmacotherapy. بقلم Roni Shiloh. (1999). — Taylor & Francis. ردمك: 1853179345
الصيدلة السريرية وآليات الأدوية,https://smarticle.tech/ar/article/clinical-pharmacology-and-drug-mechanisms-202605190443,Pharmacy,"Cocaine, marijuana, designer drugs",https://archive.org/details/cocainemarijuana0000unse,"Cocaine, marijuana, designer drugs. بقلم Charles A. Walker، Gene Barnett، Kinfe Redda. (1989). — Taylor & Francis Group. ردمك: 1439805229"
الصيدلة السريرية وآليات الأدوية,https://smarticle.tech/ar/article/clinical-pharmacology-and-drug-mechanisms-202605190443,Pharmacy,Molecular mechanisms of drug action,https://archive.org/details/molecularmechani0000coul_g1l2,Molecular mechanisms of drug action. بقلم Christopher J. Coulson. (1988). — Routledge. ردمك: 9781280405457
الصيدلة السريرية وآليات الأدوية,https://smarticle.tech/ar/article/clinical-pharmacology-and-drug-mechanisms-202605190443,Pharmacy,Pocket Guide For Textbook Of Pharmocotherapy,https://openlibrary.org/works/OL5769673W,Pocket Guide For Textbook Of Pharmocotherapy. بقلم David Rosenberg. (1997). — Routledge. ردمك: 9780876308714
الصيدلة السريرية وآليات الأدوية,https://smarticle.tech/ar/article/clinical-pharmacology-and-drug-mechanisms-202605190443,Pharmacy,Definitions and mechanisms of drug hypersensitivity,https://doi.org/10.1586/ecp.10.32,"بتينا ويد. ""التعاريف والآليات الخاصة بفرط الحساسية للأدوية"". Crossref، 2010."
الصيدلة السريرية وآليات الأدوية,https://smarticle.tech/ar/article/clinical-pharmacology-and-drug-mechanisms-202605190443,Pharmacy,"Past, present, and future of FGFR inhibitors in cholangiocarcinoma: from biological mechanisms to clinical applications",https://doi.org/10.1080/17512433.2023.2232302,"أماديو، إي. وآخرون. ""الماضي والحاضر والمستقبل لمثبطات مستقبلات عامل نمو الخلايا الليفية في سرطان القنوات الصفراوية: من الآليات البيولوجية إلى التطبيقات السريرية"". *Crossref*، 2023."
الصيدلة السريرية وآليات الأدوية,https://smarticle.tech/ar/article/clinical-pharmacology-and-drug-mechanisms-202605190443,Pharmacy,Adverse events associated with nilotinib in chronic myeloid leukemia: mechanisms and management strategies,https://doi.org/10.1080/17512433.2021.1894129,"زينغ وانغ، لي يو جيانغ، هاو يان، جيفي شو، بي هوا ليو. ""الأحداث الضائرة المرتبطة بالنيلوتينيب في ابيضاض الدم النقوي المزمن: الآليات واستراتيجيات الإدارة"". Crossref، 2021."
علم الأمراض البشري: آليات المرض على المستوى الخلوي.,https://smarticle.tech/ar/article/human-pathology-disease-mechanisms-at-the-cellular-level-202605190457,Medical Laboratories,Introduction to Human Disease,https://openlibrary.org/works/OL21062938W,"Introduction to Human Disease. بقلم Agnes G. Loeffler، Michael N. Hart. (2012). — Jones & Bartlett Learning, LLC. ردمك: 1449690661"
علم الأمراض البشري: آليات المرض على المستوى الخلوي.,https://smarticle.tech/ar/article/human-pathology-disease-mechanisms-at-the-cellular-level-202605190457,Medical Laboratories,Pathophysiology of disease,https://openlibrary.org/works/OL18403508W,"Pathophysiology of disease. بقلم Stephen J. McPhee، Vishwanath R. Lingappa، Ganong, William F.. (2002). — Lange Medical Books/McGraw-Hill. ردمك: 007121240X"
علم الأمراض البشري: آليات المرض على المستوى الخلوي.,https://smarticle.tech/ar/article/human-pathology-disease-mechanisms-at-the-cellular-level-202605190457,Medical Laboratories,An introduction to human disease,https://archive.org/details/introductiontohu0000crow_j5v7,An introduction to human disease. بقلم Leonard V. Crowley. (2004). — Jones and Bartlett. ردمك: 0763707279
علم الأمراض البشري: آليات المرض على المستوى الخلوي.,https://smarticle.tech/ar/article/human-pathology-disease-mechanisms-at-the-cellular-level-202605190457,Medical Laboratories,Neurobiology of the locus coeruleus,https://archive.org/details/transductioncell0000unse,Neurobiology of the locus coeruleus. بقلم Jochen Klein. (1996). — Elsevier Science. ردمك: 9780444801043
علم الأمراض البشري: آليات المرض على المستوى الخلوي.,https://smarticle.tech/ar/article/human-pathology-disease-mechanisms-at-the-cellular-level-202605190457,Medical Laboratories,Cellular and Molecular Mechanisms of Autoimmune Disease,https://doi.org/10.1177/0192623311428481,"براد بولون. ""الآليات الخلوية والجزيئية لأمراض المناعة الذاتية"". كروسريف، 2011."
علم الأمراض البشري: آليات المرض على المستوى الخلوي.,https://smarticle.tech/ar/article/human-pathology-disease-mechanisms-at-the-cellular-level-202605190457,Medical Laboratories,Animal and cellular models of human disease,https://doi.org/10.1002/path.4662,"مارك ج. آ renderز، إريك س. وايت، سي بروس أ. وايتلاو. ""النماذج الحيوانية والخلوية لأمراض الإنسان"". كروسريف، 2015."
علم الأمراض البشري: آليات المرض على المستوى الخلوي.,https://smarticle.tech/ar/article/human-pathology-disease-mechanisms-at-the-cellular-level-202605190457,Medical Laboratories,Mechanisms of intracellular compartmentalization and disease,https://doi.org/10.1016/j.ejcb.2015.06.008,"رولاند ليل. ""آليات التوزع intracellular والتخصص المرضي"". *المجلة الأوروبية لعلم الخلية البيولوجي*، 2015."
علم الأمراض البشري: آليات المرض على المستوى الخلوي.,https://smarticle.tech/ar/article/human-pathology-disease-mechanisms-at-the-cellular-level-202605190457,Medical Laboratories,Cellular and molecular mechanisms of fibrosis,https://doi.org/10.1002/path.2277,"ت. أ. وين. ""الآليات الخلوية والجزيئية للتليف"". علم الأمراض، 2007."
علم الأمراض البشري: آليات المرض على المستوى الخلوي.,https://smarticle.tech/ar/article/human-pathology-disease-mechanisms-at-the-cellular-level-202605190457,Medical Laboratories,Cellular change in human disease,https://doi.org/10.1016/s0046-8177(73)80050-4,"ترامب، ب. ف. وآخرون. ""التغيرات الخلوية في أمراض الإنسان"". *علم الأمراض البشري*، 1973."
علم الأمراض البشري: آليات المرض على المستوى الخلوي.,https://smarticle.tech/ar/article/human-pathology-disease-mechanisms-at-the-cellular-level-202605190457,Medical Laboratories,Faculty Opinions recommendation of Behind the smile: cell biology and disease mechanisms of Giardia species.,https://doi.org/10.3410/f.720772355.793506215,"ر. بالفور سارتور. ""وراء الابتسامة: علم الخلية وآليات المرض لأنواع الجياردي"". كروسريف، 2015."
الصيدلة السريرية: آليات الأدوية، الحركية الدوائية، والتطبيقات العلاجية.,https://smarticle.tech/ar/article/clinical-pharmacology-drug-mechanisms-pharmacokinetics-and-therapeutic-appl-202605190512,Pharmacy,Galen On the natural faculties,https://archive.org/details/hippocraticwriti030332mbp,Galen On the natural faculties. بقلم Galen، Arthur John Brock، Paul Boer. (1916). — Harvard University Press. ردمك: 1017037450
الصيدلة السريرية: آليات الأدوية، الحركية الدوائية، والتطبيقات العلاجية.,https://smarticle.tech/ar/article/clinical-pharmacology-drug-mechanisms-pharmacokinetics-and-therapeutic-appl-202605190512,Pharmacy,Therapeutics,https://archive.org/details/b20409278,"Therapeutics. بقلم Horatio C. Wood, Jr.. (1874). — J.B Lippincott. ردمك: 9781020785771"
الصيدلة السريرية: آليات الأدوية، الحركية الدوائية، والتطبيقات العلاجية.,https://smarticle.tech/ar/article/clinical-pharmacology-drug-mechanisms-pharmacokinetics-and-therapeutic-appl-202605190512,Pharmacy,"Handbook of Pharmaceutical Manufacturing Formulations, Third Edition",https://openlibrary.org/works/OL20744968W,"Handbook of Pharmaceutical Manufacturing Formulations, Third Edition. بقلم Sarfaraz K. Niazi. (2019). — CRC Press LLC. ردمك: 9781138103306"
الصيدلة السريرية: آليات الأدوية، الحركية الدوائية، والتطبيقات العلاجية.,https://smarticle.tech/ar/article/clinical-pharmacology-drug-mechanisms-pharmacokinetics-and-therapeutic-appl-202605190512,Pharmacy,The Mechanics of Inhaled Pharmaceutical Aerosols,https://archive.org/details/mechanicsofinhal0000finl,The Mechanics of Inhaled Pharmaceutical Aerosols. بقلم Warren H. Finlay. (2001). — Elsevier Science & Technology Books. ردمك: 0081027494
الصيدلة السريرية: آليات الأدوية، الحركية الدوائية، والتطبيقات العلاجية.,https://smarticle.tech/ar/article/clinical-pharmacology-drug-mechanisms-pharmacokinetics-and-therapeutic-appl-202605190512,Pharmacy,"Antifungals: Drug Class, Mechanisms of Action, Pharmacokinetics/Pharmacodynamics, Drug-Drug Interactions, Toxicity, and Clinical Use",https://doi.org/10.1128/9781555817176.ch22,"نيت، جينييل إي.، وديفيد آر. أنديز. ""مضادات الفطريات: الفئة الدوائية، آليات العمل، الحركية الدوائية/الديناميكية الدوائية، التفاعلات الدوائية الدوائية، السمية، والاستخدام السريري"". *كروسرف*، 2014."
الصيدلة السريرية: آليات الأدوية، الحركية الدوائية، والتطبيقات العلاجية.,https://smarticle.tech/ar/article/clinical-pharmacology-drug-mechanisms-pharmacokinetics-and-therapeutic-appl-202605190512,Pharmacy,Handbook of Basic Pharmacokinetics … Including Clinical Applications,https://doi.org/10.1097/00007691-198709000-00019,"ريد، مايكل دي. ""دليل الحركيات الدوائية الأساسية … بما في ذلك التطبيقات السريرية"". *كروسرف*، 1987."
الصيدلة السريرية: آليات الأدوية، الحركية الدوائية، والتطبيقات العلاجية.,https://smarticle.tech/ar/article/clinical-pharmacology-drug-mechanisms-pharmacokinetics-and-therapeutic-appl-202605190512,Pharmacy,Definitions and mechanisms of drug hypersensitivity,https://doi.org/10.1586/ecp.10.32,"بيتينا ويد. ""التعاريف وآليات فرط الحساسية للدواء"". *كروسرف*، 2010."
التفاعلات الدوائية والآثار السلبية: التصنيف، الآليات، والإدارة السريرية.,https://smarticle.tech/ar/article/drug-interactions-and-adverse-effects-classification-mechanisms-and-clinica-202605190528,Pharmacy,Encyclopedia of drug metabolism and interactions,https://openlibrary.org/works/OL16695147W,"Encyclopedia of drug metabolism and interactions. بقلم Alexander V. Lyubimov. (2012). — Wiley & Sons, Incorporated, John. ردمك: 1118149769"
التفاعلات الدوائية والآثار السلبية: التصنيف، الآليات، والإدارة السريرية.,https://smarticle.tech/ar/article/drug-interactions-and-adverse-effects-classification-mechanisms-and-clinica-202605190528,Pharmacy,Managing clinically important drug interactions,https://archive.org/details/managingclinical0000hans,Managing clinically important drug interactions. بقلم Philip D. Hansten، John R Horn. (2002). — Facts & Comparisons. ردمك: 1574391380
التفاعلات الدوائية والآثار السلبية: التصنيف، الآليات، والإدارة السريرية.,https://smarticle.tech/ar/article/drug-interactions-and-adverse-effects-classification-mechanisms-and-clinica-202605190528,Pharmacy,Drug interactions,https://archive.org/details/druginteractions00hans,Drug interactions. بقلم Philip D. Hansten، John R Horn. (1971). — Lippincott Williams & Wilkins. ردمك: 9780812104325
التفاعلات الدوائية والآثار السلبية: التصنيف، الآليات، والإدارة السريرية.,https://smarticle.tech/ar/article/drug-interactions-and-adverse-effects-classification-mechanisms-and-clinica-202605190528,Pharmacy,Meyler's side effects of drugs,https://archive.org/details/meylerssideeffec0000meyl,Meyler's side effects of drugs. بقلم Leopold Meyler، M. N. Dukes، Leopold Meyler. (1952). — Excerpta Medica. ردمك: 0444151761
التفاعلات الدوائية والآثار السلبية: التصنيف، الآليات، والإدارة السريرية.,https://smarticle.tech/ar/article/drug-interactions-and-adverse-effects-classification-mechanisms-and-clinica-202605190528,Pharmacy,Food-Medication Interactions,https://archive.org/details/foodmedicationin0000pron,Food-Medication Interactions. بقلم Zaneta M. Pronsky، Jeanne Crowe، Solomon Epstein. (1995). — Food Medication Interactions. ردمك: 0971089612
التفاعلات الدوائية والآثار السلبية: التصنيف، الآليات، والإدارة السريرية.,https://smarticle.tech/ar/article/drug-interactions-and-adverse-effects-classification-mechanisms-and-clinica-202605190528,Pharmacy,Safer prescribing,https://openlibrary.org/works/OL6727473W,Safer prescribing. بقلم Linda Beeley. (1975). — distributed in U.S. by J. B. Lippincott. ردمك: 9780632017942
التفاعلات الدوائية والآثار السلبية: التصنيف، الآليات، والإدارة السريرية.,https://smarticle.tech/ar/article/drug-interactions-and-adverse-effects-classification-mechanisms-and-clinica-202605190528,Pharmacy,Drug-induced ocular side effects and drug interactions,https://archive.org/details/druginducedocula0000frau_y9c9,Drug-induced ocular side effects and drug interactions. بقلم Frederick T. Fraunfelder. (1976). — Lea & Febiger. ردمك: 0812111915
التفاعلات الدوائية والآثار السلبية: التصنيف، الآليات، والإدارة السريرية.,https://smarticle.tech/ar/article/drug-interactions-and-adverse-effects-classification-mechanisms-and-clinica-202605190528,Pharmacy,Mechanistic and clinical descriptions of adverse drug reactions,https://doi.org/10.1016/b978-0-444-53741-6.00059-3,الأوصاف الميكانيكية والإكلينيكية للتفاعلات الدوائية الضائرة. Crossref، 2011.
التفاعلات الدوائية والآثار السلبية: التصنيف، الآليات، والإدارة السريرية.,https://smarticle.tech/ar/article/drug-interactions-and-adverse-effects-classification-mechanisms-and-clinica-202605190528,Pharmacy,"Mechanisms of Drug Interactions I: Absorption, Metabolism, and Excretion",https://doi.org/10.1007/978-3-319-72422-5_2,"برغر، ديفيد إم.، وآخرون. ""آليات التفاعلات الدوائية الأولى: الامتصاص، الاستقلاب، والإفراز"". Crossref، 2018."
الأشكال الصيدلانية وأنظمة توصيل الأدوية: الفموية، القابلة للحقن، والموضعية.,https://smarticle.tech/ar/article/pharmaceutical-forms-and-drug-delivery-systems-oral-injectable-and-topical--202605190543,Pharmacy,"Handbook of Pharmaceutical Manufacturing Formulations, Third Edition",https://openlibrary.org/works/OL20744968W,"Handbook of Pharmaceutical Manufacturing Formulations, Third Edition. بقلم Sarfaraz K. Niazi. (2019). — CRC Press LLC. ردمك: 9781138103306"
الأشكال الصيدلانية وأنظمة توصيل الأدوية: الفموية، القابلة للحقن، والموضعية.,https://smarticle.tech/ar/article/pharmaceutical-forms-and-drug-delivery-systems-oral-injectable-and-topical--202605190543,Pharmacy,ISPE Good Practice Guide,https://openlibrary.org/works/OL27953090W,ISPE Good Practice Guide. بقلم Ispe. (2007). — International Society for Pharmaceutical Engineering. ردمك: 1946964484
الأشكال الصيدلانية وأنظمة توصيل الأدوية: الفموية، القابلة للحقن، والموضعية.,https://smarticle.tech/ar/article/pharmaceutical-forms-and-drug-delivery-systems-oral-injectable-and-topical--202605190543,Pharmacy,Pharmaceutical Dosage Forms - Tablets,https://openlibrary.org/works/OL21008412W,Pharmaceutical Dosage Forms - Tablets. بقلم Larry L. Augsburger، Stephen W. Hoag. (2008). — Taylor & Francis Group. ردمك: 0429191154
الأشكال الصيدلانية وأنظمة توصيل الأدوية: الفموية، القابلة للحقن، والموضعية.,https://smarticle.tech/ar/article/pharmaceutical-forms-and-drug-delivery-systems-oral-injectable-and-topical--202605190543,Pharmacy,Generic drug product development,https://openlibrary.org/works/OL1995277W,Generic drug product development. بقلم Leon Shargel، Isadore Kanfer. (2007). — Informa Healthcare. ردمك: 9781420020014
الأشكال الصيدلانية وأنظمة توصيل الأدوية: الفموية، القابلة للحقن، والموضعية.,https://smarticle.tech/ar/article/pharmaceutical-forms-and-drug-delivery-systems-oral-injectable-and-topical--202605190543,Pharmacy,Introduction to pharmaceutical dosage forms,https://archive.org/details/introductiontoph0000anse_o3i2,Introduction to pharmaceutical dosage forms. بقلم Howard C. Ansel. (1969). — Lea & Febiger. ردمك: 0812100050
الأشكال الصيدلانية وأنظمة توصيل الأدوية: الفموية، القابلة للحقن، والموضعية.,https://smarticle.tech/ar/article/pharmaceutical-forms-and-drug-delivery-systems-oral-injectable-and-topical--202605190543,Pharmacy,Pharmaceutical Dosage Forms,https://openlibrary.org/works/OL8164621W,Pharmaceutical Dosage Forms. بقلم Herbert Lieberman. (1998). — Taylor & Francis Group. ردمك: 1000148416
الأشكال الصيدلانية وأنظمة توصيل الأدوية: الفموية، القابلة للحقن، والموضعية.,https://smarticle.tech/ar/article/pharmaceutical-forms-and-drug-delivery-systems-oral-injectable-and-topical--202605190543,Pharmacy,Drug delivery,https://openlibrary.org/works/OL16938027W,"Drug delivery. بقلم Binghe Wang. (2005). — Wiley & Sons, Incorporated, John. ردمك: 9781280275449"
الأشكال الصيدلانية وأنظمة توصيل الأدوية: الفموية، القابلة للحقن، والموضعية.,https://smarticle.tech/ar/article/pharmaceutical-forms-and-drug-delivery-systems-oral-injectable-and-topical--202605190543,Pharmacy,Introduction to clinical pharmaceutics,https://openlibrary.org/works/OL19858903W,Introduction to clinical pharmaceutics. بقلم A. T. Florence. (2009). — Pharmaceutical Press. ردمك: 085369964X
الأشكال الصيدلانية وأنظمة توصيل الأدوية: الفموية، القابلة للحقن، والموضعية.,https://smarticle.tech/ar/article/pharmaceutical-forms-and-drug-delivery-systems-oral-injectable-and-topical--202605190543,Pharmacy,Protein and Peptide Drug Delivery,https://doi.org/10.1201/b12122-29,"بارري، ر. ج. ""توصيل الأدوية البروتينية والببتيدية"". كروسريف، 2011."
الأشكال الصيدلانية وأنظمة توصيل الأدوية: الفموية، القابلة للحقن، والموضعية.,https://smarticle.tech/ar/article/pharmaceutical-forms-and-drug-delivery-systems-oral-injectable-and-topical--202605190543,Pharmacy,Drug Delivery Systems,https://doi.org/10.1201/b12122-19,"رام آي. ماهاتو، أجيت إس. نارانج، فيرندر كومار. ""أنظمة توصيل الأدوية"". كروسريف، 2024."
التغذية العلاجية في الأمراض المزمنة: السكري، الفشل الكلوي، وحالات القلب والأوعية الدموية.,https://smarticle.tech/ar/article/therapeutic-nutrition-in-chronic-disease-diabetes-renal-failure-and-cardiov-202605190600,Clinical Nutrition,Nutrition therapy for chronic kidney disease,https://archive.org/details/nutritiontherapy0000unse_j7y4,Nutrition therapy for chronic kidney disease. بقلم Lynn K. Thomas، Jennifer Bohnstadt Othersen. (2012). — Taylor & Francis Group. ردمك: 9780429109980
التغذية العلاجية في الأمراض المزمنة: السكري، الفشل الكلوي، وحالات القلب والأوعية الدموية.,https://smarticle.tech/ar/article/therapeutic-nutrition-in-chronic-disease-diabetes-renal-failure-and-cardiov-202605190600,Clinical Nutrition,Guiding Principles for Developing Dietary Reference Intakes Based on Chronic Disease,https://openlibrary.org/works/OL21616801W,"Guiding Principles for Developing Dietary Reference Intakes Based on Chronic Disease. بقلم National Academies of Sciences, Engineering, and Medicine، Health and Medicine Division، Food and Nutrition Board. (2017). — National Academies Press. ردمك: 9780309462570"
التغذية العلاجية في الأمراض المزمنة: السكري، الفشل الكلوي، وحالات القلب والأوعية الدموية.,https://smarticle.tech/ar/article/therapeutic-nutrition-in-chronic-disease-diabetes-renal-failure-and-cardiov-202605190600,Clinical Nutrition,21 Things You Need to Know about Diabetes and Nutrition,https://archive.org/details/21thingsyouneedt0000dunb,21 Things You Need to Know about Diabetes and Nutrition. بقلم Stephanie A. Dunbar، Cassandra L. Verdi. (2014). — American Diabetes Association. ردمك: 1580405908
التغذية العلاجية في الأمراض المزمنة: السكري، الفشل الكلوي، وحالات القلب والأوعية الدموية.,https://smarticle.tech/ar/article/therapeutic-nutrition-in-chronic-disease-diabetes-renal-failure-and-cardiov-202605190600,Clinical Nutrition,Nutrition in Kidney Disease,https://openlibrary.org/works/OL20713466W,Nutrition in Kidney Disease. بقلم Laura D. Byham-Gray، Jerrilynn D. Burrowes، Glenn M. Chertow. (2010). — Humana. ردمك: 1493956426
التغذية العلاجية في الأمراض المزمنة: السكري، الفشل الكلوي، وحالات القلب والأوعية الدموية.,https://smarticle.tech/ar/article/therapeutic-nutrition-in-chronic-disease-diabetes-renal-failure-and-cardiov-202605190600,Clinical Nutrition,Nutritional management of renal disease,https://openlibrary.org/works/OL18295255W,Nutritional management of renal disease. بقلم Shaul G. Massry. (1997). — Williams & Wilkins. ردمك: 0128185414
التغذية العلاجية في الأمراض المزمنة: السكري، الفشل الكلوي، وحالات القلب والأوعية الدموية.,https://smarticle.tech/ar/article/therapeutic-nutrition-in-chronic-disease-diabetes-renal-failure-and-cardiov-202605190600,Clinical Nutrition,"Effects of Diet and Supplements on Parameters of Oxidative Stress, Inflammation, and Antioxidant Mechanisms in Patients with Chronic Renal Failure Und",https://doi.org/10.3390/ijms252011036,"آنا بوجاتسكا، م. أولشفسكا، كازيميرز تشيخانوسكي. ""تأثيرات النظام الغذائي والمكملات الغذائية على معايير الإجهاد التأكسدي والالتهاب وآليات مضادات الأكسدة لدى المرضى الذين يعانون من الفشل الكلوي المزمن الخاضعين لغسيل الكلى"". مجلة العلوم الجزيئية الدولية، 2024."
التغذية العلاجية في الأمراض المزمنة: السكري، الفشل الكلوي، وحالات القلب والأوعية الدموية.,https://smarticle.tech/ar/article/therapeutic-nutrition-in-chronic-disease-diabetes-renal-failure-and-cardiov-202605190600,Clinical Nutrition,Prevalence of individuals with diabetes and chronic kidney disease indicated for finerenone treatment in the United States: A National Health and Nutr,https://doi.org/10.1111/dom.16006,"شيوفانغ كونغ، وي وي. ""انتشار الأفراد المصابين بداء السكري والفشل الكلوي المزمن المؤهلين لعلاج فينيرينون في الولايات المتحدة: تقدير قائم على مسح الصحة والتغذية الوطنية"". داء السكري والسمنة وعلم الأيض، 2024."
التغذية العلاجية في الأمراض المزمنة: السكري، الفشل الكلوي، وحالات القلب والأوعية الدموية.,https://smarticle.tech/ar/article/therapeutic-nutrition-in-chronic-disease-diabetes-renal-failure-and-cardiov-202605190600,Clinical Nutrition,The Importance of Prognostic Nutritional Index in Predicting Acute Renal Failure After On-Pump Coronary Artery Bypass Operations in Patients with Insu,https://doi.org/10.1532/hsf.3859,"أ. غوجو، أو. أوزلوك، أو. غوفنك، س. سنبول، م. إنجين. ""أهمية مؤشر الحالة الغذائية الإنذاري في التنبؤ بالفشل الكلوي الحاد بعد عمليات مجازة الشريان التاجي باستخدام المضخة لدى المرضى الذين يعانون من داء السكري المعتمد على الأنسولين"". semantic_scholar_foundational، 2021."
التغذية العلاجية في الأمراض المزمنة: السكري، الفشل الكلوي، وحالات القلب والأوعية الدموية.,https://smarticle.tech/ar/article/therapeutic-nutrition-in-chronic-disease-diabetes-renal-failure-and-cardiov-202605190600,Clinical Nutrition,"Guidelines for the Management of Adult Acute and Acute-on-Chronic Liver Failure in the ICU: Cardiovascular, Endocrine, Hematologic, Pulmonary, and Ren",https://doi.org/10.1097/CCM.0000000000004192,"ر. نانشل، ر. سوبرامانيان، وآخرون. ""الإرشادات الخاصة بإدارة الفشل الكبدي الحاد والفشل الكبدي الحاد على الفشل الكبدي المزمن لدى البالغين في وحدة العناية المركزة: اعتبارات القلب والأوعية الدموية، والغدد الصماء، والدم، والرئتين، والكلى"". *semantic_scholar_foundational*، 2020."
التغذية العلاجية في الأمراض المزمنة: السكري، الفشل الكلوي، وحالات القلب والأوعية الدموية.,https://smarticle.tech/ar/article/therapeutic-nutrition-in-chronic-disease-diabetes-renal-failure-and-cardiov-202605190600,Clinical Nutrition,Impact of Cardiovascular Organ Damage on Cortical Renal Perfusion in Patients with Chronic Renal Failure,https://doi.org/10.1155/2013/137868,"لوباس أ.، ريتشيك ر.، كادي غ.، سموزنا ي.، نيمتشيك س. ""تأثير الأضرار العضوية القلبية على التروية الكلوية القشرية لدى المرضى الذين يعانون من الفشل الكلوي المزمن"". semantic_scholar_foundational، 2013."
العناصر الدقيقة في الصحة: الفيتامينات، المعادن، اضطرابات النقص، والمكملات.,https://smarticle.tech/ar/article/micronutrients-in-health-vitamins-minerals-deficiency-disorders-and-supplem-202605190617,Clinical Nutrition,Advanced nutrition,https://archive.org/details/advancednutritio0000berd,Advanced nutrition. بقلم Carolyn D. Berdanier، Janos Zempleni. (1995). — CRC. ردمك: 9781351990592
العناصر الدقيقة في الصحة: الفيتامينات، المعادن، اضطرابات النقص، والمكملات.,https://smarticle.tech/ar/article/micronutrients-in-health-vitamins-minerals-deficiency-disorders-and-supplem-202605190617,Clinical Nutrition,Laboratory tests for the assessment of nutritional status,https://archive.org/details/laboratorytestsf0000saub_t2x5_2nded,Laboratory tests for the assessment of nutritional status. بقلم Howerde E. Sauberlich. (1999). — CRC Press. ردمك: 9780849385063
العناصر الدقيقة في الصحة: الفيتامينات، المعادن، اضطرابات النقص، والمكملات.,https://smarticle.tech/ar/article/micronutrients-in-health-vitamins-minerals-deficiency-disorders-and-supplem-202605190617,Clinical Nutrition,Vitamins and minerals in the prevention and treatment of cancer,https://archive.org/details/vitaminsminerals0000unse_i2z2,Vitamins and minerals in the prevention and treatment of cancer. بقلم Maryce M. Jacobs. (1991). — Taylor & Francis Group. ردمك: 9781351077590
العناصر الدقيقة في الصحة: الفيتامينات، المعادن، اضطرابات النقص، والمكملات.,https://smarticle.tech/ar/article/micronutrients-in-health-vitamins-minerals-deficiency-disorders-and-supplem-202605190617,Clinical Nutrition,Nutrients A-Z,https://archive.org/details/nutrientstozuser0000shar_c7t4,Nutrients A-Z. بقلم Michael Sharon. (2004). — Prion. ردمك: 1853755265
العناصر الدقيقة في الصحة: الفيتامينات، المعادن، اضطرابات النقص، والمكملات.,https://smarticle.tech/ar/article/micronutrients-in-health-vitamins-minerals-deficiency-disorders-and-supplem-202605190617,Clinical Nutrition,The benefits and risks of vitamins and minerals,https://openlibrary.org/works/OL39580705W,The benefits and risks of vitamins and minerals. بقلم Francesca Coltrera. (2003). — Harvard Health Publications. ردمك: 9781933225388
العناصر الدقيقة في الصحة: الفيتامينات، المعادن، اضطرابات النقص، والمكملات.,https://smarticle.tech/ar/article/micronutrients-in-health-vitamins-minerals-deficiency-disorders-and-supplem-202605190617,Clinical Nutrition,"An introduction to vitamins, minerals and biological oxidation",https://openlibrary.org/works/OL13609282W,"An introduction to vitamins, minerals and biological oxidation. بقلم Stefan A. Hulea. (2008). — Universal Publishers. ردمك: 1599429462"
العناصر الدقيقة في الصحة: الفيتامينات، المعادن، اضطرابات النقص، والمكملات.,https://smarticle.tech/ar/article/micronutrients-in-health-vitamins-minerals-deficiency-disorders-and-supplem-202605190617,Clinical Nutrition,The suitability of chili pepper (Capsicum annuum L.) for alleviating human micronutrient dietary deficiencies: A review,https://doi.org/10.1002/fsn3.790,"أولاتونجي، ت.، أفولايان، أ. ""ملاءمة الفلفل الحار (Capsicum annuum L.) للتخفيف من أوجه القصور في المغذيات الدقيقة الغذائية البشرية: مراجعة"". *علوم وتغذية الأغذية*، 2018."
العناصر الدقيقة في الصحة: الفيتامينات، المعادن، اضطرابات النقص، والمكملات.,https://smarticle.tech/ar/article/micronutrients-in-health-vitamins-minerals-deficiency-disorders-and-supplem-202605190617,Clinical Nutrition,Micronutrient deficiencies among preschool-aged children and women of reproductive age worldwide: a pooled analysis of individual-level data from popu,https://doi.org/10.1016/S2214-109X(22)00367-9,"غريتشن أ. ستيفنز، تاي بيل، وآخرون. ""أوجه القصور في المغذيات الدقيقة بين الأطفال في سن ما قبل المدرسة والنساء في سن الإنجاب على مستوى العالم"". *ذا لانسيت غلوبال هيلث*، 2022."
العناصر الدقيقة في الصحة: الفيتامينات، المعادن، اضطرابات النقص، والمكملات.,https://smarticle.tech/ar/article/micronutrients-in-health-vitamins-minerals-deficiency-disorders-and-supplem-202605190617,Clinical Nutrition,Global estimation of dietary micronutrient inadequacies: a modelling analysis,https://doi.org/10.1016/S2214-109X(24)00276-6,"باساريلي، س. وآخرون. ""التقدير العالمي لعدم كفاية المغذيات الدقيقة الغذائية"". *semantic_scholar_foundational*، 2024."
العناصر الدقيقة في الصحة: الفيتامينات، المعادن، اضطرابات النقص، والمكملات.,https://smarticle.tech/ar/article/micronutrients-in-health-vitamins-minerals-deficiency-disorders-and-supplem-202605190617,Clinical Nutrition,Micronutrient Supplementation and Fortification Interventions on Health and Development Outcomes among Children Under-Five in Low- and Middle-Income C,https://doi.org/10.3390/nu12020289,"تام، إ.، كيتس، إ.، ريند، ف.، داس، ج. ك.، وبهوتا، ز. ""تأثيرات مكملات وتدعيم المغذيات الدقيقة على النتائج الصحية والتنموية بين الأطفال دون سن الخامسة في البلدان المنخفضة والمتوسطة الدخل: مراجعة منهجية وتحليل تلوي"". *نوترينتس*، 2020."
السمنة وسوء التغذية والأنظمة الغذائية العلاجية: نهج قائم على الأدلة.,https://smarticle.tech/ar/article/obesity-malnutrition-and-therapeutic-dietary-regimens-evidence-based-approa-202605190629,Clinical Nutrition,Case studies in physiology and nutrition,https://openlibrary.org/works/OL18772085W,Case studies in physiology and nutrition. بقلم Lynne Berdanier. (2009). — Taylor & Francis Group. ردمك: 1420088785
السمنة وسوء التغذية والأنظمة الغذائية العلاجية: نهج قائم على الأدلة.,https://smarticle.tech/ar/article/obesity-malnutrition-and-therapeutic-dietary-regimens-evidence-based-approa-202605190629,Clinical Nutrition,"Scientific evidence for musculoskeletal, bariatric, and sports nutrition",https://archive.org/details/scientificeviden00kohl,"Scientific evidence for musculoskeletal, bariatric, and sports nutrition. بقلم Ingrid Kohlstadt. (2006). — Taylor & Francis Group. ردمك: 1420019325"
السمنة وسوء التغذية والأنظمة الغذائية العلاجية: نهج قائم على الأدلة.,https://smarticle.tech/ar/article/obesity-malnutrition-and-therapeutic-dietary-regimens-evidence-based-approa-202605190629,Clinical Nutrition,"A.S.P.E.N. fluids, electrolytes, and acid-base disorders handbook",https://openlibrary.org/works/OL32150585W,"A.S.P.E.N. fluids, electrolytes, and acid-base disorders handbook. بقلم Todd Canada، Sharla K. Tajchman، Anne M. Tucker. (2015). — American Society for Parenteral and Enteral Nutrition. ردمك: 9781889622187"
السمنة وسوء التغذية والأنظمة الغذائية العلاجية: نهج قائم على الأدلة.,https://smarticle.tech/ar/article/obesity-malnutrition-and-therapeutic-dietary-regimens-evidence-based-approa-202605190629,Clinical Nutrition,"Diet, nutrition, and immunity",https://archive.org/details/dietnutritionimm0000unse,"Diet, nutrition, and immunity. بقلم R. Armour Forse. (1994). — CRC Press. ردمك: 9781351088299"
السمنة وسوء التغذية والأنظمة الغذائية العلاجية: نهج قائم على الأدلة.,https://smarticle.tech/ar/article/obesity-malnutrition-and-therapeutic-dietary-regimens-evidence-based-approa-202605190629,Clinical Nutrition,Disease-related Malnutrition: An Evidence-based Approach to Treatment,https://doi.org/10.1016/j.clnu.2003.08.003,"كاميلو، ماريا إي. ""سوء التغذية المرتبط بالأمراض: نهج قائم على الأدلة للعلاج"". *التغذية السريرية*، 2003."
السمنة وسوء التغذية والأنظمة الغذائية العلاجية: نهج قائم على الأدلة.,https://smarticle.tech/ar/article/obesity-malnutrition-and-therapeutic-dietary-regimens-evidence-based-approa-202605190629,Clinical Nutrition,Evidence-based diabetes nutrition therapy recommendations are effective: the key is individualization,https://doi.org/10.2147/dmso.s45140,"فرانز، إم، بوشيه، جاي إل، إيفرت، إيه بي. ""توصيات علاج التغذية لمرض السكري القائمة على الأدلة فعالة: المفتاح هو التخصيص"". *كروسريف*، 2014."
اضطرابات القلق: التصنيف، علم الأعصاب، والعلاج القائم على الأدلة.,https://smarticle.tech/ar/article/anxiety-disorders-classification-neurobiology-and-evidence-based-treatment-202605190647,Psychiatry,A Short Introduction to Helping Young People Manage Anxiety,https://archive.org/details/shortintroductio0000fitz,A Short Introduction to Helping Young People Manage Anxiety. بقلم Carol Fitzpatrick. (2015). — Jessica Kingsley Publishers. ردمك: 9780857009890
اضطرابات القلق: التصنيف، علم الأعصاب، والعلاج القائم على الأدلة.,https://smarticle.tech/ar/article/anxiety-disorders-classification-neurobiology-and-evidence-based-treatment-202605190647,Psychiatry,Introduction to Coping with Health Anxiety,https://archive.org/details/introductiontoco0000hoga_i1w6,"Introduction to Coping with Health Anxiety. بقلم Charles Young، Brenda Hogan. (2013). — Little, Brown Book Group Limited. ردمك: 9781472109545"
اضطرابات القلق: التصنيف، علم الأعصاب، والعلاج القائم على الأدلة.,https://smarticle.tech/ar/article/anxiety-disorders-classification-neurobiology-and-evidence-based-treatment-202605190647,Psychiatry,Anxiety disorders,https://archive.org/details/anxietydisorders0000unse_g2m7,Anxiety disorders. بقلم E. J. L. Griez. (2000). — Wiley. ردمك: 9781280555381
اضطرابات القلق: التصنيف، علم الأعصاب، والعلاج القائم على الأدلة.,https://smarticle.tech/ar/article/anxiety-disorders-classification-neurobiology-and-evidence-based-treatment-202605190647,Psychiatry,CALMING THE BRAIN: BENZODIAZEPINES AND RELATED DRUGS FROM LABORATORY TO CLINIC,https://openlibrary.org/works/OL13620700W,CALMING THE BRAIN: BENZODIAZEPINES AND RELATED DRUGS FROM LABORATORY TO CLINIC. بقلم Adam Doble، Adam Doble، Ian Martin. (2003). — MARTIN DUNITZ. ردمك: 1841840521
اضطرابات القلق: التصنيف، علم الأعصاب، والعلاج القائم على الأدلة.,https://smarticle.tech/ar/article/anxiety-disorders-classification-neurobiology-and-evidence-based-treatment-202605190647,Psychiatry,An introduction to coping with health anxiety,https://archive.org/details/introductiontoco0000hoga_f5q5,An introduction to coping with health anxiety. بقلم Brenda Hogan. (2007). — Robinson. ردمك: 1845292871
اضطرابات القلق: التصنيف، علم الأعصاب، والعلاج القائم على الأدلة.,https://smarticle.tech/ar/article/anxiety-disorders-classification-neurobiology-and-evidence-based-treatment-202605190647,Psychiatry,The Neurobiology of Anxiety and Anxiety-Related Disorders: A Functional Neuroimaging Perspective,https://doi.org/10.1016/b978-012481460-8/50023-8,"تشوا، بّي، دولان، ر. ج. ""علم الأعصاب للقلق والاضطرابات المرتبطة بالقلق: منظور التصوير العصبي الوظيفي"". *كروسرف*، 2000."
اضطرابات القلق: التصنيف، علم الأعصاب، والعلاج القائم على الأدلة.,https://smarticle.tech/ar/article/anxiety-disorders-classification-neurobiology-and-evidence-based-treatment-202605190647,Psychiatry,Proposed Revisions in the DSM-III Classification of Anxiety Disorders Based on Research and Clinical Experience,https://doi.org/10.1007/978-1-4684-5254-9_1,"سبيتزر، روبرت إل، وجانيت بّي دبليو ويليامز. ""التعديلات المقترحة في تصنيف الدليل التشخيصي والإحصائي للاضطرابات العقلية (الطبعة الثالثة) للاضطرابات القلق بناءً على الأبحاث والخبرة السريرية"". *كروسرف*، 1986."
اضطرابات القلق: التصنيف، علم الأعصاب، والعلاج القائم على الأدلة.,https://smarticle.tech/ar/article/anxiety-disorders-classification-neurobiology-and-evidence-based-treatment-202605190647,Psychiatry,Diagnostic Classification of Anxiety Disorders: DSM-V and Beyond,https://doi.org/10.1093/med/9780199798261.003.0037,"شتاين، موراي بّي، وبيينفينيو، أو. جوزيف. ""التصنيف التشخيصي للاضطرابات القلق: الدليل التشخيصي والإحصائي الخامس وما بعده"". *كروسرف*، 2011."
اضطرابات المزاج: الاكتئاب، اضطراب ثنائي القطب، والإدارة الدوائية.,https://smarticle.tech/ar/article/mood-disorders-depression-bipolar-disorder-and-pharmacological-management-202605190703,Psychiatry,Cognitive therapy and the emotional disorders,https://archive.org/details/cognitivetherapy0000beck_e3y7,Cognitive therapy and the emotional disorders. بقلم Aaron T. Beck. (1976). — Plume. ردمك: 0452009286
اضطرابات المزاج: الاكتئاب، اضطراب ثنائي القطب، والإدارة الدوائية.,https://smarticle.tech/ar/article/mood-disorders-depression-bipolar-disorder-and-pharmacological-management-202605190703,Psychiatry,Clinician's Guide to Bipolar Disorder,https://archive.org/details/cliniciansguidet0000mikl,Clinician's Guide to Bipolar Disorder. بقلم David J. Miklowitz، Michael J. Gitlin. (2014). — The Guilford Press. ردمك: 9781462515745
اضطرابات المزاج: الاكتئاب، اضطراب ثنائي القطب، والإدارة الدوائية.,https://smarticle.tech/ar/article/mood-disorders-depression-bipolar-disorder-and-pharmacological-management-202605190703,Psychiatry,Pharmacotherapy of bipolar disorders,https://archive.org/details/pharmacotherapyo0000aubr,Pharmacotherapy of bipolar disorders. بقلم Jean-Michel Aubry، Francois Ferrero، Nicolas Schaad. (2007). — John Wiley & Sons. ردمك: 0470510420
اضطرابات المزاج: الاكتئاب، اضطراب ثنائي القطب، والإدارة الدوائية.,https://smarticle.tech/ar/article/mood-disorders-depression-bipolar-disorder-and-pharmacological-management-202605190703,Psychiatry,Side Affects,https://openlibrary.org/works/OL26763801W,Side Affects. بقلم Hil Malatino. (2022). — Tantor Audio. ردمك: 9781038400895
اضطرابات المزاج: الاكتئاب، اضطراب ثنائي القطب، والإدارة الدوائية.,https://smarticle.tech/ar/article/mood-disorders-depression-bipolar-disorder-and-pharmacological-management-202605190703,Psychiatry,Mental Helth Workbook,https://openlibrary.org/works/OL26007680W,Mental Helth Workbook. بقلم Social World Press. (2021). — Independently Published. ردمك: 9798542851853
اضطرابات المزاج: الاكتئاب، اضطراب ثنائي القطب، والإدارة الدوائية.,https://smarticle.tech/ar/article/mood-disorders-depression-bipolar-disorder-and-pharmacological-management-202605190703,Psychiatry,Bipolar disorder for dummies,https://archive.org/details/bipolardisorderf0000fink_e9z2,Bipolar disorder for dummies. بقلم Candida Fink. (2007). — Wiley. ردمك: 9781119121862
اضطرابات المزاج: الاكتئاب، اضطراب ثنائي القطب، والإدارة الدوائية.,https://smarticle.tech/ar/article/mood-disorders-depression-bipolar-disorder-and-pharmacological-management-202605190703,Psychiatry,Madness,https://archive.org/details/madnessbipolarli0000horn_h9r3,Madness. بقلم Marya Hornbacher. (2008). — Hmh Audio. ردمك: 9781433212352
اضطرابات المزاج: الاكتئاب، اضطراب ثنائي القطب، والإدارة الدوائية.,https://smarticle.tech/ar/article/mood-disorders-depression-bipolar-disorder-and-pharmacological-management-202605190703,Psychiatry,Truants from life,https://archive.org/details/truantsfromlifer00bettrich,Truants from life. بقلم Bruno Bettelheim، Bruno Bettelheim. (1955). — Free Press of Glencoe. ردمك: 0029034507
اضطرابات المزاج: الاكتئاب، اضطراب ثنائي القطب، والإدارة الدوائية.,https://smarticle.tech/ar/article/mood-disorders-depression-bipolar-disorder-and-pharmacological-management-202605190703,Psychiatry,Mood‐stabilizing pharmacological treatment in bipolar disorders and risk of suicide,https://doi.org/10.1111/j.1399-5618.2008.00464.x,"لارس سونديرغارد وآخرون. ""العلاج الدوائي المستقر للمزاج في الاضطرابات ثنائية القطب وخطر الانتحار"". *كروسريف*، 2008."
اضطرابات المزاج: الاكتئاب، اضطراب ثنائي القطب، والإدارة الدوائية.,https://smarticle.tech/ar/article/mood-disorders-depression-bipolar-disorder-and-pharmacological-management-202605190703,Psychiatry,Faculty Opinions recommendation of Mood-stabilizing pharmacological treatment in bipolar disorders and risk of suicide.,https://doi.org/10.3410/f.1101126.557110,"طه عكاشة. ""العلاج الدوائي المستقر للمزاج في الاضطرابات ثنائية القطب وخطر الانتحار"". كروسريف، 2008."
اضطرابات طيف الفصام والذهان: الفيزيولوجيا المرضية، التشخيص، والعلاج.,https://smarticle.tech/ar/article/schizophrenia-spectrum-and-psychotic-disorders-pathophysiology-diagnosis-an-202605190717,Psychiatry,Schizophrenia Spectrum and Other Psychotic Disorders,https://openlibrary.org/works/OL25185042W,Schizophrenia Spectrum and Other Psychotic Disorders. بقلم American Psychiatric Association. (2015). — American Psychiatric Association Publishing. ردمك: 9781615370412
اضطرابات طيف الفصام والذهان: الفيزيولوجيا المرضية، التشخيص، والعلاج.,https://smarticle.tech/ar/article/schizophrenia-spectrum-and-psychotic-disorders-pathophysiology-diagnosis-an-202605190717,Psychiatry,"Cognitive impairment in schizophrenia: aetiology, pathophysiology, and treatment",https://doi.org/10.1038/s41380-023-01949-9,"ر. مكموتشين، ر. كفيف، ب. مكموير ""الضعف الإدراكي في الفصام: المسببات، الفيزيولوجيا المرضية، والعلاج"". مراجعات Nature، 2023."
اضطرابات طيف الفصام والذهان: الفيزيولوجيا المرضية، التشخيص، والعلاج.,https://smarticle.tech/ar/article/schizophrenia-spectrum-and-psychotic-disorders-pathophysiology-diagnosis-an-202605190717,Psychiatry,"Dysregulated Signaling at Postsynaptic Density: A Systematic Review and Translational Appraisal for the Pathophysiology, Clinics, and Antipsychotics’",https://doi.org/10.3390/cells12040574,"أ. دي بارتولوميس، ل. فيلوتشي، ج. دي سيمون، ب. مازا، أ. بارون، م. سيتشاريلي ""الإشارات غير المنظمة في الكثافة بعد المشبكية: مراجعة منهجية وتقييم ترجماني لأمراض الفصام، والعيادات، وعلاج مضادات الذهان"". Cells، 2022."
اضطرابات طيف الفصام والذهان: الفيزيولوجيا المرضية، التشخيص، والعلاج.,https://smarticle.tech/ar/article/schizophrenia-spectrum-and-psychotic-disorders-pathophysiology-diagnosis-an-202605190717,Psychiatry,Anti-inflammatory effects of 2nd generation antipsychotics in patients with schizophrenia: A systematic review and meta-analysis.,https://doi.org/10.1016/j.jpsychires.2023.01.042,"س. باتلولا، ج. دونوهو، د. مكرنان ""التأثيرات المضادة للالتهابات لمضادات الذهان من الجيل الثاني في مرضى الفصام: مراجعة منهجية وتحليل تلوي"". مجلة البحوث النفسية، 2023."
اضطرابات طيف الفصام والذهان: الفيزيولوجيا المرضية، التشخيص، والعلاج.,https://smarticle.tech/ar/article/schizophrenia-spectrum-and-psychotic-disorders-pathophysiology-diagnosis-an-202605190717,Psychiatry,Synaptic plasticity in schizophrenia pathophysiology,https://doi.org/10.1016/j.ibneur.2023.01.008,"ك. زانغ، ب. لياو، ج. ون، ز. هو ""المرونة المشبكية في الفيزيولوجيا المرضية للفصام"". semantic_scholar_foundational، 2023."
اضطرابات طيف الفصام والذهان: الفيزيولوجيا المرضية، التشخيص، والعلاج.,https://smarticle.tech/ar/article/schizophrenia-spectrum-and-psychotic-disorders-pathophysiology-diagnosis-an-202605190717,Psychiatry,Dysfunction of the NMDA Receptor in the Pathophysiology of Schizophrenia and/or the Pathomechanisms of Treatment-Resistant Schizophrenia,https://doi.org/10.3390/biom14091128,"ر. أوكوبو، م. أوكادا، إ. موتومورا ""خلل مستقبلات NMDA في الفيزيولوجيا المرضية للفصام و/أو آليات المرض للفصام المقاوم للعلاج"". Biomolecules، 2024."
اضطرابات طيف الفصام والذهان: الفيزيولوجيا المرضية، التشخيص، والعلاج.,https://smarticle.tech/ar/article/schizophrenia-spectrum-and-psychotic-disorders-pathophysiology-diagnosis-an-202605190717,Psychiatry,Medication adherence in patients with psychotic disorders: an observational survey involving patients before they switch to long-acting injectable ris,https://doi.org/10.2147/PPA.S89748,"ف. بايليه، أ. تيسير، س. بوجو، د. ميسدراهي ""التزام المرضى بجرعات الأدوية في الاضطرابات الذهانية: دراسة رصدية تشمل مرضى قبل تحويلهم إلى ريسبيريدون حقن طويل المفعول"". semantic_scholar_foundational، 2015."
اضطرابات طيف الفصام والذهان: الفيزيولوجيا المرضية، التشخيص، والعلاج.,https://smarticle.tech/ar/article/schizophrenia-spectrum-and-psychotic-disorders-pathophysiology-diagnosis-an-202605190717,Psychiatry,Psychosis in the elderly,https://archive.org/details/psychosisinelder0000unse,Psychosis in the elderly. بقلم Anne Hassett، David Ames، Edmond Chiu. (2005). — Taylor & Francis. ردمك: 9781102148463
اضطرابات طيف الفصام والذهان: الفيزيولوجيا المرضية، التشخيص، والعلاج.,https://smarticle.tech/ar/article/schizophrenia-spectrum-and-psychotic-disorders-pathophysiology-diagnosis-an-202605190717,Psychiatry,Die Psychosen,https://openlibrary.org/works/OL2127246W,Die Psychosen. بقلم Jacques Lacan، Jacques-Alain Miller. (1920). — W. W. Norton & Company. ردمك: 1317761766
اضطرابات طيف الفصام والذهان: الفيزيولوجيا المرضية، التشخيص، والعلاج.,https://smarticle.tech/ar/article/schizophrenia-spectrum-and-psychotic-disorders-pathophysiology-diagnosis-an-202605190717,Psychiatry,Psychotic states in children,https://openlibrary.org/works/OL19374207W,Psychotic states in children. بقلم Margaret Rustin. (1997). — Duckworth. ردمك: 9780429904110
تقييم المعرفة والمواقف وممارسات التطعيم ضد كوفيد‑19 بين طلاب التمريض والمتدربين في الصين القارية: دراسة مقطعية متعددة المراكز.,https://smarticle.tech/ar/article/assessing-the-knowledge-attitudes-and-vaccination-practices-towards-covid-1-202605240859,Public Health,"Assessing the Knowledge, Attitudes, and Vaccination Practices Towards COVID-19 Vaccination Among Mainland Chinese Nursing Students and Interns: A Mult",https://www.dovepress.com/assessing-the-knowledge-attitudes-and-vaccination-practices-towards-co-peer-reviewed-fulltext-article-IDR,"Dovepress. ""تقييم المعرفة والمواقف وممارسات التطعيم تجاه لقاحات كوفيد-19 بين طلاب ومتدربي التمريض الصينيين في البر الرئيسي: دراسة متعددة المراكز عبر القطاعات"". doaj، 2023."
تقييم المعرفة والمواقف وممارسات التطعيم ضد كوفيد‑19 بين طلاب التمريض والمتدربين في الصين القارية: دراسة مقطعية متعددة المراكز.,https://smarticle.tech/ar/article/assessing-the-knowledge-attitudes-and-vaccination-practices-towards-covid-1-202605240859,Public Health,Impact of Covid-19 Pandemic on Knowledge and Attitude of Nursing Students Regarding Vaccination and Vaccine Hesitancy in China (Preprint),https://doi.org/10.2196/preprints.69834,أثر جائحة كوفيد-19 على معرفة ومواقف طلاب التمريض فيما يتعلق بالتطعيم والتردد في التطعيم في الصين (مسودة مسبقة).
تقييم المعرفة والمواقف وممارسات التطعيم ضد كوفيد‑19 بين طلاب التمريض والمتدربين في الصين القارية: دراسة مقطعية متعددة المراكز.,https://smarticle.tech/ar/article/assessing-the-knowledge-attitudes-and-vaccination-practices-towards-covid-1-202605240859,Public Health,"Nursing students’ attitudes, knowledge, and willingness to receive the COVID-19 vaccine: A cross-sectional study",https://doi.org/10.1101/2021.05.24.21257710,مواقف طلاب التمريض ومعارفهم واستعدادهم لتلقي لقاح كوفيد-19: دراسة قطاعية.
تقييم المعرفة والمواقف وممارسات التطعيم ضد كوفيد‑19 بين طلاب التمريض والمتدربين في الصين القارية: دراسة مقطعية متعددة المراكز.,https://smarticle.tech/ar/article/assessing-the-knowledge-attitudes-and-vaccination-practices-towards-covid-1-202605240859,Public Health,What determinants of COVID-19 vaccine hesitancy among Chinese nursing students? A cross-sectional study,https://doi.org/10.3389/fpubh.2024.1432225,ما هي محددات التردد في لقاح كوفيد-19 بين طلاب التمريض الصينيين؟ دراسة قطاعية.
تقييم المعرفة والمواقف وممارسات التطعيم ضد كوفيد‑19 بين طلاب التمريض والمتدربين في الصين القارية: دراسة مقطعية متعددة المراكز.,https://smarticle.tech/ar/article/assessing-the-knowledge-attitudes-and-vaccination-practices-towards-covid-1-202605240859,Public Health,"Attitudes and concerns of nursing students against the COVID-19 vaccine, willingness to be vaccinated: A cross-sectional study",https://doi.org/10.22541/au.170670664.47351156/v1,مواقف ومخاوف طلاب التمريض تجاه لقاح كوفيد-19، واستعدادهم للتطعيم: دراسة قطاعية.
إطار بيئي أخلاقي من ستة مجالات للقيادة النوعية في الرعاية الصحية: توليفة مفاهيمية.,https://smarticle.tech/ar/article/six-domain-moral-ecology-framework-for-quality-leadership-in-healthcare-a-c-202605251537,Public Health,Six-Domain Moral Ecology Framework for Quality Leadership in Healthcare: A Conceptual Synthesis,https://doi.org/10.1177/00469580261449981,إطار العمل الأخلاقي ذو المجالات الستة للقيادة النوعية في الرعاية الصحية: تركيب مفاهيمي. *doaj*، 2026.
إطار بيئي أخلاقي من ستة مجالات للقيادة النوعية في الرعاية الصحية: توليفة مفاهيمية.,https://smarticle.tech/ar/article/six-domain-moral-ecology-framework-for-quality-leadership-in-healthcare-a-c-202605251537,Public Health,"Ethical Governance, Medico-Legal Accountability, and Clinical Decision-Making in Nursing Practice: A Systematic Review of Awareness, Ethical Challenge",https://doi.org/10.36948/ijfmr.2026.v08i03.78424,الحوكمة الأخلاقية، والمسؤولية القانونية الطبية، وصنع القرار السريري في ممارسة التمريض: مراجعة منهجية للوعي، والتحديات الأخلاقية، والمحددات المؤسسية.
إطار بيئي أخلاقي من ستة مجالات للقيادة النوعية في الرعاية الصحية: توليفة مفاهيمية.,https://smarticle.tech/ar/article/six-domain-moral-ecology-framework-for-quality-leadership-in-healthcare-a-c-202605251537,Public Health,Moral Leadership in Medicine,https://doi.org/10.1017/cbo9780511795015,القيادة الأخلاقية في الطب.
إطار بيئي أخلاقي من ستة مجالات للقيادة النوعية في الرعاية الصحية: توليفة مفاهيمية.,https://smarticle.tech/ar/article/six-domain-moral-ecology-framework-for-quality-leadership-in-healthcare-a-c-202605251537,Public Health,AI Governance Failures in Healthcare: A Diagnostic Framework Integrating Policy Tools and Care Delivery,https://doi.org/10.2139/ssrn.6566900,إخفاقات حوكمة الذكاء الاصطناعي في الرعاية الصحية: إطار عمل تشخيصي يدمج أدوات السياسة وتقديم الرعاية.
تعزيز مهارات الاستجابة للأزمات عبر تدريب القيادة في الطوارئ من منظمة الصحة العالمية.,https://smarticle.tech/ar/article/who-leadership-in-emergencies-training-boosts-crisis-response-skills-202605261040,Public Health,Evaluating the WHO leadership in emergencies training programme: participants' perspective,https://doi.org/10.3389/femer.2025.1599284,برنامج تدريب القيادة في الطوارئ التابع لمنظمة الصحة العالمية: منظور المشاركين. *doaj*، 2025.
"MedQA-MA: 12,000 سؤال طبي باللهجة المغربية للذكاء الاصطناعي.",https://smarticle.tech/ar/article/medqa-ma-12-000-moroccan-arabic-medical-questions-for-ai-202605281034,Public Health,MedQA-MA: A Moroccan Arabic medical question-answering dataset for virtual healthcare assistants and large language modelsMendeley Data,https://doi.org/10.1016/j.dib.2026.112537,ميدكيو إيه-إم إيه: مجموعة بيانات طبية عربية مغربية للإجابة على الأسئلة لصالح المساعدين الافتراضيين للرعاية الصحية والنماذج اللغوية الكبيرة. *دوي*، 2026.
"MedQA-MA: 12,000 سؤال طبي باللهجة المغربية للذكاء الاصطناعي.",https://smarticle.tech/ar/article/medqa-ma-12-000-moroccan-arabic-medical-questions-for-ai-202605281034,Public Health,MENARA: Medical Natural Arabic Response Assistant,https://doi.org/10.3390/make8040110,مينارا: مساعد الاستجابة الطبية العربية الطبيعية.
السجلات الصحية الإلكترونية تحفّز اختبارًا جينيًا مزدوجًا لسرطان الثدي والمبيض.,https://smarticle.tech/ar/article/ehr-nudges-double-genetic-testing-for-breast-and-ovarian-cancer-202605281346,Public Health,Protocol to evaluate sequential electronic health record-based strategies to increase genetic testing for breast and ovarian cancer risk across divers,https://doi.org/10.1186/s13012-023-01308-w,بروتوكول لتقييم الاستراتيجيات المتسلسلة القائمة على السجلات الصحية الإلكترونية لزيادة الاختبارات الجينية لخطر الإصابة بسرطان الثدي والمبيض عبر مختلف الفئات السكانية للمرضى في عيادات أمراض النساء.
السجلات الصحية الإلكترونية تحفّز اختبارًا جينيًا مزدوجًا لسرطان الثدي والمبيض.,https://smarticle.tech/ar/article/ehr-nudges-double-genetic-testing-for-breast-and-ovarian-cancer-202605281346,Public Health,Committee Opinion No. 693: Counseling About Genetic Testing and Communication of Genetic Test Results,https://doi.org/10.1097/aog.0000000000002020,الرأي اللجئي رقم 693: تقديم الاستشارات بشأن الاختبارات الجينية وإيصال نتائج الاختبارات الجينية.
السجلات الصحية الإلكترونية تحفّز اختبارًا جينيًا مزدوجًا لسرطان الثدي والمبيض.,https://smarticle.tech/ar/article/ehr-nudges-double-genetic-testing-for-breast-and-ovarian-cancer-202605281346,Public Health,Ethical Considerations for Genetic Testing and Counseling in Obstetrics and Gynecology,https://doi.org/10.1097/aog.0000000000006131,الاعتبارات الأخلاقية للاختبارات الجينية والاستشارات في مجال التوليد وأمراض النساء.
السجلات الصحية الإلكترونية تحفّز اختبارًا جينيًا مزدوجًا لسرطان الثدي والمبيض.,https://smarticle.tech/ar/article/ehr-nudges-double-genetic-testing-for-breast-and-ovarian-cancer-202605281346,Public Health,Novel decision-theoretic and risk-stratification metrics of predictive performance: Application to deciding who should undergo genetic testing,https://arxiv.org/abs/1711.05686,مقاييس نظرية القرار الجديدة وت stratifications المخاطر للأداء التنبؤي: تطبيق على تحديد من يجب أن يخضع للاختبارات الجينية.
السجلات الصحية الإلكترونية تحفّز اختبارًا جينيًا مزدوجًا لسرطان الثدي والمبيض.,https://smarticle.tech/ar/article/ehr-nudges-double-genetic-testing-for-breast-and-ovarian-cancer-202605281346,Public Health,Genetic Testing for Every Breast Cancer Patient: Would it be Real?,https://doi.org/10.23880/ijsst-16000141,الاختبارات الجينية لكل مريضة بسرطان الثدي: هل سيكون ذلك واقعياً؟
بناء قاعدة بيانات مرضى السرطان من NHANES للوبائيات.,https://smarticle.tech/ar/article/nhanes-cancer-patient-database-construction-for-epidemiology-202605281354,Public Health,Construction of the cancer patients’ database based on the US National Health and Nutrition Examination Survey (NHANES) datasets for cancer epidemiolo,https://doi.org/10.1186/s12874-025-02478-5,إنشاء قاعدة بيانات مرضى السرطان بناءً على مجموعات بيانات المسح الوطني لفحص الصحة والتغذية في الولايات المتحدة (NHANES) لأبحاث وبائيات السرطان. *doaj*، 2025.
بناء قاعدة بيانات مرضى السرطان من NHANES للوبائيات.,https://smarticle.tech/ar/article/nhanes-cancer-patient-database-construction-for-epidemiology-202605281354,Public Health,National Health and Nutrition Examination Survey (NHANES) in USA,https://doi.org/10.1097/00001648-200611001-00173,المسح الوطني لفحص الصحة والتغذية في الولايات المتحدة (NHANES).
بناء قاعدة بيانات مرضى السرطان من NHANES للوبائيات.,https://smarticle.tech/ar/article/nhanes-cancer-patient-database-construction-for-epidemiology-202605281354,Public Health,Serum Vitamin D and Cancer Mortality in the NHANES III Study (1988–2006),https://doi.org/10.1016/j.annepidem.2010.07.085,فيتامين د في الدم والوفيات الناتجة عن السرطان في دراسة NHANES III (1988–2006). *Annals of Epidemiology*، السنة غير معروفة.
بناء قاعدة بيانات مرضى السرطان من NHANES للوبائيات.,https://smarticle.tech/ar/article/nhanes-cancer-patient-database-construction-for-epidemiology-202605281354,Public Health,RNHANES: Facilitates Analysis of CDC NHANES Data,https://doi.org/10.32614/cran.package.rnhanes,"RNHANES. ""RNHANES: يسهل تحليل بيانات NHANES التابعة لمراكز السيطرة على الأمراض والوقاية منها (CDC)""."
بناء قاعدة بيانات مرضى السرطان من NHANES للوبائيات.,https://smarticle.tech/ar/article/nhanes-cancer-patient-database-construction-for-epidemiology-202605281354,Public Health,nhanesA: NHANES Data Retrieval,https://doi.org/10.32614/cran.package.nhanesa,"nhanesA. ""nhanesA: استرجاع بيانات NHANES""."
مؤشر نمط الحياة غير الصحي يتنبأ بخطر ارتفاع ضغط الدم واضطراب شحميات الدم في كوريا.,https://smarticle.tech/ar/article/unhealthy-lifestyle-score-predicts-hypertension-and-dyslipidemia-risk-in-ko-202605281412,Public Health,"Association of Unhealthy Lifestyle Score on the Risk of Hypertension, Dyslipidemia, and Their Comorbidity in Korea: A Cross-Sectional Study",https://doi.org/10.3390/proceedings2023091308,ارتباط درجة نمط الحياة غير الصحي بخطر الإصابة بارتفاع ضغط الدم وخلل شحوم الدم ووجودهما معاً في كوريا: دراسة مستعرضة.ceedings، 2024.
مؤشر نمط الحياة غير الصحي يتنبأ بخطر ارتفاع ضغط الدم واضطراب شحميات الدم في كوريا.,https://smarticle.tech/ar/article/unhealthy-lifestyle-score-predicts-hypertension-and-dyslipidemia-risk-in-ko-202605281412,Public Health,"Association of healthy lifestyle factors with the risk of hypertension, dyslipidemia, and their comorbidity in Korea: results from the Korea National",https://doi.org/10.4178/epih.e2024049,ارتباط عوامل نمط الحياة الصحية بخطر الإصابة بارتفاع ضغط الدم وخلل شحوم الدم ووجودهما معاً في كوريا: نتائج من المسح الكوري الوطني للصحة والتغذية 2019-2021. *Epidemiology and Health*، بدون تاريخ.
مؤشر نمط الحياة غير الصحي يتنبأ بخطر ارتفاع ضغط الدم واضطراب شحميات الدم في كوريا.,https://smarticle.tech/ar/article/unhealthy-lifestyle-score-predicts-hypertension-and-dyslipidemia-risk-in-ko-202605281412,Public Health,The mediating role of healthy lifestyle between socioeconomic status and hypertension: a nationwide cross-sectional study from NHANES 2017-2020,https://doi.org/10.21203/rs.3.rs-9071146/v1,الدور الوسيط لنمط الحياة الصحي بين الوضع الاجتماعي والاقتصادي وارتفاع ضغط الدم: دراسة مستعرضة على مستوى الدولة من المسح الوطني الأمريكي لفحص الصحة والتغذية 2017-2020.
مؤشر نمط الحياة غير الصحي يتنبأ بخطر ارتفاع ضغط الدم واضطراب شحميات الدم في كوريا.,https://smarticle.tech/ar/article/unhealthy-lifestyle-score-predicts-hypertension-and-dyslipidemia-risk-in-ko-202605281412,Public Health,"Cardiometabolic Health Risks, Lifestyle Behaviours and Quality of Life in People with Early Psychosis – A Cross Sectional Study",https://doi.org/10.20944/preprints202108.0243.v1,مخاطر الصحة القلبية الأيضية، سلوكيات نمط الحياة، وجودة الحياة لدى الأشخاص الذين يعانون من الفصام المبكر – دراسة مستعرضة.
مؤشر نمط الحياة غير الصحي يتنبأ بخطر ارتفاع ضغط الدم واضطراب شحميات الدم في كوريا.,https://smarticle.tech/ar/article/unhealthy-lifestyle-score-predicts-hypertension-and-dyslipidemia-risk-in-ko-202605281412,Public Health,Factors Associated with Lifestyle Modification among Chinese Adults with Hypertension: A Cross-sectional Study,https://doi.org/10.2174/0118744346468716260318102215,العوامل المرتبطة بتعديل نمط الحياة بين البالغين الصينيين المصابين بارتفاع ضغط الدم: دراسة مستعرضة.
