Academic Concept (EN),Academic Concept (AR),Concept URL (EN),Concept URL (AR),Subcategory,Reference Title,Reference URL,Citation (EN),Citation (AR)
"The Modern Arabic Novel: Origins, Development, and Major Authors",الرواية العربية الحديثة: الأصول، التطور، والمؤلفون الرئيسيون.,https://smarticle.tech/en/article/the-modern-arabic-novel-origins-development-and-major-authors-202605130525,https://smarticle.tech/ar/article/the-modern-arabic-novel-origins-development-and-major-authors-202605130525,Arabic Literature,السكرية,https://archive.org/details/lejardindupasse0000mahf,السكرية. by نجيب محفوظ. (1962). — American University Press. ISBN: 9788879371810,السكرية. بقلم نجيب محفوظ. (1962). — American University Press. ردمك: 9788879371810
"The Modern Arabic Novel: Origins, Development, and Major Authors",الرواية العربية الحديثة: الأصول، التطور، والمؤلفون الرئيسيون.,https://smarticle.tech/en/article/the-modern-arabic-novel-origins-development-and-major-authors-202605130525,https://smarticle.tech/ar/article/the-modern-arabic-novel-origins-development-and-major-authors-202605130525,Arabic Literature,The genesis of the Moroccan novel in Arabic: a review of the origins of the modern fusion of mature domestic and imported literary forms,https://doi.org/10.1080/13629387.2018.1563542,"Sryfi, Mbarek. ""The genesis of the Moroccan novel in Arabic: a review of the origins of the modern fusion of mature domestic and imported literary forms"". *semantic_scholar_foundational*, 2020.","سريفي، مبارك. ""نشأة الرواية المغربية المكتوبة بالعربية: استعراض لأصول المزج الحديث بين الأشكال الأدبية المحلية المستوردة"". *semantic_scholar_foundational*، 2020."
"The Modern Arabic Novel: Origins, Development, and Major Authors",الرواية العربية الحديثة: الأصول، التطور، والمؤلفون الرئيسيون.,https://smarticle.tech/en/article/the-modern-arabic-novel-origins-development-and-major-authors-202605130525,https://smarticle.tech/ar/article/the-modern-arabic-novel-origins-development-and-major-authors-202605130525,Arabic Literature,"The Origins, Theories, and Linguistic Development of the Qur'an",https://doi.org/10.56566/jki.v2i1.300,"Muhammad Erdy. ""The Origins, Theories, and Linguistic Development of the Qur'an"". semantic_scholar_foundational, 2025.","محمد إردي. ""أصول القرآن ونظرياته وتطوره اللغوي"". *semantic_scholar_foundational*، 2025."
"The Modern Arabic Novel: Origins, Development, and Major Authors",الرواية العربية الحديثة: الأصول، التطور، والمؤلفون الرئيسيون.,https://smarticle.tech/en/article/the-modern-arabic-novel-origins-development-and-major-authors-202605130525,https://smarticle.tech/ar/article/the-modern-arabic-novel-origins-development-and-major-authors-202605130525,Arabic Literature,The art of Naqd: communicating critique in Arabic thought for teacher training in Arabia,https://doi.org/10.1080/13562517.2025.2451028,"Wisam Kh. Abdul-Jabbar. ""The art of Naqd: communicating critique in Arabic thought for teacher training in Arabia"". *semantic_scholar_foundational*, 2025.","وسام خ. عبد الجبار. ""فن النقد: التواصل النقدي في الفكر العربي لتدريب المعلمين في الجزيرة العربية"". *semantic_scholar_foundational*، 2025."
"The Modern Arabic Novel: Origins, Development, and Major Authors",الرواية العربية الحديثة: الأصول، التطور، والمؤلفون الرئيسيون.,https://smarticle.tech/en/article/the-modern-arabic-novel-origins-development-and-major-authors-202605130525,https://smarticle.tech/ar/article/the-modern-arabic-novel-origins-development-and-major-authors-202605130525,Arabic Literature,The SAMER Arabic Text Simplification Corpus,https://arxiv.org/abs/2404.18615,"Bashar Alhafni, Reem Hazim, Juan David Pineros Liberato, M. Al-Khalil, Nizar Habash. ""The SAMER Arabic Text Simplification Corpus"". semantic_scholar_foundational, 2024.","بشار الحفني، ريم حازم، خوان ديفيد بينيروس ليبيراتو، محمد الخليل، نزار حبش. ""مجموعة بيانات تبسيط النصوص العربية SAMER"". *semantic_scholar_foundational*، 2024."
"The Modern Arabic Novel: Origins, Development, and Major Authors",الرواية العربية الحديثة: الأصول، التطور، والمؤلفون الرئيسيون.,https://smarticle.tech/en/article/the-modern-arabic-novel-origins-development-and-major-authors-202605130525,https://smarticle.tech/ar/article/the-modern-arabic-novel-origins-development-and-major-authors-202605130525,Arabic Literature,The History of Arabic Language Teaching Development,https://doi.org/10.26555/insyirah.v7i1.10146,"Muhammad Ajiji Lubis, Hakmi Wahyudi, Diah Ira Utami. ""The History of Arabic Language Teaching Development"". semantic_scholar_foundational, 2024.","محمد عجيجي لوبس، حكمي وحيودي، ديه إيرا أومامي. ""تاريخ تطور تعليم اللغة العربية"". *semantic_scholar_foundational*، 2024."
"The Modern Arabic Novel: Origins, Development, and Major Authors",الرواية العربية الحديثة: الأصول، التطور، والمؤلفون الرئيسيون.,https://smarticle.tech/en/article/the-modern-arabic-novel-origins-development-and-major-authors-202605130525,https://smarticle.tech/ar/article/the-modern-arabic-novel-origins-development-and-major-authors-202605130525,Arabic Literature,البنية الداخلية للمسرحية,https://openlibrary.org/works/OL39442234W,البنية الداخلية للمسرحية. by Majīd Ḥamīd Jubūrī. (2013). — Manshūrāt Ḍifāf. ISBN: 6140109019,البنية الداخلية للمسرحية. بقلم Majīd Ḥamīd Jubūrī. (2013). — Manshūrāt Ḍifāf. ردمك: 6140109019
"Classical Arabic Literary Criticism: Criteria, Schools, and Canon Formation",النقد الأدبي العربي الكلاسيكي: المعايير والمدارس وتشكيل القانون الأدبي.,https://smarticle.tech/en/article/classical-arabic-literary-criticism-criteria-schools-and-canon-formation-202605130534,https://smarticle.tech/ar/article/classical-arabic-literary-criticism-criteria-schools-and-canon-formation-202605130534,Arabic Literature,Poetics,https://archive.org/details/artofpoetry00aris,Poetics. by Aristotle. (1536). — NuVision Publications. ISBN: 1420925989,Poetics. بقلم Aristotle. (1536). — NuVision Publications. ردمك: 1420925989
"Classical Arabic Literary Criticism: Criteria, Schools, and Canon Formation",النقد الأدبي العربي الكلاسيكي: المعايير والمدارس وتشكيل القانون الأدبي.,https://smarticle.tech/en/article/classical-arabic-literary-criticism-criteria-schools-and-canon-formation-202605130534,https://smarticle.tech/ar/article/classical-arabic-literary-criticism-criteria-schools-and-canon-formation-202605130534,Arabic Literature,Arabic Literary Theory,https://doi.org/10.1093/acrefore/9780190201098.013.989,"Harb, Lara. ""Arabic Literary Theory"". *semantic_scholar_foundational*, 2020.","حرب، لارا. ""النظرية الأدبية العربية"". *semantic_scholar_foundational*، 2020."
"Classical Arabic Literary Criticism: Criteria, Schools, and Canon Formation",النقد الأدبي العربي الكلاسيكي: المعايير والمدارس وتشكيل القانون الأدبي.,https://smarticle.tech/en/article/classical-arabic-literary-criticism-criteria-schools-and-canon-formation-202605130534,https://smarticle.tech/ar/article/classical-arabic-literary-criticism-criteria-schools-and-canon-formation-202605130534,Arabic Literature,Exploring Translation Theories and Literary Criticism: Translating Al-Jawahiri's Poem 'O Sir! Inspire me' (in Praise of King Hussein bin Talal of Jord,https://doi.org/10.47012/jjmll.16.1.7,"Ne, Ismail Abdulwahhab. ""Exploring Translation Theories and Literary Criticism: Translating Al-Jawahiri's Poem 'O Sir! Inspire me' (in Praise of King Hussein bin Talal of Jordan) into English"". semantic_scholar_foundational, 2024.","ن، إسماعيل عبد الوهاب. ""استكشاف نظريات الترجمة والنقد الأدبي: ترجمة قصيدة الجواهري 'يا سيدي! ألهمني' (في مدح الملك حسين بن طلال الأردني) إلى الإنجليزية"". *semantic_scholar_foundational*، 2024."
"Classical Arabic Literary Criticism: Criteria, Schools, and Canon Formation",النقد الأدبي العربي الكلاسيكي: المعايير والمدارس وتشكيل القانون الأدبي.,https://smarticle.tech/en/article/classical-arabic-literary-criticism-criteria-schools-and-canon-formation-202605130534,https://smarticle.tech/ar/article/classical-arabic-literary-criticism-criteria-schools-and-canon-formation-202605130534,Arabic Literature,On The Possibility Of Objectivity In Classical Arabic Literary Criticism: In The Context Of The Debate Between Nābiga al-Zubyānī-Hassān b. Sābit and T,https://doi.org/10.51447/uluifd.1240122,"Soysal, Zeynel Abidin. ""On The Possibility Of Objectivity In Classical Arabic Literary Criticism: In The Context Of The Debate Between Nābiga al-Zubyānī-Hassān b. Sābit and The Evaluation Of The Poem ""Mı̇na"""". semantic_scholar_foundational, 2023.","سويصال، زين العابدين. ""في إمكانية الموضوعية في النقد الأدبي العربي الكلاسيكي: في سياق مناظرة النابغة الذبياني وحسان بن ثابت وتقييم قصيدة 'مينة'"". *semantic_scholar_foundational*، 2023."
"Classical Arabic Literary Criticism: Criteria, Schools, and Canon Formation",النقد الأدبي العربي الكلاسيكي: المعايير والمدارس وتشكيل القانون الأدبي.,https://smarticle.tech/en/article/classical-arabic-literary-criticism-criteria-schools-and-canon-formation-202605130534,https://smarticle.tech/ar/article/classical-arabic-literary-criticism-criteria-schools-and-canon-formation-202605130534,Arabic Literature,The Politics of Literary Value in Early Modernist Arabic Comparative Literary Criticism,https://doi.org/10.1163/1570064x-12341387,"H. Alfaisal. ""The Politics of Literary Value in Early Modernist Arabic Comparative Literary Criticism"". semantic_scholar_foundational, 2019.","الحفيظ الفيصل. ""سياسات القيمة الأدبية في النقد المقارن العربي الحداثوي المبكر"". *semantic_scholar_foundational*، 2019."
"Classical Arabic Literary Criticism: Criteria, Schools, and Canon Formation",النقد الأدبي العربي الكلاسيكي: المعايير والمدارس وتشكيل القانون الأدبي.,https://smarticle.tech/en/article/classical-arabic-literary-criticism-criteria-schools-and-canon-formation-202605130534,https://smarticle.tech/ar/article/classical-arabic-literary-criticism-criteria-schools-and-canon-formation-202605130534,Arabic Literature,Bible,https://archive.org/details/holybiblesoarran01unse,Bible. by Bible. (1200). — E.F. Backus. ISBN: 0564069019,Bible. بقلم Bible. (1200). — E.F. Backus. ردمك: 0564069019
"Contemporary Arabic Prose: Short Fiction, Essay, and Experimental Forms",النثر العربي المعاصر: القصة القصيرة، المقال، والأشكال التجريبية.,https://smarticle.tech/en/article/contemporary-arabic-prose-short-fiction-essay-and-experimental-forms-202605150127,https://smarticle.tech/ar/article/contemporary-arabic-prose-short-fiction-essay-and-experimental-forms-202605150127,Arabic Literature,The Picture of Dorian Gray,https://archive.org/details/pictureofdoriang00wild_5,The Picture of Dorian Gray. by Oscar Wilde. (1890). — Ediciones SM. ISBN: 9798514935802,The Picture of Dorian Gray. بقلم Oscar Wilde. (1890). — Ediciones SM. ردمك: 9798514935802
"Contemporary Arabic Prose: Short Fiction, Essay, and Experimental Forms",النثر العربي المعاصر: القصة القصيرة، المقال، والأشكال التجريبية.,https://smarticle.tech/en/article/contemporary-arabic-prose-short-fiction-essay-and-experimental-forms-202605150127,https://smarticle.tech/ar/article/contemporary-arabic-prose-short-fiction-essay-and-experimental-forms-202605150127,Arabic Literature,Oliver Twist,https://archive.org/details/adventuresofoliv0000unse_q0a7,"Oliver Twist. by Charles Dickens. (1822). — Chapman & Hall, Ld.. ISBN: 9789383202829","Oliver Twist. بقلم Charles Dickens. (1822). — Chapman & Hall, Ld.. ردمك: 9789383202829"
"Contemporary Arabic Prose: Short Fiction, Essay, and Experimental Forms",النثر العربي المعاصر: القصة القصيرة، المقال، والأشكال التجريبية.,https://smarticle.tech/en/article/contemporary-arabic-prose-short-fiction-essay-and-experimental-forms-202605150127,https://smarticle.tech/ar/article/contemporary-arabic-prose-short-fiction-essay-and-experimental-forms-202605150127,Arabic Literature,A Christmas Carol,https://archive.org/details/bwb_P9-DBH-599,A Christmas Carol. by Charles Dickens. (1843). — Da xia chu ban she. ISBN: 9798404222630,A Christmas Carol. بقلم Charles Dickens. (1843). — Da xia chu ban she. ردمك: 9798404222630
"Contemporary Arabic Prose: Short Fiction, Essay, and Experimental Forms",النثر العربي المعاصر: القصة القصيرة، المقال، والأشكال التجريبية.,https://smarticle.tech/en/article/contemporary-arabic-prose-short-fiction-essay-and-experimental-forms-202605150127,https://smarticle.tech/ar/article/contemporary-arabic-prose-short-fiction-essay-and-experimental-forms-202605150127,Arabic Literature,Adventures of Huckleberry Finn,https://archive.org/details/adventuresofhuck0000mark_x8i9,Adventures of Huckleberry Finn. by Mark Twain. (1876). — Laurel. ISBN: 1625000219,Adventures of Huckleberry Finn. بقلم Mark Twain. (1876). — Laurel. ردمك: 1625000219
"Contemporary Arabic Prose: Short Fiction, Essay, and Experimental Forms",النثر العربي المعاصر: القصة القصيرة، المقال، والأشكال التجريبية.,https://smarticle.tech/en/article/contemporary-arabic-prose-short-fiction-essay-and-experimental-forms-202605150127,https://smarticle.tech/ar/article/contemporary-arabic-prose-short-fiction-essay-and-experimental-forms-202605150127,Arabic Literature,The Wonderful Wizard of Oz,https://archive.org/details/newwizardofoz00baum,The Wonderful Wizard of Oz. by L. Frank Baum. (1899). — Alma littera. ISBN: 9798731293341,The Wonderful Wizard of Oz. بقلم L. Frank Baum. (1899). — Alma littera. ردمك: 9798731293341
"Comparative World Literature: Theory, Canon Debates, and Global Perspectives",الأدب العالمي المقارن: النظرية، جدالات القانون، والمنظورات العالمية.,https://smarticle.tech/en/article/comparative-world-literature-theory-canon-debates-and-global-perspectives-202605150134,https://smarticle.tech/ar/article/comparative-world-literature-theory-canon-debates-and-global-perspectives-202605150134,World Literature,Tao te Ching,https://archive.org/details/sayingsoflaotzu00laoz,Tao te Ching. by 老子. (1842). — Modern Library. ISBN: 9786053327073,Tao te Ching. بقلم 老子. (1842). — Modern Library. ردمك: 9786053327073
"Comparative World Literature: Theory, Canon Debates, and Global Perspectives",الأدب العالمي المقارن: النظرية، جدالات القانون، والمنظورات العالمية.,https://smarticle.tech/en/article/comparative-world-literature-theory-canon-debates-and-global-perspectives-202605150134,https://smarticle.tech/ar/article/comparative-world-literature-theory-canon-debates-and-global-perspectives-202605150134,World Literature,Ulysses,https://archive.org/details/ulysses0000joyc_z8y5,Ulysses. by James Joyce. (1914). — Respublika. ISBN: 8426401112,Ulysses. بقلم James Joyce. (1914). — Respublika. ردمك: 8426401112
"Comparative World Literature: Theory, Canon Debates, and Global Perspectives",الأدب العالمي المقارن: النظرية، جدالات القانون، والمنظورات العالمية.,https://smarticle.tech/en/article/comparative-world-literature-theory-canon-debates-and-global-perspectives-202605150134,https://smarticle.tech/ar/article/comparative-world-literature-theory-canon-debates-and-global-perspectives-202605150134,World Literature,Bible,https://archive.org/details/holybiblesoarran01unse,Bible. by Bible. (1200). — E.F. Backus. ISBN: 0564069019,Bible. بقلم Bible. (1200). — E.F. Backus. ردمك: 0564069019
"Comparative World Literature: Theory, Canon Debates, and Global Perspectives",الأدب العالمي المقارن: النظرية، جدالات القانون، والمنظورات العالمية.,https://smarticle.tech/en/article/comparative-world-literature-theory-canon-debates-and-global-perspectives-202605150134,https://smarticle.tech/ar/article/comparative-world-literature-theory-canon-debates-and-global-perspectives-202605150134,World Literature,King Lear,https://archive.org/details/bwb_O8-BXS-912,King Lear. by William Shakespeare. (1608). — Printed for Richard Wellington .... ISBN: 0521012368,King Lear. بقلم William Shakespeare. (1608). — Printed for Richard Wellington .... ردمك: 0521012368
"Comparative World Literature: Theory, Canon Debates, and Global Perspectives",الأدب العالمي المقارن: النظرية، جدالات القانون، والمنظورات العالمية.,https://smarticle.tech/en/article/comparative-world-literature-theory-canon-debates-and-global-perspectives-202605150134,https://smarticle.tech/ar/article/comparative-world-literature-theory-canon-debates-and-global-perspectives-202605150134,World Literature,Metamorphoses,https://archive.org/details/mtamorphoses00ovid,Metamorphoses. by Ovid. (1479). — Appresso Camillo Franceschini. ISBN: 9789022108819,Metamorphoses. بقلم Ovid. (1479). — Appresso Camillo Franceschini. ردمك: 9789022108819
"Comparative World Literature: Theory, Canon Debates, and Global Perspectives",الأدب العالمي المقارن: النظرية، جدالات القانون، والمنظورات العالمية.,https://smarticle.tech/en/article/comparative-world-literature-theory-canon-debates-and-global-perspectives-202605150134,https://smarticle.tech/ar/article/comparative-world-literature-theory-canon-debates-and-global-perspectives-202605150134,World Literature,Degeneration,https://www.gutenberg.org/ebooks/51161,"Degeneration. by Nordau, Max Simon. — Project Gutenberg","Degeneration. بقلم Nordau, Max Simon. — Project Gutenberg"
"Comparative World Literature: Theory, Canon Debates, and Global Perspectives",الأدب العالمي المقارن: النظرية، جدالات القانون، والمنظورات العالمية.,https://smarticle.tech/en/article/comparative-world-literature-theory-canon-debates-and-global-perspectives-202605150134,https://smarticle.tech/ar/article/comparative-world-literature-theory-canon-debates-and-global-perspectives-202605150134,World Literature,Laurence Sterne in Germany: A Contribution to the Study of the Literary Relations of; England and Germany in the Eighteenth Century,https://www.gutenberg.org/ebooks/26183,"Laurence Sterne in Germany: A Contribution to the Study of the Literary Relations of; England and Germany in the Eighteenth Century. by Hewett-Thayer, Harvey W. (Harvey Waterman). — Project Gutenberg","Laurence Sterne in Germany: A Contribution to the Study of the Literary Relations of; England and Germany in the Eighteenth Century. بقلم Hewett-Thayer, Harvey W. (Harvey Waterman). — Project Gutenberg"
"Comparative World Literature: Theory, Canon Debates, and Global Perspectives",الأدب العالمي المقارن: النظرية، جدالات القانون، والمنظورات العالمية.,https://smarticle.tech/en/article/comparative-world-literature-theory-canon-debates-and-global-perspectives-202605150134,https://smarticle.tech/ar/article/comparative-world-literature-theory-canon-debates-and-global-perspectives-202605150134,World Literature,"Renaissance literary theory and practice : $b Classicism in the rhetoric and poetic of Italy, France, and England 1400-1600",https://www.gutenberg.org/ebooks/72647,"Renaissance literary theory and practice : $b Classicism in the rhetoric and poetic of Italy, France, and England 1400-1600. by Baldwin, Charles Sears. — Project Gutenberg","Renaissance literary theory and practice : $b Classicism in the rhetoric and poetic of Italy, France, and England 1400-1600. بقلم Baldwin, Charles Sears. — Project Gutenberg"
"Comparative World Literature: Theory, Canon Debates, and Global Perspectives",الأدب العالمي المقارن: النظرية، جدالات القانون، والمنظورات العالمية.,https://smarticle.tech/en/article/comparative-world-literature-theory-canon-debates-and-global-perspectives-202605150134,https://smarticle.tech/ar/article/comparative-world-literature-theory-canon-debates-and-global-perspectives-202605150134,World Literature,A New Comparative Literature as Theory and Method,https://doi.org/10.1163/9789004458536_004,"Steven Tötösy de Zepetnek. ""A New Comparative Literature as Theory and Method"". crossref, 1998.","Steven Tötösy de Zepetnek. ""A New Comparative Literature as Theory and Method"". crossref, 1998."
Russian Literature: The Great Novel Tradition from Pushkin to Chekhov,الأدب الروسي: تقليد الرواية العظيمة من بوشكين إلى تشيخوف.,https://smarticle.tech/en/article/russian-literature-the-great-novel-tradition-from-pushkin-to-chekhov-202605150141,https://smarticle.tech/ar/article/russian-literature-the-great-novel-tradition-from-pushkin-to-chekhov-202605150141,World Literature,Анна Каренина,https://archive.org/details/harvardclassicsv0000lont,Анна Каренина. by Лев Толстой. (1876). — Dent Dutton. ISBN: 9781548764012,Анна Каренина. بقلم Лев Толстой. (1876). — Dent Dutton. ردمك: 9781548764012
Russian Literature: The Great Novel Tradition from Pushkin to Chekhov,الأدب الروسي: تقليد الرواية العظيمة من بوشكين إلى تشيخوف.,https://smarticle.tech/en/article/russian-literature-the-great-novel-tradition-from-pushkin-to-chekhov-202605150141,https://smarticle.tech/ar/article/russian-literature-the-great-novel-tradition-from-pushkin-to-chekhov-202605150141,World Literature,Metapoesis: the Russian tradition from Pushkin to Chekhov,https://doi.org/10.5860/choice.33-2646,"Goscilo, M. ""Metapoesis: the Russian tradition from Pushkin to Chekhov"". *Choice*, 1996.","Goscilo, M. ""Metapoesis: the Russian tradition from Pushkin to Chekhov"". *Choice*, 1996."
Russian Literature: The Great Novel Tradition from Pushkin to Chekhov,الأدب الروسي: تقليد الرواية العظيمة من بوشكين إلى تشيخوف.,https://smarticle.tech/en/article/russian-literature-the-great-novel-tradition-from-pushkin-to-chekhov-202605150141,https://smarticle.tech/ar/article/russian-literature-the-great-novel-tradition-from-pushkin-to-chekhov-202605150141,World Literature,"Metapoesis: The Russian Tradition from Pushkin to Chekhov. By Michael C. Finke. Durham: Duke University Press, 1995. xv, 221 pp. Bibliography. Index.",https://doi.org/10.2307/2502037,"Any, Carol. ""Metapoesis: The Russian Tradition from Pushkin to Chekhov"". crossref, 1996.","Any, Carol. ""Metapoesis: The Russian Tradition from Pushkin to Chekhov"". crossref, 1996."
Russian Literature: The Great Novel Tradition from Pushkin to Chekhov,الأدب الروسي: تقليد الرواية العظيمة من بوشكين إلى تشيخوف.,https://smarticle.tech/en/article/russian-literature-the-great-novel-tradition-from-pushkin-to-chekhov-202605150141,https://smarticle.tech/ar/article/russian-literature-the-great-novel-tradition-from-pushkin-to-chekhov-202605150141,World Literature,"Introduction to Russian Realism: Pushkin, Gogol, Dostoevsky, Tolstoy, Chekhov, Sholokhov",https://doi.org/10.2979/introductiontorussia,"Ernest Joseph Simmons. ""Introduction to Russian Realism: Pushkin, Gogol, Dostoevsky, Tolstoy, Chekhov, Sholokhov"". crossref, 2021.","Ernest Joseph Simmons. ""Introduction to Russian Realism: Pushkin, Gogol, Dostoevsky, Tolstoy, Chekhov, Sholokhov"". crossref, 2021."
Russian Literature: The Great Novel Tradition from Pushkin to Chekhov,الأدب الروسي: تقليد الرواية العظيمة من بوشكين إلى تشيخوف.,https://smarticle.tech/en/article/russian-literature-the-great-novel-tradition-from-pushkin-to-chekhov-202605150141,https://smarticle.tech/ar/article/russian-literature-the-great-novel-tradition-from-pushkin-to-chekhov-202605150141,World Literature,The Chekhov Tradition,https://doi.org/10.1007/978-1-349-04800-7_1,"Tulloch, John. ""The Chekhov Tradition"". crossref, 1980.","Tulloch, John. ""The Chekhov Tradition"". crossref, 1980."
Russian Literature: The Great Novel Tradition from Pushkin to Chekhov,الأدب الروسي: تقليد الرواية العظيمة من بوشكين إلى تشيخوف.,https://smarticle.tech/en/article/russian-literature-the-great-novel-tradition-from-pushkin-to-chekhov-202605150141,https://smarticle.tech/ar/article/russian-literature-the-great-novel-tradition-from-pushkin-to-chekhov-202605150141,World Literature,Russian Literary Attitudes from Pushkin to Solzhenitsyn,https://doi.org/10.1007/978-1-349-02858-0_1,"Richard Freeborn. ""Russian Literary Attitudes from Pushkin to Solzhenitsyn"". crossref, 1976.","Richard Freeborn. ""Russian Literary Attitudes from Pushkin to Solzhenitsyn"". crossref, 1976."
"Postcolonial Literature: Writing Back, Hybridity, and Decolonising the Canon",الأدب ما بعد الاستعمار: الكتابة الراجعة، التهجين، وإزالة الاستعمار من الكانون.,https://smarticle.tech/en/article/postcolonial-literature-writing-back-hybridity-and-decolonising-the-canon-202605150149,https://smarticle.tech/ar/article/postcolonial-literature-writing-back-hybridity-and-decolonising-the-canon-202605150149,World Literature,Post-Colonial Studies,https://openlibrary.org/works/OL21250814W,"Post-Colonial Studies. by Bill Ashcroft, Gareth Griffiths, Helen Tiffin. (2002). — Routledge. ISBN: 9780415661904",Post-Colonial Studies. بقلم Bill Ashcroft، Gareth Griffiths، Helen Tiffin. (2002). — Routledge. ردمك: 9780415661904
"Postcolonial Literature: Writing Back, Hybridity, and Decolonising the Canon",الأدب ما بعد الاستعمار: الكتابة الراجعة، التهجين، وإزالة الاستعمار من الكانون.,https://smarticle.tech/en/article/postcolonial-literature-writing-back-hybridity-and-decolonising-the-canon-202605150149,https://smarticle.tech/ar/article/postcolonial-literature-writing-back-hybridity-and-decolonising-the-canon-202605150149,World Literature,Cambridge Introduction to Postcolonial Literatures in English,https://openlibrary.org/works/OL25674864W,Cambridge Introduction to Postcolonial Literatures in English. by C. L. Innes. (2007). — Cambridge University Press. ISBN: 1283329638,Cambridge Introduction to Postcolonial Literatures in English. بقلم C. L. Innes. (2007). — Cambridge University Press. ردمك: 1283329638
"Postcolonial Literature: Writing Back, Hybridity, and Decolonising the Canon",الأدب ما بعد الاستعمار: الكتابة الراجعة، التهجين، وإزالة الاستعمار من الكانون.,https://smarticle.tech/en/article/postcolonial-literature-writing-back-hybridity-and-decolonising-the-canon-202605150149,https://smarticle.tech/ar/article/postcolonial-literature-writing-back-hybridity-and-decolonising-the-canon-202605150149,World Literature,"Woman, Body, Desire in Post-Colonial India",https://archive.org/details/womanbodydesirei0000puri,"Woman, Body, Desire in Post-Colonial India. by Jyoti Puri. (1999). — Routledge. ISBN: 9780203906620","Woman, Body, Desire in Post-Colonial India. بقلم Jyoti Puri. (1999). — Routledge. ردمك: 9780203906620"
"Postcolonial Literature: Writing Back, Hybridity, and Decolonising the Canon",الأدب ما بعد الاستعمار: الكتابة الراجعة، التهجين، وإزالة الاستعمار من الكانون.,https://smarticle.tech/en/article/postcolonial-literature-writing-back-hybridity-and-decolonising-the-canon-202605150149,https://smarticle.tech/ar/article/postcolonial-literature-writing-back-hybridity-and-decolonising-the-canon-202605150149,World Literature,Rethinking Modernity,https://openlibrary.org/works/OL9348519W,"Rethinking Modernity. by Gurminder K. Bhambra, G. Bhambra, Gurminder Bhambra. (2007). — Springer International Publishing AG. ISBN: 0230206417",Rethinking Modernity. بقلم Gurminder K. Bhambra، G. Bhambra، Gurminder Bhambra. (2007). — Springer International Publishing AG. ردمك: 0230206417
"Postcolonial Literature: Writing Back, Hybridity, and Decolonising the Canon",الأدب ما بعد الاستعمار: الكتابة الراجعة، التهجين، وإزالة الاستعمار من الكانون.,https://smarticle.tech/en/article/postcolonial-literature-writing-back-hybridity-and-decolonising-the-canon-202605150149,https://smarticle.tech/ar/article/postcolonial-literature-writing-back-hybridity-and-decolonising-the-canon-202605150149,World Literature,"Post-Conflict Heritage, Postcolonial Tourism",https://openlibrary.org/works/OL9352722W,"Post-Conflict Heritage, Postcolonial Tourism. by Tim Winter. (2007). — Taylor & Francis Group. ISBN: 0203946383","Post-Conflict Heritage, Postcolonial Tourism. بقلم Tim Winter. (2007). — Taylor & Francis Group. ردمك: 0203946383"
"Postcolonial Literature: Writing Back, Hybridity, and Decolonising the Canon",الأدب ما بعد الاستعمار: الكتابة الراجعة، التهجين، وإزالة الاستعمار من الكانون.,https://smarticle.tech/en/article/postcolonial-literature-writing-back-hybridity-and-decolonising-the-canon-202605150149,https://smarticle.tech/ar/article/postcolonial-literature-writing-back-hybridity-and-decolonising-the-canon-202605150149,World Literature,Dissident geographies,https://archive.org/details/dissidentgeograp00blun,"Dissident geographies. by Alison Blunt, Jane Wills. (1999). — Taylor & Francis Group. ISBN: 1138163562",Dissident geographies. بقلم Alison Blunt، Jane Wills. (1999). — Taylor & Francis Group. ردمك: 1138163562
"Postcolonial Literature: Writing Back, Hybridity, and Decolonising the Canon",الأدب ما بعد الاستعمار: الكتابة الراجعة، التهجين، وإزالة الاستعمار من الكانون.,https://smarticle.tech/en/article/postcolonial-literature-writing-back-hybridity-and-decolonising-the-canon-202605150149,https://smarticle.tech/ar/article/postcolonial-literature-writing-back-hybridity-and-decolonising-the-canon-202605150149,World Literature,Cultural studies,https://openlibrary.org/works/OL18867361W,"Cultural studies. by Lawrence Grossberg, Janice Radway. (1990). — Taylor & Francis Group. ISBN: 9781134834938",Cultural studies. بقلم Lawrence Grossberg، Janice Radway. (1990). — Taylor & Francis Group. ردمك: 9781134834938
"Postcolonial Literature: Writing Back, Hybridity, and Decolonising the Canon",الأدب ما بعد الاستعمار: الكتابة الراجعة، التهجين، وإزالة الاستعمار من الكانون.,https://smarticle.tech/en/article/postcolonial-literature-writing-back-hybridity-and-decolonising-the-canon-202605150149,https://smarticle.tech/ar/article/postcolonial-literature-writing-back-hybridity-and-decolonising-the-canon-202605150149,World Literature,Dracula,https://archive.org/details/dracula00stok_8,Dracula. by Bram Stoker. (1897). — Eenvoudig Communiceren. ISBN: 9798623595942,Dracula. بقلم Bram Stoker. (1897). — Eenvoudig Communiceren. ردمك: 9798623595942
"Postcolonial Literature: Writing Back, Hybridity, and Decolonising the Canon",الأدب ما بعد الاستعمار: الكتابة الراجعة، التهجين، وإزالة الاستعمار من الكانون.,https://smarticle.tech/en/article/postcolonial-literature-writing-back-hybridity-and-decolonising-the-canon-202605150149,https://smarticle.tech/ar/article/postcolonial-literature-writing-back-hybridity-and-decolonising-the-canon-202605150149,World Literature,"Colonized Poland, Orientalized Poland: Postcolonial Theory and the “Other Europe”",https://doi.org/10.1017/9781787446687.010,"Bartosz Nowak. ""Colonized Poland, Orientalized Poland: Postcolonial Theory and the 'Other Europe'"". crossref, 2020.","بارتوش نواك. ""بولندا المستعمَرة، بولندا المستشرَقة: النظرية ما بعد الاستعمارية و'أوروبا الأخرى'"". *كروسريف*، 2020."
"Postcolonial Literature: Writing Back, Hybridity, and Decolonising the Canon",الأدب ما بعد الاستعمار: الكتابة الراجعة، التهجين، وإزالة الاستعمار من الكانون.,https://smarticle.tech/en/article/postcolonial-literature-writing-back-hybridity-and-decolonising-the-canon-202605150149,https://smarticle.tech/ar/article/postcolonial-literature-writing-back-hybridity-and-decolonising-the-canon-202605150149,World Literature,"Capitalizing on English Literature: Disciplinarity, Academic Labor and Postcolonial Studies",https://doi.org/10.4324/9780203796740-9,"Capitalizing on English Literature: Disciplinarity, Academic Labor and Postcolonial Studies. *crossref*, 2015.",الاستفادة من الأدب الإنجليزي: التخصصية، العمل الأكاديمي، والدراسات ما بعد الاستعمارية. *كروسريف*، 2015.
"Poetic Form: Metre, Rhyme Scheme, and the Architecture of the Poem",الشكل الشعري: الوزن، نظام القافية، وبنية القصيدة.,https://smarticle.tech/en/article/poetic-form-metre-rhyme-scheme-and-the-architecture-of-the-poem-202605150156,https://smarticle.tech/ar/article/poetic-form-metre-rhyme-scheme-and-the-architecture-of-the-poem-202605150156,Poetry,Leaves of Grass,https://archive.org/details/bwb_P8-BMM-114,Leaves of Grass. by Walt Whitman. (1855). — Modern Library. ISBN: 9788423974740,Leaves of Grass. بقلم Walt Whitman. (1855). — Modern Library. ردمك: 9788423974740
"Poetic Form: Metre, Rhyme Scheme, and the Architecture of the Poem",الشكل الشعري: الوزن، نظام القافية، وبنية القصيدة.,https://smarticle.tech/en/article/poetic-form-metre-rhyme-scheme-and-the-architecture-of-the-poem-202605150156,https://smarticle.tech/ar/article/poetic-form-metre-rhyme-scheme-and-the-architecture-of-the-poem-202605150156,Poetry,King Lear,https://archive.org/details/bwb_O8-BXS-912,King Lear. by William Shakespeare. (1608). — Printed for Richard Wellington .... ISBN: 0521012368,King Lear. بقلم William Shakespeare. (1608). — Printed for Richard Wellington .... ردمك: 0521012368
"Poetic Form: Metre, Rhyme Scheme, and the Architecture of the Poem",الشكل الشعري: الوزن، نظام القافية، وبنية القصيدة.,https://smarticle.tech/en/article/poetic-form-metre-rhyme-scheme-and-the-architecture-of-the-poem-202605150156,https://smarticle.tech/ar/article/poetic-form-metre-rhyme-scheme-and-the-architecture-of-the-poem-202605150156,Poetry,Macbeth,https://archive.org/details/macbethfacsimile0000will,Macbeth. by William Shakespeare. (1508). — Nelson Thornes Ltd. ISBN: 9781536969078,Macbeth. بقلم William Shakespeare. (1508). — Nelson Thornes Ltd. ردمك: 9781536969078
"Poetic Form: Metre, Rhyme Scheme, and the Architecture of the Poem",الشكل الشعري: الوزن، نظام القافية، وبنية القصيدة.,https://smarticle.tech/en/article/poetic-form-metre-rhyme-scheme-and-the-architecture-of-the-poem-202605150156,https://smarticle.tech/ar/article/poetic-form-metre-rhyme-scheme-and-the-architecture-of-the-poem-202605150156,Poetry,A Midsummer Night's Dream,https://archive.org/details/variorumshakespe0010unse,A Midsummer Night's Dream. by William Shakespeare. (1600). — J.B. Lippincott company. ISBN: 9780521094900,A Midsummer Night's Dream. بقلم William Shakespeare. (1600). — J.B. Lippincott company. ردمك: 9780521094900
"Poetic Form: Metre, Rhyme Scheme, and the Architecture of the Poem",الشكل الشعري: الوزن، نظام القافية، وبنية القصيدة.,https://smarticle.tech/en/article/poetic-form-metre-rhyme-scheme-and-the-architecture-of-the-poem-202605150156,https://smarticle.tech/ar/article/poetic-form-metre-rhyme-scheme-and-the-architecture-of-the-poem-202605150156,Poetry,La Divina Commedia,https://archive.org/details/commedi03dant,La Divina Commedia. by Dante Alighieri. (1472). — Libreria dell' universita. ISBN: 9788415014973,La Divina Commedia. بقلم Dante Alighieri. (1472). — Libreria dell' universita. ردمك: 9788415014973
"Poetic Form: Metre, Rhyme Scheme, and the Architecture of the Poem",الشكل الشعري: الوزن، نظام القافية، وبنية القصيدة.,https://smarticle.tech/en/article/poetic-form-metre-rhyme-scheme-and-the-architecture-of-the-poem-202605150156,https://smarticle.tech/ar/article/poetic-form-metre-rhyme-scheme-and-the-architecture-of-the-poem-202605150156,Poetry,Metamorphoses,https://archive.org/details/mtamorphoses00ovid,Metamorphoses. by Ovid. (1479). — Appresso Camillo Franceschini. ISBN: 9789022108819,Metamorphoses. بقلم Ovid. (1479). — Appresso Camillo Franceschini. ردمك: 9789022108819
"Poetic Form: Metre, Rhyme Scheme, and the Architecture of the Poem",الشكل الشعري: الوزن، نظام القافية، وبنية القصيدة.,https://smarticle.tech/en/article/poetic-form-metre-rhyme-scheme-and-the-architecture-of-the-poem-202605150156,https://smarticle.tech/ar/article/poetic-form-metre-rhyme-scheme-and-the-architecture-of-the-poem-202605150156,Poetry,"A Cyclopædia of Sacred Poetical Quotations: Consisting of Choice Passages from the Sacred Poetry of All Ages and Countries, Classified and Arranged, f",https://www.gutenberg.org/ebooks/67379,"A Cyclopædia of Sacred Poetical Quotations: Consisting of Choice Passages from the Sacred Poetry of All Ages and Countries, Classified and Arranged, for Facility of Reference, Under Subject Headings; Illustrated by Striking Passages from Scripture, and Forming Altogether a Complete Book of Devotional Poetry.. by Unknown Author. — Project Gutenberg","A Cyclopædia of Sacred Poetical Quotations: Consisting of Choice Passages from the Sacred Poetry of All Ages and Countries, Classified and Arranged, for Facility of Reference, Under Subject Headings; Illustrated by Striking Passages from Scripture, and Forming Altogether a Complete Book of Devotional Poetry.. بقلم مؤلف غير معروف. — Project Gutenberg"
"Poetic Form: Metre, Rhyme Scheme, and the Architecture of the Poem",الشكل الشعري: الوزن، نظام القافية، وبنية القصيدة.,https://smarticle.tech/en/article/poetic-form-metre-rhyme-scheme-and-the-architecture-of-the-poem-202605150156,https://smarticle.tech/ar/article/poetic-form-metre-rhyme-scheme-and-the-architecture-of-the-poem-202605150156,Poetry,Moll Flanders,https://archive.org/details/bwb_W9-ACI-449,Moll Flanders. by Daniel Defoe. (1722). — Signet Classics. ISBN: 9798475423936,Moll Flanders. بقلم Daniel Defoe. (1722). — Signet Classics. ردمك: 9798475423936
Free Verse and Modernist Poetry: Breaking Form and the Legacy of Whitman,الشعر الحر والشعر الحداثي: كسر الشكل وإرث ويتمن,https://smarticle.tech/en/article/free-verse-and-modernist-poetry-breaking-form-and-the-legacy-of-whitman-202605150203,https://smarticle.tech/ar/article/free-verse-and-modernist-poetry-breaking-form-and-the-legacy-of-whitman-202605150203,Poetry,Leaves of Grass,https://archive.org/details/bwb_P8-BMM-114,Leaves of Grass. by Walt Whitman. (1855). — Modern Library. ISBN: 9788423974740,Leaves of Grass. بقلم Walt Whitman. (1855). — Modern Library. ردمك: 9788423974740
Free Verse and Modernist Poetry: Breaking Form and the Legacy of Whitman,الشعر الحر والشعر الحداثي: كسر الشكل وإرث ويتمن,https://smarticle.tech/en/article/free-verse-and-modernist-poetry-breaking-form-and-the-legacy-of-whitman-202605150203,https://smarticle.tech/ar/article/free-verse-and-modernist-poetry-breaking-form-and-the-legacy-of-whitman-202605150203,Poetry,A survey of modernist poetry,https://archive.org/details/surveyofmodernis0000ridi,"A survey of modernist poetry. by Laura Riding, Robert Graves. (1927). — Creative Media Partners, LLC. ISBN: 1019349832","A survey of modernist poetry. بقلم Laura Riding، Robert Graves. (1927). — Creative Media Partners, LLC. ردمك: 1019349832"
Free Verse and Modernist Poetry: Breaking Form and the Legacy of Whitman,الشعر الحر والشعر الحداثي: كسر الشكل وإرث ويتمن,https://smarticle.tech/en/article/free-verse-and-modernist-poetry-breaking-form-and-the-legacy-of-whitman-202605150203,https://smarticle.tech/ar/article/free-verse-and-modernist-poetry-breaking-form-and-the-legacy-of-whitman-202605150203,Poetry,A survey of modernist poetry / by Laura Riding and Robert Graves,https://archive.org/details/surveyofmodernis00jack,"A survey of modernist poetry / by Laura Riding and Robert Graves. by Jackson, Laura (Riding), 1901-1991, author. (1928). — Doubleday, Doran & Co.","A survey of modernist poetry / by Laura Riding and Robert Graves. بقلم Jackson, Laura (Riding), 1901-1991, author. (1928). — Doubleday, Doran & Co."
Free Verse and Modernist Poetry: Breaking Form and the Legacy of Whitman,الشعر الحر والشعر الحداثي: كسر الشكل وإرث ويتمن,https://smarticle.tech/en/article/free-verse-and-modernist-poetry-breaking-form-and-the-legacy-of-whitman-202605150203,https://smarticle.tech/ar/article/free-verse-and-modernist-poetry-breaking-form-and-the-legacy-of-whitman-202605150203,Poetry,Cambridge Introduction to Modernist Poetry,https://openlibrary.org/works/OL25675972W,Cambridge Introduction to Modernist Poetry. by Peter Howarth. (2011). — Cambridge University Press. ISBN: 1283378108,Cambridge Introduction to Modernist Poetry. بقلم Peter Howarth. (2011). — Cambridge University Press. ردمك: 1283378108
Free Verse and Modernist Poetry: Breaking Form and the Legacy of Whitman,الشعر الحر والشعر الحداثي: كسر الشكل وإرث ويتمن,https://smarticle.tech/en/article/free-verse-and-modernist-poetry-breaking-form-and-the-legacy-of-whitman-202605150203,https://smarticle.tech/ar/article/free-verse-and-modernist-poetry-breaking-form-and-the-legacy-of-whitman-202605150203,Poetry,"A survey of modernist poetry ; and, A pamphlet against anthologies / c Laura Riding and Robert Graves ; edited with notes and introduction by Charles",https://openlibrary.org/works/OL15624581W,"A survey of modernist poetry ; and, A pamphlet against anthologies / c Laura Riding and Robert Graves ; edited with notes and introduction by Charles Mundye and Patrick McGuinness. by Laura Riding. (2002). — Carcanet. ISBN: 1857545680","A survey of modernist poetry ; and, A pamphlet against anthologies / c Laura Riding and Robert Graves ; edited with notes and introduction by Charles Mundye and Patrick McGuinness. بقلم Laura Riding. (2002). — Carcanet. ردمك: 1857545680"
Free Verse and Modernist Poetry: Breaking Form and the Legacy of Whitman,الشعر الحر والشعر الحداثي: كسر الشكل وإرث ويتمن,https://smarticle.tech/en/article/free-verse-and-modernist-poetry-breaking-form-and-the-legacy-of-whitman-202605150203,https://smarticle.tech/ar/article/free-verse-and-modernist-poetry-breaking-form-and-the-legacy-of-whitman-202605150203,Poetry,Modernist & post-modernist Arabic verse since 1970,https://openlibrary.org/works/OL23826539W,"Modernist & post-modernist Arabic verse since 1970. by ʻInānī, Muḥammad Muḥammad al-Duktūr. (2001). — G.E.O. ISBN: 977017663X","Modernist & post-modernist Arabic verse since 1970. بقلم ʻInānī, Muḥammad Muḥammad al-Duktūr. (2001). — G.E.O. ردمك: 977017663X"
Free Verse and Modernist Poetry: Breaking Form and the Legacy of Whitman,الشعر الحر والشعر الحداثي: كسر الشكل وإرث ويتمن,https://smarticle.tech/en/article/free-verse-and-modernist-poetry-breaking-form-and-the-legacy-of-whitman-202605150203,https://smarticle.tech/ar/article/free-verse-and-modernist-poetry-breaking-form-and-the-legacy-of-whitman-202605150203,Poetry,Free Verse,https://doi.org/10.4324/9781135000356-rem89-1,"Munro, Niall. ""Free Verse"". *crossref*, 2014.","مونرو، نايال. ""الشعر الحر"". *كروسريف*، 2014."
Free Verse and Modernist Poetry: Breaking Form and the Legacy of Whitman,الشعر الحر والشعر الحداثي: كسر الشكل وإرث ويتمن,https://smarticle.tech/en/article/free-verse-and-modernist-poetry-breaking-form-and-the-legacy-of-whitman-202605150203,https://smarticle.tech/ar/article/free-verse-and-modernist-poetry-breaking-form-and-the-legacy-of-whitman-202605150203,Poetry,"Rhetoric, the Bible, and the origins of free verse",https://doi.org/10.1515/9783110873139,"Kohl, Katrin M. ""Rhetoric, the Bible, and the origins of free verse"". crossref, 1990.","كول، كاترين م. ""البلاغة، الكتاب المقدس، وأصول الشعر الحر"". *كروسريف*، 1990."
Free Verse and Modernist Poetry: Breaking Form and the Legacy of Whitman,الشعر الحر والشعر الحداثي: كسر الشكل وإرث ويتمن,https://smarticle.tech/en/article/free-verse-and-modernist-poetry-breaking-form-and-the-legacy-of-whitman-202605150203,https://smarticle.tech/ar/article/free-verse-and-modernist-poetry-breaking-form-and-the-legacy-of-whitman-202605150203,Poetry,The Origins of Free Verse,https://doi.org/10.3998/mpub.14142,"H. Kirby-Smith. ""The Origins of Free Verse"". crossref, 1996.","كيربي-سميث، هـ. ""أصول الشعر الحر"". *كروسريف*، 1996."
"Metaphor, Image, and Symbol as Core Devices of Poetic Language",الاستعارة والصورة والرمز كوسائل أساسية للغة الشعرية.,https://smarticle.tech/en/article/metaphor-image-and-symbol-as-core-devices-of-poetic-language-202605150210,https://smarticle.tech/ar/article/metaphor-image-and-symbol-as-core-devices-of-poetic-language-202605150210,Poetry,King Lear,https://archive.org/details/bwb_O8-BXS-912,King Lear. by William Shakespeare. (1608). — Printed for Richard Wellington .... ISBN: 0521012368,King Lear. بقلم William Shakespeare. (1608). — Printed for Richard Wellington .... ردمك: 0521012368
"Metaphor, Image, and Symbol as Core Devices of Poetic Language",الاستعارة والصورة والرمز كوسائل أساسية للغة الشعرية.,https://smarticle.tech/en/article/metaphor-image-and-symbol-as-core-devices-of-poetic-language-202605150210,https://smarticle.tech/ar/article/metaphor-image-and-symbol-as-core-devices-of-poetic-language-202605150210,Poetry,Macbeth,https://archive.org/details/macbethfacsimile0000will,Macbeth. by William Shakespeare. (1508). — Nelson Thornes Ltd. ISBN: 9781536969078,Macbeth. بقلم William Shakespeare. (1508). — Nelson Thornes Ltd. ردمك: 9781536969078
"Metaphor, Image, and Symbol as Core Devices of Poetic Language",الاستعارة والصورة والرمز كوسائل أساسية للغة الشعرية.,https://smarticle.tech/en/article/metaphor-image-and-symbol-as-core-devices-of-poetic-language-202605150210,https://smarticle.tech/ar/article/metaphor-image-and-symbol-as-core-devices-of-poetic-language-202605150210,Poetry,Don Quijote de la Mancha,https://archive.org/details/elingeniosohidal00cervrs,Don Quijote de la Mancha. by Miguel de Cervantes Saavedra. (1600). — Modern Library. ISBN: 9781420951325,Don Quijote de la Mancha. بقلم Miguel de Cervantes Saavedra. (1600). — Modern Library. ردمك: 9781420951325
"Metaphor, Image, and Symbol as Core Devices of Poetic Language",الاستعارة والصورة والرمز كوسائل أساسية للغة الشعرية.,https://smarticle.tech/en/article/metaphor-image-and-symbol-as-core-devices-of-poetic-language-202605150210,https://smarticle.tech/ar/article/metaphor-image-and-symbol-as-core-devices-of-poetic-language-202605150210,Poetry,La Divina Commedia,https://archive.org/details/commedi03dant,La Divina Commedia. by Dante Alighieri. (1472). — Libreria dell' universita. ISBN: 9788415014973,La Divina Commedia. بقلم Dante Alighieri. (1472). — Libreria dell' universita. ردمك: 9788415014973
"Metaphor, Image, and Symbol as Core Devices of Poetic Language",الاستعارة والصورة والرمز كوسائل أساسية للغة الشعرية.,https://smarticle.tech/en/article/metaphor-image-and-symbol-as-core-devices-of-poetic-language-202605150210,https://smarticle.tech/ar/article/metaphor-image-and-symbol-as-core-devices-of-poetic-language-202605150210,Poetry,The Canterbury Tales,https://archive.org/details/cu31924030286466,"The Canterbury Tales. by Geoffrey Chaucer, John E. Cunningham, Peter Ackroyd. (1478). — Clar. Press. ISBN: 9781461031840",The Canterbury Tales. بقلم Geoffrey Chaucer، John E. Cunningham، Peter Ackroyd. (1478). — Clar. Press. ردمك: 9781461031840
"Metaphor, Image, and Symbol as Core Devices of Poetic Language",الاستعارة والصورة والرمز كوسائل أساسية للغة الشعرية.,https://smarticle.tech/en/article/metaphor-image-and-symbol-as-core-devices-of-poetic-language-202605150210,https://smarticle.tech/ar/article/metaphor-image-and-symbol-as-core-devices-of-poetic-language-202605150210,Poetry,Ἰλιάς,https://archive.org/details/iliadofhomerdone00home,Ἰλιάς. by Όμηρος. (1505). — Printed by Thomas Roycroft. ISBN: 8474140404,Ἰλιάς. بقلم Όμηρος. (1505). — Printed by Thomas Roycroft. ردمك: 8474140404
"Metaphor, Image, and Symbol as Core Devices of Poetic Language",الاستعارة والصورة والرمز كوسائل أساسية للغة الشعرية.,https://smarticle.tech/en/article/metaphor-image-and-symbol-as-core-devices-of-poetic-language-202605150210,https://smarticle.tech/ar/article/metaphor-image-and-symbol-as-core-devices-of-poetic-language-202605150210,Poetry,Ὀδύσσεια,https://archive.org/details/lodysse02hom,Ὀδύσσεια. by Όμηρος. (1488). — Newnes. ISBN: 9626340312,Ὀδύσσεια. بقلم Όμηρος. (1488). — Newnes. ردمك: 9626340312
"Metaphor, Image, and Symbol as Core Devices of Poetic Language",الاستعارة والصورة والرمز كوسائل أساسية للغة الشعرية.,https://smarticle.tech/en/article/metaphor-image-and-symbol-as-core-devices-of-poetic-language-202605150210,https://smarticle.tech/ar/article/metaphor-image-and-symbol-as-core-devices-of-poetic-language-202605150210,Poetry,L' Image au Moyen Age,https://openlibrary.org/works/OL12374038W,L' Image au Moyen Age. by Université de Picardie. Centre d'études médiévales. Colloque. (1992). — Centre d'études médiévales - Université de Picardie. ISBN: 9782901121213,L' Image au Moyen Age. بقلم Université de Picardie. Centre d'études médiévales. Colloque. (1992). — Centre d'études médiévales - Université de Picardie. ردمك: 9782901121213
"Metaphor, Image, and Symbol as Core Devices of Poetic Language",الاستعارة والصورة والرمز كوسائل أساسية للغة الشعرية.,https://smarticle.tech/en/article/metaphor-image-and-symbol-as-core-devices-of-poetic-language-202605150210,https://smarticle.tech/ar/article/metaphor-image-and-symbol-as-core-devices-of-poetic-language-202605150210,Poetry,Moby Dick,https://archive.org/details/lp_moby-dick-or-the-whale-by-herman-melville_herman-melville-louis-zorich,Moby Dick. by Herman Melville. (1851). — Race Point Publishing. ISBN: 1976530733,Moby Dick. بقلم Herman Melville. (1851). — Race Point Publishing. ردمك: 1976530733
"Metaphor, Image, and Symbol as Core Devices of Poetic Language",الاستعارة والصورة والرمز كوسائل أساسية للغة الشعرية.,https://smarticle.tech/en/article/metaphor-image-and-symbol-as-core-devices-of-poetic-language-202605150210,https://smarticle.tech/ar/article/metaphor-image-and-symbol-as-core-devices-of-poetic-language-202605150210,Poetry,Treasure Island,https://archive.org/details/treasureisland0000unse_k0j8,Treasure Island. by Robert Louis Stevenson. (1880). — Nelson Thornes Ltd. ISBN: 9781975820640,Treasure Island. بقلم Robert Louis Stevenson. (1880). — Nelson Thornes Ltd. ردمك: 9781975820640
"Narrative Theory: Plot Structure, Focalization, and the Narrator",نظرية السرد: بنية الحبكة، التوجيه، والراوي,https://smarticle.tech/en/article/narrative-theory-plot-structure-focalization-and-the-narrator-202605150216,https://smarticle.tech/ar/article/narrative-theory-plot-structure-focalization-and-the-narrator-202605150216,Novels,Jane Eyre,https://archive.org/details/janeeyre0000bron_s6p5,Jane Eyre. by Charlotte Brontë. (1847). — Penguin Global. ISBN: 9798742845652,Jane Eyre. بقلم Charlotte Brontë. (1847). — Penguin Global. ردمك: 9798742845652
"Narrative Theory: Plot Structure, Focalization, and the Narrator",نظرية السرد: بنية الحبكة، التوجيه، والراوي,https://smarticle.tech/en/article/narrative-theory-plot-structure-focalization-and-the-narrator-202605150216,https://smarticle.tech/ar/article/narrative-theory-plot-structure-focalization-and-the-narrator-202605150216,Novels,Συμπόσιον,https://archive.org/details/uvrescompltes42plat,Συμπόσιον. by Πλάτων. (1559). — Libronauta. ISBN: 1549734385,Συμπόσιον. بقلم Πλάτων. (1559). — Libronauta. ردمك: 1549734385
"Narrative Theory: Plot Structure, Focalization, and the Narrator",نظرية السرد: بنية الحبكة، التوجيه، والراوي,https://smarticle.tech/en/article/narrative-theory-plot-structure-focalization-and-the-narrator-202605150216,https://smarticle.tech/ar/article/narrative-theory-plot-structure-focalization-and-the-narrator-202605150216,Novels,La Divina Commedia,https://archive.org/details/commedi03dant,La Divina Commedia. by Dante Alighieri. (1472). — Libreria dell' universita. ISBN: 9788415014973,La Divina Commedia. بقلم Dante Alighieri. (1472). — Libreria dell' universita. ردمك: 9788415014973
"Narrative Theory: Plot Structure, Focalization, and the Narrator",نظرية السرد: بنية الحبكة، التوجيه، والراوي,https://smarticle.tech/en/article/narrative-theory-plot-structure-focalization-and-the-narrator-202605150216,https://smarticle.tech/ar/article/narrative-theory-plot-structure-focalization-and-the-narrator-202605150216,Novels,πολιτεία,https://archive.org/details/republicofplat00plat,πολιτεία. by Πλάτων. (1554). — Limited Editions Club. ISBN: 9781987539806,πολιτεία. بقلم Πλάτων. (1554). — Limited Editions Club. ردمك: 9781987539806
"Narrative Theory: Plot Structure, Focalization, and the Narrator",نظرية السرد: بنية الحبكة، التوجيه، والراوي,https://smarticle.tech/en/article/narrative-theory-plot-structure-focalization-and-the-narrator-202605150216,https://smarticle.tech/ar/article/narrative-theory-plot-structure-focalization-and-the-narrator-202605150216,Novels,The Canterbury Tales,https://archive.org/details/cu31924030286466,"The Canterbury Tales. by Geoffrey Chaucer, John E. Cunningham, Peter Ackroyd. (1478). — Clar. Press. ISBN: 9781461031840",The Canterbury Tales. بقلم Geoffrey Chaucer، John E. Cunningham، Peter Ackroyd. (1478). — Clar. Press. ردمك: 9781461031840
"Narrative Theory: Plot Structure, Focalization, and the Narrator",نظرية السرد: بنية الحبكة، التوجيه، والراوي,https://smarticle.tech/en/article/narrative-theory-plot-structure-focalization-and-the-narrator-202605150216,https://smarticle.tech/ar/article/narrative-theory-plot-structure-focalization-and-the-narrator-202605150216,Novels,Theorie van vertellen en verhalen,https://archive.org/details/narratologyintro0000balm_z4m0,Theorie van vertellen en verhalen. by Mieke Bal. (1985). — University of Toronto Press. ISBN: 0802065570,Theorie van vertellen en verhalen. بقلم Mieke Bal. (1985). — University of Toronto Press. ردمك: 0802065570
"Narrative Theory: Plot Structure, Focalization, and the Narrator",نظرية السرد: بنية الحبكة، التوجيه، والراوي,https://smarticle.tech/en/article/narrative-theory-plot-structure-focalization-and-the-narrator-202605150216,https://smarticle.tech/ar/article/narrative-theory-plot-structure-focalization-and-the-narrator-202605150216,Novels,Narratology,https://openlibrary.org/works/OL21318820W,"Narratology. by Mieke Bal. (2009). — University of Toronto Press, Scholarly Publishing Division. ISBN: 1442628340","Narratology. بقلم Mieke Bal. (2009). — University of Toronto Press, Scholarly Publishing Division. ردمك: 1442628340"
"Narrative Theory: Plot Structure, Focalization, and the Narrator",نظرية السرد: بنية الحبكة، التوجيه، والراوي,https://smarticle.tech/en/article/narrative-theory-plot-structure-focalization-and-the-narrator-202605150216,https://smarticle.tech/ar/article/narrative-theory-plot-structure-focalization-and-the-narrator-202605150216,Novels,Information Control in Film Narrative －The Focalization and Plot of Christopher Nolan’s Following(1998)－,https://doi.org/10.17947/kfa..58.201312.014,"Chang, Woojin. ""Information Control in Film Narrative －The Focalization and Plot of Christopher Nolan’s Following(1998)－"". crossref, 2013.","تشانغ، وو جين. ""الرقابة على المعلومات في السرد السينمائي －الت concentrazione وال Loveكة في فيلم ""التتبع"" (1998) للكريستوفر نولان－"". كروسريف، 2013."
"Narrative Theory: Plot Structure, Focalization, and the Narrator",نظرية السرد: بنية الحبكة، التوجيه، والراوي,https://smarticle.tech/en/article/narrative-theory-plot-structure-focalization-and-the-narrator-202605150216,https://smarticle.tech/ar/article/narrative-theory-plot-structure-focalization-and-the-narrator-202605150216,Novels,"CHAPTER 4 “Narrator as Focalizer”, and “Dual Focalization”: Phelan’s Theory of Focalization 155",https://doi.org/10.3726/978-3-0351-0330-4/7,"Phelan. ""CHAPTER 4 “Narrator as Focalizer”, and “Dual Focalization”: Phelan’s Theory of Focalization"". crossref, 2013.","فيلان. ""الفصل الرابع: ""السارد بصفته مركز الرؤية""، و""الت concentrazione المزدوجة"": نظرية فيلان في الت concentrazione"". كروسريف، 2013."
"Narrative Theory: Plot Structure, Focalization, and the Narrator",نظرية السرد: بنية الحبكة، التوجيه، والراوي,https://smarticle.tech/en/article/narrative-theory-plot-structure-focalization-and-the-narrator-202605150216,https://smarticle.tech/ar/article/narrative-theory-plot-structure-focalization-and-the-narrator-202605150216,Novels,6 The Visual Narrator and Visual Focalization,https://doi.org/10.3138/9781442665576-009,"Jahn, R. ""The Visual Narrator and Visual Focalization"". *crossref*, 2009.","يان، ر. ""السارد البصري والت concentrazione البصري"". *كروسريف*، 2009."
Character Development in Fiction: Psychological Depth and Archetype,تطوير الشخصية في الأدب: العمق النفسي والنموذج الأصلي.,https://smarticle.tech/en/article/character-development-in-fiction-psychological-depth-and-archetype-202605181149,https://smarticle.tech/ar/article/character-development-in-fiction-psychological-depth-and-archetype-202605181149,Novels,Pride and Prejudice,https://archive.org/details/bwb_KS-179-237,Pride and Prejudice. by Jane Austen. (1813). — Hoffmann und Campe. ISBN: 9798468743546,Pride and Prejudice. بقلم Jane Austen. (1813). — Hoffmann und Campe. ردمك: 9798468743546
Character Development in Fiction: Psychological Depth and Archetype,تطوير الشخصية في الأدب: العمق النفسي والنموذج الأصلي.,https://smarticle.tech/en/article/character-development-in-fiction-psychological-depth-and-archetype-202605181149,https://smarticle.tech/ar/article/character-development-in-fiction-psychological-depth-and-archetype-202605181149,Novels,Metamorphosis,https://archive.org/details/lamtamorphosedes0000fran,Metamorphosis. by Franz Kafka. (1915). — Philipp Reclam jun. Stuttgart. ISBN: 0553210424,Metamorphosis. بقلم Franz Kafka. (1915). — Philipp Reclam jun. Stuttgart. ردمك: 0553210424
Character Development in Fiction: Psychological Depth and Archetype,تطوير الشخصية في الأدب: العمق النفسي والنموذج الأصلي.,https://smarticle.tech/en/article/character-development-in-fiction-psychological-depth-and-archetype-202605181149,https://smarticle.tech/ar/article/character-development-in-fiction-psychological-depth-and-archetype-202605181149,Novels,Wuthering Heights,https://archive.org/details/wutheringheights0000kesh,Wuthering Heights. by Emily Brontë. (1846). — Modern Library / Random House. ISBN: 1973405415,Wuthering Heights. بقلم Emily Brontë. (1846). — Modern Library / Random House. ردمك: 1973405415
Character Development in Fiction: Psychological Depth and Archetype,تطوير الشخصية في الأدب: العمق النفسي والنموذج الأصلي.,https://smarticle.tech/en/article/character-development-in-fiction-psychological-depth-and-archetype-202605181149,https://smarticle.tech/ar/article/character-development-in-fiction-psychological-depth-and-archetype-202605181149,Novels,A Christmas Carol,https://archive.org/details/bwb_P9-DBH-599,A Christmas Carol. by Charles Dickens. (1843). — J. B. Lippincott Company. ISBN: 1701785331,A Christmas Carol. بقلم Charles Dickens. (1843). — J. B. Lippincott Company. ردمك: 1701785331
Character Development in Fiction: Psychological Depth and Archetype,تطوير الشخصية في الأدب: العمق النفسي والنموذج الأصلي.,https://smarticle.tech/en/article/character-development-in-fiction-psychological-depth-and-archetype-202605181149,https://smarticle.tech/ar/article/character-development-in-fiction-psychological-depth-and-archetype-202605181149,Novels,Adventures of Huckleberry Finn,https://archive.org/details/adventuresofhuck0000mark_x8i9,Adventures of Huckleberry Finn. by Mark Twain. (1876). — Scholastic Book Services. ISBN: 9783791535654,Adventures of Huckleberry Finn. بقلم Mark Twain. (1876). — Scholastic Book Services. ردمك: 9783791535654
Character Development in Fiction: Psychological Depth and Archetype,تطوير الشخصية في الأدب: العمق النفسي والنموذج الأصلي.,https://smarticle.tech/en/article/character-development-in-fiction-psychological-depth-and-archetype-202605181149,https://smarticle.tech/ar/article/character-development-in-fiction-psychological-depth-and-archetype-202605181149,Novels,Frankenstein or The Modern Prometheus,https://archive.org/details/frankensteinormo00shel_8,Frankenstein or The Modern Prometheus. by Mary Shelley. (1818). — Race Point Publishing. ISBN: 9780590015530,Frankenstein or The Modern Prometheus. بقلم Mary Shelley. (1818). — Race Point Publishing. ردمك: 9780590015530
Character Development in Fiction: Psychological Depth and Archetype,تطوير الشخصية في الأدب: العمق النفسي والنموذج الأصلي.,https://smarticle.tech/en/article/character-development-in-fiction-psychological-depth-and-archetype-202605181149,https://smarticle.tech/ar/article/character-development-in-fiction-psychological-depth-and-archetype-202605181149,Novels,The Scarlet Letter,https://archive.org/details/scarletletter0000nath_g4v2,The Scarlet Letter. by Nathaniel Hawthorne. (1800). — Ohio State University Press. ISBN: 1466308443,The Scarlet Letter. بقلم Nathaniel Hawthorne. (1800). — Ohio State University Press. ردمك: 1466308443
Character Development in Fiction: Psychological Depth and Archetype,تطوير الشخصية في الأدب: العمق النفسي والنموذج الأصلي.,https://smarticle.tech/en/article/character-development-in-fiction-psychological-depth-and-archetype-202605181149,https://smarticle.tech/ar/article/character-development-in-fiction-psychological-depth-and-archetype-202605181149,Novels,Robinson Crusoe,https://archive.org/details/robinsoncrusoe0000dani_p7p6,"Robinson Crusoe. by Daniel Defoe, J. J. Grandville, Petrus Borel. (1686). — Henry Altemus. ISBN: 9798462647819",Robinson Crusoe. بقلم Daniel Defoe، J. J. Grandville، Petrus Borel. (1686). — Henry Altemus. ردمك: 9798462647819
"The Novel as a Genre: Origins, Social Function, and Evolution",الرواية كنوع أدبي: الأصول، الوظيفة الاجتماعية، والتطور.,https://smarticle.tech/en/article/the-novel-as-a-genre-origins-social-function-and-evolution-202605181159,https://smarticle.tech/ar/article/the-novel-as-a-genre-origins-social-function-and-evolution-202605181159,Novels,Aspects of the novel,https://www.gutenberg.org/ebooks/70492,"Aspects of the novel. by Forster, E. M. (Edward Morgan). — Project Gutenberg","Aspects of the novel. بقلم Forster, E. M. (Edward Morgan). — Project Gutenberg"
"The Novel as a Genre: Origins, Social Function, and Evolution",الرواية كنوع أدبي: الأصول، الوظيفة الاجتماعية، والتطور.,https://smarticle.tech/en/article/the-novel-as-a-genre-origins-social-function-and-evolution-202605181159,https://smarticle.tech/ar/article/the-novel-as-a-genre-origins-social-function-and-evolution-202605181159,Novels,The Picture of Dorian Gray,https://archive.org/details/pictureofdoriang00wild_5,The Picture of Dorian Gray. by Oscar Wilde. (1890). — Costa Books. ISBN: 1986907732,The Picture of Dorian Gray. بقلم Oscar Wilde. (1890). — Costa Books. ردمك: 1986907732
"The Novel as a Genre: Origins, Social Function, and Evolution",الرواية كنوع أدبي: الأصول، الوظيفة الاجتماعية، والتطور.,https://smarticle.tech/en/article/the-novel-as-a-genre-origins-social-function-and-evolution-202605181159,https://smarticle.tech/ar/article/the-novel-as-a-genre-origins-social-function-and-evolution-202605181159,Novels,Wuthering Heights,https://archive.org/details/wutheringheights0000kesh,Wuthering Heights. by Emily Brontë. (1846). — Naxos of America. ISBN: 0531004287,Wuthering Heights. بقلم Emily Brontë. (1846). — Naxos of America. ردمك: 0531004287
"The Novel as a Genre: Origins, Social Function, and Evolution",الرواية كنوع أدبي: الأصول، الوظيفة الاجتماعية، والتطور.,https://smarticle.tech/en/article/the-novel-as-a-genre-origins-social-function-and-evolution-202605181159,https://smarticle.tech/ar/article/the-novel-as-a-genre-origins-social-function-and-evolution-202605181159,Novels,Les Trois Mousquetaires,https://archive.org/details/cu31924011053737,"Les Trois Mousquetaires. by Alexandre Dumas, Auguste Maquet. (1844). — Modern Library. ISBN: 9798460535743",Les Trois Mousquetaires. بقلم Alexandre Dumas، Auguste Maquet. (1844). — Modern Library. ردمك: 9798460535743
"The Novel as a Genre: Origins, Social Function, and Evolution",الرواية كنوع أدبي: الأصول، الوظيفة الاجتماعية، والتطور.,https://smarticle.tech/en/article/the-novel-as-a-genre-origins-social-function-and-evolution-202605181159,https://smarticle.tech/ar/article/the-novel-as-a-genre-origins-social-function-and-evolution-202605181159,Novels,The Strange Case of Dr. Jekyll and Mr. Hyde,https://archive.org/details/isbn_9781453090473,The Strange Case of Dr. Jekyll and Mr. Hyde. by Robert Louis Stevenson. (1875). — Hachette Children's Group. ISBN: 1354290720,The Strange Case of Dr. Jekyll and Mr. Hyde. بقلم Robert Louis Stevenson. (1875). — Hachette Children's Group. ردمك: 1354290720
"The Novel as a Genre: Origins, Social Function, and Evolution",الرواية كنوع أدبي: الأصول، الوظيفة الاجتماعية، والتطور.,https://smarticle.tech/en/article/the-novel-as-a-genre-origins-social-function-and-evolution-202605181159,https://smarticle.tech/ar/article/the-novel-as-a-genre-origins-social-function-and-evolution-202605181159,Novels,King Solomon's Mines,https://archive.org/details/kingsolomonsmnes0000hrid,King Solomon's Mines. by H. Rider Haggard. (1880). ISBN: 0241337666,King Solomon's Mines. بقلم H. Rider Haggard. (1880). ردمك: 0241337666
"The Novel as a Genre: Origins, Social Function, and Evolution",الرواية كنوع أدبي: الأصول، الوظيفة الاجتماعية، والتطور.,https://smarticle.tech/en/article/the-novel-as-a-genre-origins-social-function-and-evolution-202605181159,https://smarticle.tech/ar/article/the-novel-as-a-genre-origins-social-function-and-evolution-202605181159,Novels,The Blue Castle: a novel,https://www.gutenberg.org/ebooks/67979,"The Blue Castle: a novel. by Montgomery, L. M. (Lucy Maud). — Project Gutenberg","The Blue Castle: a novel. بقلم Montgomery, L. M. (Lucy Maud). — Project Gutenberg"
"The Novel as a Genre: Origins, Social Function, and Evolution",الرواية كنوع أدبي: الأصول، الوظيفة الاجتماعية، والتطور.,https://smarticle.tech/en/article/the-novel-as-a-genre-origins-social-function-and-evolution-202605181159,https://smarticle.tech/ar/article/the-novel-as-a-genre-origins-social-function-and-evolution-202605181159,Novels,The Romance of Lust: A classic Victorian erotic novel,https://www.gutenberg.org/ebooks/30254,The Romance of Lust: A classic Victorian erotic novel. by Anonymous. — Project Gutenberg,The Romance of Lust: A classic Victorian erotic novel. بقلم Anonymous. — Project Gutenberg
"The Novel as a Genre: Origins, Social Function, and Evolution",الرواية كنوع أدبي: الأصول، الوظيفة الاجتماعية، والتطور.,https://smarticle.tech/en/article/the-novel-as-a-genre-origins-social-function-and-evolution-202605181159,https://smarticle.tech/ar/article/the-novel-as-a-genre-origins-social-function-and-evolution-202605181159,Novels,Genre and Political Transition: The Problematic of the Collective Novel in Norman Mailer's<i>The Armies of the Night: History as a Novel; The Novel as,https://doi.org/10.1215/00166928-1001130,"Irom, Bimbisar. ""Genre and Political Transition: The Problematic of the Collective Novel in Norman Mailer's *The Armies of the Night: History as a Novel; The Novel as History*"". crossref, 2011.","إيروم، بيمبيسار. ""الجنس والانتقال السياسي: إشكالية الرواية الجماعية في أعمال نورمان ميلر *جيوش الليل: التاريخ كرواية؛ الرواية كتاريخ*"". كروسريف، 2011."
"The Novel as a Genre: Origins, Social Function, and Evolution",الرواية كنوع أدبي: الأصول، الوظيفة الاجتماعية، والتطور.,https://smarticle.tech/en/article/the-novel-as-a-genre-origins-social-function-and-evolution-202605181159,https://smarticle.tech/ar/article/the-novel-as-a-genre-origins-social-function-and-evolution-202605181159,Novels,The Historical Novel?:,https://doi.org/10.2307/j.ctv36xvrdr.15,"Martin Ryle. ""The Historical Novel?"". crossref, 2006.","مارتن رايل. ""الرواية التاريخية؟"". كروسريف، 2006."
Theatrical Tragedy: Aristotle's Poetics and the Tragic Form,المأساة المسرحية: شعر أرسطو والشكل المأساوي,https://smarticle.tech/en/article/theatrical-tragedy-aristotle-s-poetics-and-the-tragic-form-202605181211,https://smarticle.tech/ar/article/theatrical-tragedy-aristotle-s-poetics-and-the-tragic-form-202605181211,Theater,Die Geburt der Tragödie,https://archive.org/details/thebirthoftraged00nietuoft,Die Geburt der Tragödie. by Friedrich Nietzsche. (1872). — Penguin Classics. ISBN: 9783458327127,Die Geburt der Tragödie. بقلم Friedrich Nietzsche. (1872). — Penguin Classics. ردمك: 9783458327127
Theatrical Tragedy: Aristotle's Poetics and the Tragic Form,المأساة المسرحية: شعر أرسطو والشكل المأساوي,https://smarticle.tech/en/article/theatrical-tragedy-aristotle-s-poetics-and-the-tragic-form-202605181211,https://smarticle.tech/ar/article/theatrical-tragedy-aristotle-s-poetics-and-the-tragic-form-202605181211,Theater,The Works Of Thomas De Quincey,https://archive.org/details/worksofthomasdeq04dequ,"The Works Of Thomas De Quincey. by Thomas De Quincey. (1862). — Kessinger Publishing, LLC. ISBN: 9780548101223","The Works Of Thomas De Quincey. بقلم Thomas De Quincey. (1862). — Kessinger Publishing, LLC. ردمك: 9780548101223"
Theatrical Tragedy: Aristotle's Poetics and the Tragic Form,المأساة المسرحية: شعر أرسطو والشكل المأساوي,https://smarticle.tech/en/article/theatrical-tragedy-aristotle-s-poetics-and-the-tragic-form-202605181211,https://smarticle.tech/ar/article/theatrical-tragedy-aristotle-s-poetics-and-the-tragic-form-202605181211,Theater,The Merchant of Venice,https://archive.org/details/mercaderdevenecia_1810_librivox,The Merchant of Venice. by William Shakespeare. (1600). — Printed at the Chiswick Press. ISBN: 9035108310,The Merchant of Venice. بقلم William Shakespeare. (1600). — Printed at the Chiswick Press. ردمك: 9035108310
Theatrical Tragedy: Aristotle's Poetics and the Tragic Form,المأساة المسرحية: شعر أرسطو والشكل المأساوي,https://smarticle.tech/en/article/theatrical-tragedy-aristotle-s-poetics-and-the-tragic-form-202605181211,https://smarticle.tech/ar/article/theatrical-tragedy-aristotle-s-poetics-and-the-tragic-form-202605181211,Theater,Hamlet,https://archive.org/details/hamlet0000will_a9x5,Hamlet. by William Shakespeare. (1603). — D. C. Heath & co.. ISBN: 9944184101,Hamlet. بقلم William Shakespeare. (1603). — D. C. Heath & co.. ردمك: 9944184101
Theatrical Tragedy: Aristotle's Poetics and the Tragic Form,المأساة المسرحية: شعر أرسطو والشكل المأساوي,https://smarticle.tech/en/article/theatrical-tragedy-aristotle-s-poetics-and-the-tragic-form-202605181211,https://smarticle.tech/ar/article/theatrical-tragedy-aristotle-s-poetics-and-the-tragic-form-202605181211,Theater,King Lear,https://archive.org/details/bwb_O8-BXS-912,King Lear. by William Shakespeare. (1608). — Macmillan Education UK. ISBN: 0143128558,King Lear. بقلم William Shakespeare. (1608). — Macmillan Education UK. ردمك: 0143128558
Theatrical Tragedy: Aristotle's Poetics and the Tragic Form,المأساة المسرحية: شعر أرسطو والشكل المأساوي,https://smarticle.tech/en/article/theatrical-tragedy-aristotle-s-poetics-and-the-tragic-form-202605181211,https://smarticle.tech/ar/article/theatrical-tragedy-aristotle-s-poetics-and-the-tragic-form-202605181211,Theater,Palaia diaphora – an “old quarrel” between philosophical theory and tragedy,https://doi.org/10.4324/9781315640198-2,"Palaia diaphora – an “old quarrel” between philosophical theory and tragedy. *crossref*, 2016.","النصوص: 1. ""پالايا ديافورا"" – نزاع ""قديم"" بين النظرية الفلسفية والمأساة. *Crossref*، 2016."
"Dramaturgy and Stage Direction: Script, Space, and Performance",الدراما والإخراج المسرحي: النص، الفضاء، والأداء,https://smarticle.tech/en/article/dramaturgy-and-stage-direction-script-space-and-performance-202605181219,https://smarticle.tech/ar/article/dramaturgy-and-stage-direction-script-space-and-performance-202605181219,Theater,Hamlet,https://archive.org/details/hamlet0000will_a9x5,Hamlet. by William Shakespeare. (1603). — Ediciones Teatro Clásico de México. ISBN: 1522074422,Hamlet. بقلم William Shakespeare. (1603). — Ediciones Teatro Clásico de México. ردمك: 1522074422
"Dramaturgy and Stage Direction: Script, Space, and Performance",الدراما والإخراج المسرحي: النص، الفضاء، والأداء,https://smarticle.tech/en/article/dramaturgy-and-stage-direction-script-space-and-performance-202605181219,https://smarticle.tech/ar/article/dramaturgy-and-stage-direction-script-space-and-performance-202605181219,Theater,King Lear,https://archive.org/details/bwb_O8-BXS-912,King Lear. by William Shakespeare. (1608). — Printed for Richard Wellington .... ISBN: 0521012368,King Lear. بقلم William Shakespeare. (1608). — Printed for Richard Wellington .... ردمك: 0521012368
"Dramaturgy and Stage Direction: Script, Space, and Performance",الدراما والإخراج المسرحي: النص، الفضاء، والأداء,https://smarticle.tech/en/article/dramaturgy-and-stage-direction-script-space-and-performance-202605181219,https://smarticle.tech/ar/article/dramaturgy-and-stage-direction-script-space-and-performance-202605181219,Theater,Macbeth,https://archive.org/details/macbethfacsimile0000will,Macbeth. by William Shakespeare. (1508). — Nelson Thornes Ltd. ISBN: 9781536969078,Macbeth. بقلم William Shakespeare. (1508). — Nelson Thornes Ltd. ردمك: 9781536969078
"Dramaturgy and Stage Direction: Script, Space, and Performance",الدراما والإخراج المسرحي: النص، الفضاء، والأداء,https://smarticle.tech/en/article/dramaturgy-and-stage-direction-script-space-and-performance-202605181219,https://smarticle.tech/ar/article/dramaturgy-and-stage-direction-script-space-and-performance-202605181219,Theater,A Midsummer Night's Dream,https://archive.org/details/variorumshakespe0010unse,"A Midsummer Night's Dream. by William Shakespeare. (1600). — Houghton, Mifflin & Company]. ISBN: 9780521624886","A Midsummer Night's Dream. بقلم William Shakespeare. (1600). — Houghton, Mifflin & Company]. ردمك: 9780521624886"
"Dramaturgy and Stage Direction: Script, Space, and Performance",الدراما والإخراج المسرحي: النص، الفضاء، والأداء,https://smarticle.tech/en/article/dramaturgy-and-stage-direction-script-space-and-performance-202605181219,https://smarticle.tech/ar/article/dramaturgy-and-stage-direction-script-space-and-performance-202605181219,Theater,Julius Caesar,https://archive.org/details/shakespeare-giulio-cesare-angeli,Julius Caesar. by William Shakespeare. (1656). — The Gawthorn Press. ISBN: 188556404X,Julius Caesar. بقلم William Shakespeare. (1656). — The Gawthorn Press. ردمك: 188556404X
"Dramaturgy and Stage Direction: Script, Space, and Performance",الدراما والإخراج المسرحي: النص، الفضاء، والأداء,https://smarticle.tech/en/article/dramaturgy-and-stage-direction-script-space-and-performance-202605181219,https://smarticle.tech/ar/article/dramaturgy-and-stage-direction-script-space-and-performance-202605181219,Theater,The Taming of the Shrew,https://archive.org/details/bwb_TX-532-744,"The Taming of the Shrew. by William Shakespeare. (1631). — printed for J. Tonson, and the rest of the proprietors; and sold by the booksellers of London and Westminster. ISBN: 9781536894387","The Taming of the Shrew. بقلم William Shakespeare. (1631). — printed for J. Tonson, and the rest of the proprietors; and sold by the booksellers of London and Westminster. ردمك: 9781536894387"
"Dramaturgy and Stage Direction: Script, Space, and Performance",الدراما والإخراج المسرحي: النص، الفضاء، والأداء,https://smarticle.tech/en/article/dramaturgy-and-stage-direction-script-space-and-performance-202605181219,https://smarticle.tech/ar/article/dramaturgy-and-stage-direction-script-space-and-performance-202605181219,Theater,"Shakespearean staging, 1599-1642",https://archive.org/details/shakespeareansta0000king,"Shakespearean staging, 1599-1642. by Thomas James King. (1971). — Harvard University Press. ISBN: 9780674804906","Shakespearean staging, 1599-1642. بقلم Thomas James King. (1971). — Harvard University Press. ردمك: 9780674804906"
"Dramaturgy and Stage Direction: Script, Space, and Performance",الدراما والإخراج المسرحي: النص، الفضاء، والأداء,https://smarticle.tech/en/article/dramaturgy-and-stage-direction-script-space-and-performance-202605181219,https://smarticle.tech/ar/article/dramaturgy-and-stage-direction-script-space-and-performance-202605181219,Theater,Dramaturgy of Migration,https://openlibrary.org/works/OL25325014W,"Dramaturgy of Migration. by Yana Meerzon, Katharina Pewny. (2019). — Taylor & Francis Group. ISBN: 9781351270267",Dramaturgy of Migration. بقلم Yana Meerzon، Katharina Pewny. (2019). — Taylor & Francis Group. ردمك: 9781351270267
Comedy in Theater: Comic Modes from Aristophanes to Absurdist Drama,الكوميديا في المسرح: أنماط هزلية من أريستوفانيس إلى الدراما العبثية.,https://smarticle.tech/en/article/comedy-in-theater-comic-modes-from-aristophanes-to-absurdist-drama-202605181227,https://smarticle.tech/ar/article/comedy-in-theater-comic-modes-from-aristophanes-to-absurdist-drama-202605181227,Theater,Les masques et les personnages de la comédie italienne,https://openlibrary.org/works/OL38785985W,Les masques et les personnages de la comédie italienne. by Marie de Régnier. (1914). — Journal des dames et des modes,Les masques et les personnages de la comédie italienne. بقلم Marie de Régnier. (1914). — Journal des dames et des modes
Comedy in Theater: Comic Modes from Aristophanes to Absurdist Drama,الكوميديا في المسرح: أنماط هزلية من أريستوفانيس إلى الدراما العبثية.,https://smarticle.tech/en/article/comedy-in-theater-comic-modes-from-aristophanes-to-absurdist-drama-202605181227,https://smarticle.tech/ar/article/comedy-in-theater-comic-modes-from-aristophanes-to-absurdist-drama-202605181227,Theater,Taking Comedy Seriously,https://doi.org/10.1093/oxfordhb/9780190072742.013.22,"Gitre, Carmen. ""Taking Comedy Seriously"". *Oxford Research Encyclopedia of Literature*, 2024.","غيتر، كارمن. ""أخذ الكوميديا على محمل الجد"". *موسوعة أوكسفورد للأدب*، 2024."
Comedy in Theater: Comic Modes from Aristophanes to Absurdist Drama,الكوميديا في المسرح: أنماط هزلية من أريستوفانيس إلى الدراما العبثية.,https://smarticle.tech/en/article/comedy-in-theater-comic-modes-from-aristophanes-to-absurdist-drama-202605181227,https://smarticle.tech/ar/article/comedy-in-theater-comic-modes-from-aristophanes-to-absurdist-drama-202605181227,Theater,Comic Angels and Other Approaches to Greek Drama through Vase-Paintings,https://doi.org/10.2307/4351629,"Olson, Douglas, and Oliver Taplin. ""Comic Angels and Other Approaches to Greek Drama through Vase-Paintings"". *crossref*, 1994.","أولسون، دوغلاس، وتاپلين، أوليڤر. ""ملائكة الكوميديا والمناهج الأخرى للدراما الإغريقية من خلال لوحات الفخار"". *كروسرف*، 1994."
Comedy in Theater: Comic Modes from Aristophanes to Absurdist Drama,الكوميديا في المسرح: أنماط هزلية من أريستوفانيس إلى الدراما العبثية.,https://smarticle.tech/en/article/comedy-in-theater-comic-modes-from-aristophanes-to-absurdist-drama-202605181227,https://smarticle.tech/ar/article/comedy-in-theater-comic-modes-from-aristophanes-to-absurdist-drama-202605181227,Theater,Comic Drama,https://doi.org/10.1163/1877-5888_rpp_com_12040,"Howarth, W. D. ""Comic Drama"". crossref, 2022.","هوارث، دبليو. د. ""الدراما الكوميدية"". *كروسرف*، 2022."
Comedy in Theater: Comic Modes from Aristophanes to Absurdist Drama,الكوميديا في المسرح: أنماط هزلية من أريستوفانيس إلى الدراما العبثية.,https://smarticle.tech/en/article/comedy-in-theater-comic-modes-from-aristophanes-to-absurdist-drama-202605181227,https://smarticle.tech/ar/article/comedy-in-theater-comic-modes-from-aristophanes-to-absurdist-drama-202605181227,Theater,"Plautus, comic playwright",https://doi.org/10.1093/acrefore/9780199381135.013.5127,"Barbiero, Emilia A. ""Plautus, comic playwright"". Oxford Research Encyclopedia of Classics, 2016.","باربيرو، إميليا أ. ""بلوتوس، الكاتب الكوميدي"". *موسوعة أوكسفورد للدراسات الكلاسيكية*، 2016."
Comedy in Theater: Comic Modes from Aristophanes to Absurdist Drama,الكوميديا في المسرح: أنماط هزلية من أريستوفانيس إلى الدراما العبثية.,https://smarticle.tech/en/article/comedy-in-theater-comic-modes-from-aristophanes-to-absurdist-drama-202605181227,https://smarticle.tech/ar/article/comedy-in-theater-comic-modes-from-aristophanes-to-absurdist-drama-202605181227,Theater,The Comic Body in Greek Art and Drama,https://doi.org/10.1163/9789004493742_015,"Helene P. Foley. ""The Comic Body in Greek Art and Drama"". crossref, 2000.","فولي، هيلين پي. ""الجسد الكوميدي في الفن والدراما الإغريقيين"". *كروسرف*، 2000."
Comedy in Theater: Comic Modes from Aristophanes to Absurdist Drama,الكوميديا في المسرح: أنماط هزلية من أريستوفانيس إلى الدراما العبثية.,https://smarticle.tech/en/article/comedy-in-theater-comic-modes-from-aristophanes-to-absurdist-drama-202605181227,https://smarticle.tech/ar/article/comedy-in-theater-comic-modes-from-aristophanes-to-absurdist-drama-202605181227,Theater,Medieval comic traditions and the beginnings of English comedy,https://doi.org/10.4324/9781003269496-2,"Wickham, Glynne. ""Medieval comic traditions and the beginnings of English comedy"". crossref, 2022.","ويكهام، غلين. ""التقاليد الكوميدية في العصور الوسطى وبدايات الكوميديا الإنجليزية"". *كروسرف*، 2022."
Comedy in Theater: Comic Modes from Aristophanes to Absurdist Drama,الكوميديا في المسرح: أنماط هزلية من أريستوفانيس إلى الدراما العبثية.,https://smarticle.tech/en/article/comedy-in-theater-comic-modes-from-aristophanes-to-absurdist-drama-202605181227,https://smarticle.tech/ar/article/comedy-in-theater-comic-modes-from-aristophanes-to-absurdist-drama-202605181227,Theater,"Comic Angels - Oliver Taplin: Comic Angels and other Approaches to Greek Drama through Vase-Painting. Pp. xii+129; 24 plates, 1 map, 3 line drawings.",https://doi.org/10.1017/s0009840x00288768,"Wilkins, John. ""Comic Angels - Oliver Taplin: Comic Angels and other Approaches to Greek Drama through Vase-Painting"". *Crossref*, 1994.","ويلكينز، جون. ""ملائكة الكوميديا - أوليڤر تپلين: ملائكة الكوميديا والمناهج الأخرى للدراما الإغريقية من خلال لوحات الفخار"". *كروسرف*، 1994."
Comedy in Theater: Comic Modes from Aristophanes to Absurdist Drama,الكوميديا في المسرح: أنماط هزلية من أريستوفانيس إلى الدراما العبثية.,https://smarticle.tech/en/article/comedy-in-theater-comic-modes-from-aristophanes-to-absurdist-drama-202605181227,https://smarticle.tech/ar/article/comedy-in-theater-comic-modes-from-aristophanes-to-absurdist-drama-202605181227,Theater,"Aristophanes fr.581, from Seasons",https://doi.org/10.1093/oseo/instance.00232791,"Aristophanes. ""Aristophanes fr.581, from Seasons"". crossref, 2018.","أريستوفان. ""أريستوفان،Fragment 581، من *الفصول*"". *كروسرف*، 2018."
"Musicology: Harmony, Counterpoint, and the Theory of Musical Structure",علم الموسيقى: التناغم، التناظر، ونظرية البنية الموسيقية.,https://smarticle.tech/en/article/musicology-harmony-counterpoint-and-the-theory-of-musical-structure-202605181236,https://smarticle.tech/ar/article/musicology-harmony-counterpoint-and-the-theory-of-musical-structure-202605181236,Music,Concepts and Images: Vol. 1,https://openlibrary.org/works/OL8532990W,Concepts and Images: Vol. 1. by Arthur Loeb. (1992). — Birkhäuser Boston. ISBN: 081763620X,Concepts and Images: Vol. 1. بقلم Arthur Loeb. (1992). — Birkhäuser Boston. ردمك: 081763620X
"Musicology: Harmony, Counterpoint, and the Theory of Musical Structure",علم الموسيقى: التناغم، التناظر، ونظرية البنية الموسيقية.,https://smarticle.tech/en/article/musicology-harmony-counterpoint-and-the-theory-of-musical-structure-202605181236,https://smarticle.tech/ar/article/musicology-harmony-counterpoint-and-the-theory-of-musical-structure-202605181236,Music,Graduate review of tonal theory,https://archive.org/details/graduatereviewof0000lait,Graduate review of tonal theory. by Steven G. Laitz. (2010). — University Press. ISBN: 9780195376982,Graduate review of tonal theory. بقلم Steven G. Laitz. (2010). — University Press. ردمك: 9780195376982
"Musicology: Harmony, Counterpoint, and the Theory of Musical Structure",علم الموسيقى: التناغم، التناظر، ونظرية البنية الموسيقية.,https://smarticle.tech/en/article/musicology-harmony-counterpoint-and-the-theory-of-musical-structure-202605181236,https://smarticle.tech/ar/article/musicology-harmony-counterpoint-and-the-theory-of-musical-structure-202605181236,Music,Student Workbook To Accompany Graduate Review Of Tonal Theory A Recasting Of Commonpractice Harmony Form And Counterpoint,https://openlibrary.org/works/OL17419181W,Student Workbook To Accompany Graduate Review Of Tonal Theory A Recasting Of Commonpractice Harmony Form And Counterpoint. by Christopher Bartlette. (2009). — Oxford University Press. ISBN: 0195376994,Student Workbook To Accompany Graduate Review Of Tonal Theory A Recasting Of Commonpractice Harmony Form And Counterpoint. بقلم Christopher Bartlette. (2009). — Oxford University Press. ردمك: 0195376994
"Musicology: Harmony, Counterpoint, and the Theory of Musical Structure",علم الموسيقى: التناغم، التناظر، ونظرية البنية الموسيقية.,https://smarticle.tech/en/article/musicology-harmony-counterpoint-and-the-theory-of-musical-structure-202605181236,https://smarticle.tech/ar/article/musicology-harmony-counterpoint-and-the-theory-of-musical-structure-202605181236,Music,"Gradus: An Integrated Approach to Harmony, Counterpoint, and Analysis",https://doi.org/10.2307/843688,"Gauldin, Robert, and Leo Kraft. ""Gradus: An Integrated Approach to Harmony, Counterpoint, and Analysis"". crossref, 1976.","غولدن، روبرت، وليو كرافت. ""غرادوس: نهج متكامل في التناغم، والتcounterpoint، والتحليل"". كروسريف، 1976."
"Musicology: Harmony, Counterpoint, and the Theory of Musical Structure",علم الموسيقى: التناغم، التناظر، ونظرية البنية الموسيقية.,https://smarticle.tech/en/article/musicology-harmony-counterpoint-and-the-theory-of-musical-structure-202605181236,https://smarticle.tech/ar/article/musicology-harmony-counterpoint-and-the-theory-of-musical-structure-202605181236,Music,"A Text-Book of Harmony, Two-Part Counterpoint, Elementary Composition, and Form",https://doi.org/10.2307/3364554,"Perry, G. A. ""A Text-Book of Harmony, Two-Part Counterpoint, Elementary Composition, and Form"". crossref, 1890.","بيري، ج. أ. ""كتاب مدرسي في التناغم، والتcounterpoint ثنائي، والتأليف الموسيقي الأولي، والشكل"". كروسريف، 1890."
"Musicology: Harmony, Counterpoint, and the Theory of Musical Structure",علم الموسيقى: التناغم، التناظر، ونظرية البنية الموسيقية.,https://smarticle.tech/en/article/musicology-harmony-counterpoint-and-the-theory-of-musical-structure-202605181236,https://smarticle.tech/ar/article/musicology-harmony-counterpoint-and-the-theory-of-musical-structure-202605181236,Music,Space structures: their harmony and counterpoint,https://doi.org/10.1016/0022-2860(79)80176-3,"Space structures: their harmony and counterpoint. *crossref*, 1979.",الهياكل الفضائية: تناغمها والتcounterpoint فيها. *كروسريف*، 1979.
"Musicology: Harmony, Counterpoint, and the Theory of Musical Structure",علم الموسيقى: التناغم، التناظر، ونظرية البنية الموسيقية.,https://smarticle.tech/en/article/musicology-harmony-counterpoint-and-the-theory-of-musical-structure-202605181236,https://smarticle.tech/ar/article/musicology-harmony-counterpoint-and-the-theory-of-musical-structure-202605181236,Music,Licentious Harmony and Counterpoint in Porter’s “Love for Sale”,https://doi.org/10.5406/illinois/9780252040092.003.0011,"Buchler, Michael. ""Licentious Harmony and Counterpoint in Porter’s “Love for Sale”"". *crossref*, 2017.","بوكلر، مايكل. ""التناغم والتcounterpoint اللامباليان في ""حب للبيع"" لبورتر"". *كروسريف*، 2017."
"Musicology: Harmony, Counterpoint, and the Theory of Musical Structure",علم الموسيقى: التناغم، التناظر، ونظرية البنية الموسيقية.,https://smarticle.tech/en/article/musicology-harmony-counterpoint-and-the-theory-of-musical-structure-202605181236,https://smarticle.tech/ar/article/musicology-harmony-counterpoint-and-the-theory-of-musical-structure-202605181236,Music,Harmony and Counterpoint: Their Place in Music,https://doi.org/10.2307/910748,"Fielden, Thomas. ""Harmony and Counterpoint: Their Place in Music"". crossref, 1915.","فيلدن، توماس. ""التناغم والتcounterpoint: مكانتهما في الموسيقى"". كروسريف، 1915."
"Musicology: Harmony, Counterpoint, and the Theory of Musical Structure",علم الموسيقى: التناغم، التناظر، ونظرية البنية الموسيقية.,https://smarticle.tech/en/article/musicology-harmony-counterpoint-and-the-theory-of-musical-structure-202605181236,https://smarticle.tech/ar/article/musicology-harmony-counterpoint-and-the-theory-of-musical-structure-202605181236,Music,"Harmony, Counterpoint and Improvisation, Book 2",https://doi.org/10.2307/933497,"B. J. Dale, Gordon Jacob, H. V. Anson. ""Harmony, Counterpoint and Improvisation, Book 2"". crossref, 1947.","ديل، ب. ج.، غوردون جاكوب، هـ. ف. أنسون. ""التناغم، والتcounterpoint، والإرتجال، الكتاب الثاني"". كروسريف، 1947."
"Musicology: Harmony, Counterpoint, and the Theory of Musical Structure",علم الموسيقى: التناغم، التناظر، ونظرية البنية الموسيقية.,https://smarticle.tech/en/article/musicology-harmony-counterpoint-and-the-theory-of-musical-structure-202605181236,https://smarticle.tech/ar/article/musicology-harmony-counterpoint-and-the-theory-of-musical-structure-202605181236,Music,2. Ritual and Musical Politics in the Court of Ming Shizong,https://doi.org/10.1515/9780804764902-006,"Lam, Joseph S. C. ""Ritual and Musical Politics in the Court of Ming Shizong"". crossref, 1996.","لام، جوزيف س. ج. ""الطقوس والسياسة الموسيقية في بلاط مينغ شيزونغ"". كروسريف، 1996."
"Rhythm, Metre, and the Role of Percussion Across Musical Traditions",الإيقاع والوزن ودور الآلات الإيقاعية عبر التقاليد الموسيقية.,https://smarticle.tech/en/article/rhythm-metre-and-the-role-of-percussion-across-musical-traditions-202605181246,https://smarticle.tech/ar/article/rhythm-metre-and-the-role-of-percussion-across-musical-traditions-202605181246,Music,The lost tradition in music,https://archive.org/details/losttraditioninm0000roth,The lost tradition in music. by Fritz Rothschild. (1953). — Hyperion Press. ISBN: 9780883557600,The lost tradition in music. بقلم Fritz Rothschild. (1953). — Hyperion Press. ردمك: 9780883557600
"Rhythm, Metre, and the Role of Percussion Across Musical Traditions",الإيقاع والوزن ودور الآلات الإيقاعية عبر التقاليد الموسيقية.,https://smarticle.tech/en/article/rhythm-metre-and-the-role-of-percussion-across-musical-traditions-202605181246,https://smarticle.tech/ar/article/rhythm-metre-and-the-role-of-percussion-across-musical-traditions-202605181246,Music,Korea and the Western Drumset,https://archive.org/details/koreawesterndrum0000bark,Korea and the Western Drumset. by Simon Barker. (2015). — Routledge. ISBN: 9781351923859,Korea and the Western Drumset. بقلم Simon Barker. (2015). — Routledge. ردمك: 9781351923859
"Rhythm, Metre, and the Role of Percussion Across Musical Traditions",الإيقاع والوزن ودور الآلات الإيقاعية عبر التقاليد الموسيقية.,https://smarticle.tech/en/article/rhythm-metre-and-the-role-of-percussion-across-musical-traditions-202605181246,https://smarticle.tech/ar/article/rhythm-metre-and-the-role-of-percussion-across-musical-traditions-202605181246,Music,Planet drum,https://openlibrary.org/works/OL4484742W,Planet drum. by Mickey Hart. (1991). — Harpercollins. ISBN: 9780062503978,Planet drum. بقلم Mickey Hart. (1991). — Harpercollins. ردمك: 9780062503978
"Rhythm, Metre, and the Role of Percussion Across Musical Traditions",الإيقاع والوزن ودور الآلات الإيقاعية عبر التقاليد الموسيقية.,https://smarticle.tech/en/article/rhythm-metre-and-the-role-of-percussion-across-musical-traditions-202605181246,https://smarticle.tech/ar/article/rhythm-metre-and-the-role-of-percussion-across-musical-traditions-202605181246,Music,Beating time & measuring music in the early modern era,https://openlibrary.org/works/OL19995293W,"Beating time & measuring music in the early modern era. by Roger Mathew Grant. (2014). — Oxford University Press, Incorporated. ISBN: 9780199367283","Beating time & measuring music in the early modern era. بقلم Roger Mathew Grant. (2014). — Oxford University Press, Incorporated. ردمك: 9780199367283"
"Rhythm, Metre, and the Role of Percussion Across Musical Traditions",الإيقاع والوزن ودور الآلات الإيقاعية عبر التقاليد الموسيقية.,https://smarticle.tech/en/article/rhythm-metre-and-the-role-of-percussion-across-musical-traditions-202605181246,https://smarticle.tech/ar/article/rhythm-metre-and-the-role-of-percussion-across-musical-traditions-202605181246,Music,Hearing in Time,https://openlibrary.org/works/OL7953636W,"Hearing in Time. by Justin London. (2004). — Oxford University Press, Incorporated. ISBN: 9780195160819","Hearing in Time. بقلم Justin London. (2004). — Oxford University Press, Incorporated. ردمك: 9780195160819"
"Rhythm, Metre, and the Role of Percussion Across Musical Traditions",الإيقاع والوزن ودور الآلات الإيقاعية عبر التقاليد الموسيقية.,https://smarticle.tech/en/article/rhythm-metre-and-the-role-of-percussion-across-musical-traditions-202605181246,https://smarticle.tech/ar/article/rhythm-metre-and-the-role-of-percussion-across-musical-traditions-202605181246,Music,Drum Circle Spirit,https://archive.org/details/drumcirclespirit0000hull,Drum Circle Spirit. by Arthur Hull. (1997). — White Cliffs Media Co. ISBN: 9780941677851,Drum Circle Spirit. بقلم Arthur Hull. (1997). — White Cliffs Media Co. ردمك: 9780941677851
"Rhythm, Metre, and the Role of Percussion Across Musical Traditions",الإيقاع والوزن ودور الآلات الإيقاعية عبر التقاليد الموسيقية.,https://smarticle.tech/en/article/rhythm-metre-and-the-role-of-percussion-across-musical-traditions-202605181246,https://smarticle.tech/ar/article/rhythm-metre-and-the-role-of-percussion-across-musical-traditions-202605181246,Music,North Indian rhythmic organization in cross-cultural perspective,https://doi.org/10.1093/oso/9780198166863.003.0012,"Martin Clayton. ""North Indian rhythmic organization in cross-cultural perspective"". crossref, 2001.","مارتن كلايتون. ""التنظيم الإيقاعي الشمالي الهندي من منظور ثقافي مقارن"". كروسريف، 2001."
Western Classical Music: From Baroque to the Twentieth-Century Avant-Garde,الموسيقى الكلاسيكية الغربية: من الباروك إلى الطليعة في القرن العشرين.,https://smarticle.tech/en/article/western-classical-music-from-baroque-to-the-twentieth-century-avant-garde-202605181257,https://smarticle.tech/ar/article/western-classical-music-from-baroque-to-the-twentieth-century-avant-garde-202605181257,Music,Music in the History of the Western Church: With an Introduction on Religious Music Among Primitive and Ancient Peoples,https://www.gutenberg.org/ebooks/43208,"Music in the History of the Western Church: With an Introduction on Religious Music Among Primitive and Ancient Peoples. by Dickinson, Edward. — Project Gutenberg","Music in the History of the Western Church: With an Introduction on Religious Music Among Primitive and Ancient Peoples. بقلم Dickinson, Edward. — Project Gutenberg"
Western Classical Music: From Baroque to the Twentieth-Century Avant-Garde,الموسيقى الكلاسيكية الغربية: من الباروك إلى الطليعة في القرن العشرين.,https://smarticle.tech/en/article/western-classical-music-from-baroque-to-the-twentieth-century-avant-garde-202605181257,https://smarticle.tech/ar/article/western-classical-music-from-baroque-to-the-twentieth-century-avant-garde-202605181257,Music,Modern times,https://archive.org/details/latebaroqueerafr0000unse,"Modern times. by Morgan, Robert P.. (1990). — Macmillan. ISBN: 0333516001","Modern times. بقلم Morgan, Robert P.. (1990). — Macmillan. ردمك: 0333516001"
Western Classical Music: From Baroque to the Twentieth-Century Avant-Garde,الموسيقى الكلاسيكية الغربية: من الباروك إلى الطليعة في القرن العشرين.,https://smarticle.tech/en/article/western-classical-music-from-baroque-to-the-twentieth-century-avant-garde-202605181257,https://smarticle.tech/ar/article/western-classical-music-from-baroque-to-the-twentieth-century-avant-garde-202605181257,Music,Exploring the foundations of tonality: statistical cognitive modeling of modes in the history of Western classical music,https://doi.org/10.1057/s41599-020-00678-6,"Harasim, D. et al. ""Exploring the foundations of tonality: statistical cognitive modeling of modes in the history of Western classical music"". semantic_scholar_foundational, 2021.","حاراسيم، د. وآخرون. ""استكشاف أسس التناغم: النمذجة الإدراكية الإحصائية للأوضاع في تاريخ الموسيقى الكلاسيكية الغربية"". semantic_scholar_foundational، 2021."
Western Classical Music: From Baroque to the Twentieth-Century Avant-Garde,الموسيقى الكلاسيكية الغربية: من الباروك إلى الطليعة في القرن العشرين.,https://smarticle.tech/en/article/western-classical-music-from-baroque-to-the-twentieth-century-avant-garde-202605181257,https://smarticle.tech/ar/article/western-classical-music-from-baroque-to-the-twentieth-century-avant-garde-202605181257,Music,A Cultural History of Western Music in the Renaissance,https://doi.org/10.5040/9781350075566,"A Cultural History of Western Music in the Renaissance. Bloomsbury Academic, 2019.",التاريخ الثقافي للموسيقى الغربية في عصر النهضة. بلومزبري أكاديمي، 2019.
Western Classical Music: From Baroque to the Twentieth-Century Avant-Garde,الموسيقى الكلاسيكية الغربية: من الباروك إلى الطليعة في القرن العشرين.,https://smarticle.tech/en/article/western-classical-music-from-baroque-to-the-twentieth-century-avant-garde-202605181257,https://smarticle.tech/ar/article/western-classical-music-from-baroque-to-the-twentieth-century-avant-garde-202605181257,Music,"Modern Chinese Piano Composition and Its Role in Western Classical Music: A Study of Huang An-lun's Piano Concerto No. 2 in C minor, Op. 57",https://doi.org/10.12794/metadc5494,"Ng, L. ""Modern Chinese Piano Composition and Its Role in Western Classical Music: A Study of Huang An-lun's Piano Concerto No. 2 in C minor, Op. 57"". semantic_scholar_foundational, 2006.","نغ، ل. ""التأليف الموسيقي الصيني الحديث للبيانو ودوره في الموسيقى الكلاسيكية الغربية: دراسة في كونشيرتو البيانو الثاني لهوانغ آن-لون في مقام دو الصغير، Opus 57"". semantic_scholar_foundational، 2006."
Western Classical Music: From Baroque to the Twentieth-Century Avant-Garde,الموسيقى الكلاسيكية الغربية: من الباروك إلى الطليعة في القرن العشرين.,https://smarticle.tech/en/article/western-classical-music-from-baroque-to-the-twentieth-century-avant-garde-202605181257,https://smarticle.tech/ar/article/western-classical-music-from-baroque-to-the-twentieth-century-avant-garde-202605181257,Music,Alice's Adventures in Wonderland,https://archive.org/details/alicesadventures0000unse_v7d2,Alice's Adventures in Wonderland. by Lewis Carroll. (1865). — Unknown. ISBN: 9783741205101,Alice's Adventures in Wonderland. بقلم Lewis Carroll. (1865). — Unknown. ردمك: 9783741205101
Western Classical Music: From Baroque to the Twentieth-Century Avant-Garde,الموسيقى الكلاسيكية الغربية: من الباروك إلى الطليعة في القرن العشرين.,https://smarticle.tech/en/article/western-classical-music-from-baroque-to-the-twentieth-century-avant-garde-202605181257,https://smarticle.tech/ar/article/western-classical-music-from-baroque-to-the-twentieth-century-avant-garde-202605181257,Music,Wuthering Heights,https://archive.org/details/wutheringheights0000kesh,Wuthering Heights. by Emily Brontë. (1846). — Naxos of America. ISBN: 0531004287,Wuthering Heights. بقلم Emily Brontë. (1846). — Naxos of America. ردمك: 0531004287
Western Classical Music: From Baroque to the Twentieth-Century Avant-Garde,الموسيقى الكلاسيكية الغربية: من الباروك إلى الطليعة في القرن العشرين.,https://smarticle.tech/en/article/western-classical-music-from-baroque-to-the-twentieth-century-avant-garde-202605181257,https://smarticle.tech/ar/article/western-classical-music-from-baroque-to-the-twentieth-century-avant-garde-202605181257,Music,Adventures of Huckleberry Finn,https://archive.org/details/adventuresofhuck0000mark_x8i9,Adventures of Huckleberry Finn. by Mark Twain. (1876). — Zhong liu chu ban she. ISBN: 1502908204,Adventures of Huckleberry Finn. بقلم Mark Twain. (1876). — Zhong liu chu ban she. ردمك: 1502908204
Western Classical Music: From Baroque to the Twentieth-Century Avant-Garde,الموسيقى الكلاسيكية الغربية: من الباروك إلى الطليعة في القرن العشرين.,https://smarticle.tech/en/article/western-classical-music-from-baroque-to-the-twentieth-century-avant-garde-202605181257,https://smarticle.tech/ar/article/western-classical-music-from-baroque-to-the-twentieth-century-avant-garde-202605181257,Music,Frankenstein or The Modern Prometheus,https://archive.org/details/frankensteinormo00shel_8,Frankenstein or The Modern Prometheus. by Mary Shelley. (1818). — Nelson Thornes Ltd. ISBN: 1098667727,Frankenstein or The Modern Prometheus. بقلم Mary Shelley. (1818). — Nelson Thornes Ltd. ردمك: 1098667727
Western Classical Music: From Baroque to the Twentieth-Century Avant-Garde,الموسيقى الكلاسيكية الغربية: من الباروك إلى الطليعة في القرن العشرين.,https://smarticle.tech/en/article/western-classical-music-from-baroque-to-the-twentieth-century-avant-garde-202605181257,https://smarticle.tech/ar/article/western-classical-music-from-baroque-to-the-twentieth-century-avant-garde-202605181257,Music,The Wonderful Wizard of Oz,https://archive.org/details/newwizardofoz00baum,The Wonderful Wizard of Oz. by L. Frank Baum. (1899). — Modern Library. ISBN: 9781724307118,The Wonderful Wizard of Oz. بقلم L. Frank Baum. (1899). — Modern Library. ردمك: 9781724307118
"Film Theory: Montage, Mise-en-Scène, and the Language of Cinema",نظرية الفيلم: المونتاج، الميزيه إن سيني، ولغة السينما.,https://smarticle.tech/en/article/film-theory-montage-mise-en-scene-and-the-language-of-cinema-202605181304,https://smarticle.tech/ar/article/film-theory-montage-mise-en-scene-and-the-language-of-cinema-202605181304,Cinema,A short history of the movies,https://archive.org/details/shorthistoryofmo0000mast,"A short history of the movies. by Gerald Mast, Bruce Kawin. (1971). — Allyn and Bacon. ISBN: 9780025805002",A short history of the movies. بقلم Gerald Mast، Bruce Kawin. (1971). — Allyn and Bacon. ردمك: 9780025805002
"Film Theory: Montage, Mise-en-Scène, and the Language of Cinema",نظرية الفيلم: المونتاج، الميزيه إن سيني، ولغة السينما.,https://smarticle.tech/en/article/film-theory-montage-mise-en-scene-and-the-language-of-cinema-202605181304,https://smarticle.tech/ar/article/film-theory-montage-mise-en-scene-and-the-language-of-cinema-202605181304,Cinema,Film And Television Analysis Methods Theories And Approaches,https://archive.org/details/filmtelevisionan0000bens,"Film And Television Analysis Methods Theories And Approaches. by Harry M. Benshoff, Caryn Murphy. (2015). — Routledge. ISBN: 113647384X",Film And Television Analysis Methods Theories And Approaches. بقلم Harry M. Benshoff، Caryn Murphy. (2015). — Routledge. ردمك: 113647384X
"Film Theory: Montage, Mise-en-Scène, and the Language of Cinema",نظرية الفيلم: المونتاج، الميزيه إن سيني، ولغة السينما.,https://smarticle.tech/en/article/film-theory-montage-mise-en-scene-and-the-language-of-cinema-202605181304,https://smarticle.tech/ar/article/film-theory-montage-mise-en-scene-and-the-language-of-cinema-202605181304,Cinema,Progress in Optics,https://archive.org/details/progressinoptics0000unse_b8a3,Progress in Optics. by Emil Wolf. (1970). — Elsevier Science. ISBN: 9780444870506,Progress in Optics. بقلم Emil Wolf. (1970). — Elsevier Science. ردمك: 9780444870506
"Film Theory: Montage, Mise-en-Scène, and the Language of Cinema",نظرية الفيلم: المونتاج، الميزيه إن سيني، ولغة السينما.,https://smarticle.tech/en/article/film-theory-montage-mise-en-scene-and-the-language-of-cinema-202605181304,https://smarticle.tech/ar/article/film-theory-montage-mise-en-scene-and-the-language-of-cinema-202605181304,Cinema,Film Language,https://doi.org/10.3828/liverpool/9781906733308.003.0005,"Tanya Jones. ""Film Language"". crossref, 2010.","Tanya Jones. ""Film Language"". crossref, 2010."
"Film Theory: Montage, Mise-en-Scène, and the Language of Cinema",نظرية الفيلم: المونتاج، الميزيه إن سيني، ولغة السينما.,https://smarticle.tech/en/article/film-theory-montage-mise-en-scene-and-the-language-of-cinema-202605181304,https://smarticle.tech/ar/article/film-theory-montage-mise-en-scene-and-the-language-of-cinema-202605181304,Cinema,Where did mise en scène come from? Origins and theory,https://doi.org/10.4324/9780203125137-8,"Bordwell, D. ""Where did mise en scène come from? Origins and theory"". crossref, 2013.","Bordwell, D. ""Where did mise en scène come from? Origins and theory"". crossref, 2013."
"Film Theory: Montage, Mise-en-Scène, and the Language of Cinema",نظرية الفيلم: المونتاج، الميزيه إن سيني، ولغة السينما.,https://smarticle.tech/en/article/film-theory-montage-mise-en-scene-and-the-language-of-cinema-202605181304,https://smarticle.tech/ar/article/film-theory-montage-mise-en-scene-and-the-language-of-cinema-202605181304,Cinema,Film Studies and the Persistence of Mise-en-scène,https://doi.org/10.2307/jj.36557964.7,"Film Studies and the Persistence of Mise-en-scène. ""Film Studies and the Persistence of Mise-en-scène"". crossref, 2026.","Film Studies and the Persistence of Mise-en-scène. ""Film Studies and the Persistence of Mise-en-scène"". crossref, 2026."
"Film Theory: Montage, Mise-en-Scène, and the Language of Cinema",نظرية الفيلم: المونتاج، الميزيه إن سيني، ولغة السينما.,https://smarticle.tech/en/article/film-theory-montage-mise-en-scene-and-the-language-of-cinema-202605181304,https://smarticle.tech/ar/article/film-theory-montage-mise-en-scene-and-the-language-of-cinema-202605181304,Cinema,Mise-en-scène,https://doi.org/10.3366/edinburgh/9781474460682.003.0004,"Rhodes, Gary D., and Robert Singer. ""Mise-en-scène"". *crossref*, 2020.","Rhodes, Gary D., and Robert Singer. ""Mise-en-scène"". *crossref*, 2020."
"Film Theory: Montage, Mise-en-Scène, and the Language of Cinema",نظرية الفيلم: المونتاج، الميزيه إن سيني، ولغة السينما.,https://smarticle.tech/en/article/film-theory-montage-mise-en-scene-and-the-language-of-cinema-202605181304,https://smarticle.tech/ar/article/film-theory-montage-mise-en-scene-and-the-language-of-cinema-202605181304,Cinema,"A MISE-EN-SCÈNE EM CAMADASA NO FILME BARDO, FALSA CRÔNICA DE ALGUMAS VERDADES",https://doi.org/10.14244/2179-1465.rg.2026v17p94-114,"Ândrea Sulzbach. ""A MISE-EN-SCÈNE EM CAMADASA NO FILME BARDO, FALSA CRÔNICA DE ALGUMAS VERDADES"". crossref, 2026.","Ândrea Sulzbach. ""A MISE-EN-SCÈNE EM CAMADASA NO FILME BARDO, FALSA CRÔNICA DE ALGUMAS VERDADES"". crossref, 2026."
"Film Theory: Montage, Mise-en-Scène, and the Language of Cinema",نظرية الفيلم: المونتاج، الميزيه إن سيني، ولغة السينما.,https://smarticle.tech/en/article/film-theory-montage-mise-en-scene-and-the-language-of-cinema-202605181304,https://smarticle.tech/ar/article/film-theory-montage-mise-en-scene-and-the-language-of-cinema-202605181304,Cinema,The Relationship between Actors and Industry in 1960s Taiwanese-Language Cinema,https://doi.org/10.3366/edinburgh/9781399527880.003.0007,"Chen, Hsin-chi. ""The Relationship between Actors and Industry in 1960s Taiwanese-Language Cinema"". *crossref*, 2024.","Chen, Hsin-chi. ""The Relationship between Actors and Industry in 1960s Taiwanese-Language Cinema"". *crossref*, 2024."
"Film Theory: Montage, Mise-en-Scène, and the Language of Cinema",نظرية الفيلم: المونتاج، الميزيه إن سيني، ولغة السينما.,https://smarticle.tech/en/article/film-theory-montage-mise-en-scene-and-the-language-of-cinema-202605181304,https://smarticle.tech/ar/article/film-theory-montage-mise-en-scene-and-the-language-of-cinema-202605181304,Cinema,Taiwanese-Language Cinema,https://doi.org/10.3366/edinburgh/9781399527880.001.0001,"Chu, Yingchi. ""Taiwanese-Language Cinema"". Edinburgh University Press, 2024.","Chu, Yingchi. ""Taiwanese-Language Cinema"". Edinburgh University Press, 2024."
Screenwriting and Narrative Structure in Film,كتابة السيناريو والبنية السردية في الفيلم,https://smarticle.tech/en/article/screenwriting-and-narrative-structure-in-film-202605181317,https://smarticle.tech/ar/article/screenwriting-and-narrative-structure-in-film-202605181317,Cinema,Playwriting Seminars 2.0,https://openlibrary.org/works/OL20835025W,Playwriting Seminars 2.0. by Richard Toscan. (2012). — Franz Press. ISBN: 0615608213,Playwriting Seminars 2.0. بقلم Richard Toscan. (2012). — Franz Press. ردمك: 0615608213
Screenwriting and Narrative Structure in Film,كتابة السيناريو والبنية السردية في الفيلم,https://smarticle.tech/en/article/screenwriting-and-narrative-structure-in-film-202605181317,https://smarticle.tech/ar/article/screenwriting-and-narrative-structure-in-film-202605181317,Cinema,Screen/play,https://archive.org/details/screenplayderrid0000brun,Screen/play. by Peter Brunette. (1989). — Princeton Univ Pr. ISBN: 1400860679,Screen/play. بقلم Peter Brunette. (1989). — Princeton Univ Pr. ردمك: 1400860679
Screenwriting and Narrative Structure in Film,كتابة السيناريو والبنية السردية في الفيلم,https://smarticle.tech/en/article/screenwriting-and-narrative-structure-in-film-202605181317,https://smarticle.tech/ar/article/screenwriting-and-narrative-structure-in-film-202605181317,Cinema,"E.T., the Extra-Terrestrial from concept to classic",https://openlibrary.org/works/OL18962786W,"E.T., the Extra-Terrestrial from concept to classic. by Melissa Mathison, Linda Sunshine, Laurent Bouzereau. (2002). — HarperCollins Publishers. ISBN: 0062233998","E.T., the Extra-Terrestrial from concept to classic. بقلم Melissa Mathison، Linda Sunshine، Laurent Bouzereau. (2002). — HarperCollins Publishers. ردمك: 0062233998"
Screenwriting and Narrative Structure in Film,كتابة السيناريو والبنية السردية في الفيلم,https://smarticle.tech/en/article/screenwriting-and-narrative-structure-in-film-202605181317,https://smarticle.tech/ar/article/screenwriting-and-narrative-structure-in-film-202605181317,Cinema,The Screenplay,https://archive.org/details/screenplayauthor0000pric,The Screenplay. by Steven Price. (2010). — Palgrave Macmillan. ISBN: 9780230223622,The Screenplay. بقلم Steven Price. (2010). — Palgrave Macmillan. ردمك: 9780230223622
Screenwriting and Narrative Structure in Film,كتابة السيناريو والبنية السردية في الفيلم,https://smarticle.tech/en/article/screenwriting-and-narrative-structure-in-film-202605181317,https://smarticle.tech/ar/article/screenwriting-and-narrative-structure-in-film-202605181317,Cinema,Screenplay and Narrative Theory,https://archive.org/details/screenplaynarrat0000varo,Screenplay and Narrative Theory. by George Varotsis. (2015). — Lexington Books/Fortress Academic. ISBN: 1498504434,Screenplay and Narrative Theory. بقلم George Varotsis. (2015). — Lexington Books/Fortress Academic. ردمك: 1498504434
Screenwriting and Narrative Structure in Film,كتابة السيناريو والبنية السردية في الفيلم,https://smarticle.tech/en/article/screenwriting-and-narrative-structure-in-film-202605181317,https://smarticle.tech/ar/article/screenwriting-and-narrative-structure-in-film-202605181317,Cinema,Bittere Leiden Unseres Herrn Jesu Christi,https://archive.org/details/laamargapasindec0000emme,"Bittere Leiden Unseres Herrn Jesu Christi. by Anna Katharina Emmerich, Noel L. Griese, Klemens Maria Brentano. (1904). — Christian Book of America. ISBN: 9780849031007",Bittere Leiden Unseres Herrn Jesu Christi. بقلم Anna Katharina Emmerich، Noel L. Griese، Klemens Maria Brentano. (1904). — Christian Book of America. ردمك: 9780849031007
Screenwriting and Narrative Structure in Film,كتابة السيناريو والبنية السردية في الفيلم,https://smarticle.tech/en/article/screenwriting-and-narrative-structure-in-film-202605181317,https://smarticle.tech/ar/article/screenwriting-and-narrative-structure-in-film-202605181317,Cinema,L'Avventura,https://openlibrary.org/works/OL19041629W,"L'Avventura. by Michelangelo Antonioni, Seymour Benjamin Chatman, Guido Fink. (1989). — Home Vision. ISBN: 0813513340",L'Avventura. بقلم Michelangelo Antonioni، Seymour Benjamin Chatman، Guido Fink. (1989). — Home Vision. ردمك: 0813513340
Screenwriting and Narrative Structure in Film,كتابة السيناريو والبنية السردية في الفيلم,https://smarticle.tech/en/article/screenwriting-and-narrative-structure-in-film-202605181317,https://smarticle.tech/ar/article/screenwriting-and-narrative-structure-in-film-202605181317,Cinema,Cast away,https://openlibrary.org/works/OL3288828W,Cast away. by William Broyles. (2000). — Newmarket Press. ISBN: 9781901680577,Cast away. بقلم William Broyles. (2000). — Newmarket Press. ردمك: 9781901680577
Screenwriting and Narrative Structure in Film,كتابة السيناريو والبنية السردية في الفيلم,https://smarticle.tech/en/article/screenwriting-and-narrative-structure-in-film-202605181317,https://smarticle.tech/ar/article/screenwriting-and-narrative-structure-in-film-202605181317,Cinema,The Birth of a nation,https://archive.org/details/isbn_9780813520278,"The Birth of a nation. by Lang, Robert, Robert Lang. (1994). — Rutgers Univ Pr. ISBN: 9780813520261","The Birth of a nation. بقلم Lang, Robert، Robert Lang. (1994). — Rutgers Univ Pr. ردمك: 9780813520261"
Screenwriting and Narrative Structure in Film,كتابة السيناريو والبنية السردية في الفيلم,https://smarticle.tech/en/article/screenwriting-and-narrative-structure-in-film-202605181317,https://smarticle.tech/ar/article/screenwriting-and-narrative-structure-in-film-202605181317,Cinema,Visualizing and Analyzing the Hollywood Screenplay with ScripThreads,https://doi.org/10.63744/e8f2dpj6ac4g,"Hoyt, Eric, Kevin Ponto, Carrie Roy. ""Visualizing and Analyzing the Hollywood Screenplay with ScripThreads"". crossref, 2014.","هويت، إريك، وكيفن بونتو، وكاري روي. ""تصور وتحليل السيناريو الهوليوودي باستخدام سكريبتثريدس"". كروسريف، 2014."
"World Cinema: National Cinemas, Auteur Theory, and Cross-Cultural Film",السينما العالمية: السينمات الوطنية، نظرية المؤلف، والسينما العابرة للثقافات.,https://smarticle.tech/en/article/world-cinema-national-cinemas-auteur-theory-and-cross-cultural-film-202605181331,https://smarticle.tech/ar/article/world-cinema-national-cinemas-auteur-theory-and-cross-cultural-film-202605181331,Cinema,"France as author of world cinema: International co-production and the Fonds Sud, 1984–2012",https://doi.org/10.1177/0957155820910858,"Pomp, J. ""France as author of world cinema: International co-production and the Fonds Sud, 1984–2012"". *semantic_scholar_foundational*, 2020.","بومب، ج. ""فرنسا كمؤلفة للسينما العالمية: الإنتاج المشترك الدولي وصندوق سود، 1984–2012"". *المؤسسة الأساسية لموقع سيمانتك سكولار*، 2020."
"World Cinema: National Cinemas, Auteur Theory, and Cross-Cultural Film",السينما العالمية: السينمات الوطنية، نظرية المؤلف، والسينما العابرة للثقافات.,https://smarticle.tech/en/article/world-cinema-national-cinemas-auteur-theory-and-cross-cultural-film-202605181331,https://smarticle.tech/ar/article/world-cinema-national-cinemas-auteur-theory-and-cross-cultural-film-202605181331,Cinema,"Public Policies, Diversity and National Cinemas in the Spanish context: Catalonia, Basque Country and Galicia",https://doi.org/10.15581/003.30.1.125-145,"Miren Manias-Muñoz. ""Public Policies, Diversity and National Cinemas in the Spanish context: Catalonia, Basque Country and Galicia"". semantic_scholar_foundational, 2018.","ميرين مانياس-مونوز. ""السياسات العامة، التنوع والسينمات الوطنية في السياق الإسباني: كتالونيا، البلد الباسكي وغاليسيا"". المؤسسة الأساسية لموقع سيمانتك سكولار، 2018."
"World Cinema: National Cinemas, Auteur Theory, and Cross-Cultural Film",السينما العالمية: السينمات الوطنية، نظرية المؤلف، والسينما العابرة للثقافات.,https://smarticle.tech/en/article/world-cinema-national-cinemas-auteur-theory-and-cross-cultural-film-202605181331,https://smarticle.tech/ar/article/world-cinema-national-cinemas-auteur-theory-and-cross-cultural-film-202605181331,Cinema,"Modeling a World Cinema and Shadowing it with Another: Maoist Media Distribution Institutions as Perspective, 1949–1976",https://doi.org/10.1080/01439685.2024.2447140,"Du, Ying. ""Modeling a World Cinema and Shadowing it with Another: Maoist Media Distribution Institutions as Perspective, 1949–1976"". *Semantic Scholar Foundational*, 2024.","دو، يينغ. ""نمذجة سينما عالمية وتظليلها بأخرى: مؤسسات توزيع الإعلام الماوية كنموذج، 1949–1976"". *المؤسسة الأساسية لموقع سيمانتك سكولار*، 2024."
"World Cinema: National Cinemas, Auteur Theory, and Cross-Cultural Film",السينما العالمية: السينمات الوطنية، نظرية المؤلف، والسينما العابرة للثقافات.,https://smarticle.tech/en/article/world-cinema-national-cinemas-auteur-theory-and-cross-cultural-film-202605181331,https://smarticle.tech/ar/article/world-cinema-national-cinemas-auteur-theory-and-cross-cultural-film-202605181331,Cinema,"Cinéma-monde, Jacques Audiard’s Les Frères Sisters and the limits of national cinemas",https://doi.org/10.1080/26438941.2021.2003109,"King, G. ""Cinéma-monde, Jacques Audiard’s Les Frères Sisters and the limits of national cinemas"". *semantic_scholar_foundational*, 2021.","كينغ، ج. ""سينما-عالم، إخوة سيسترز لجاك أوديار وحدود السينما الوطنية"". *المؤسسة الأساسية لموقع سيمانتك سكولار*، 2021."
"World Cinema: National Cinemas, Auteur Theory, and Cross-Cultural Film",السينما العالمية: السينمات الوطنية، نظرية المؤلف، والسينما العابرة للثقافات.,https://smarticle.tech/en/article/world-cinema-national-cinemas-auteur-theory-and-cross-cultural-film-202605181331,https://smarticle.tech/ar/article/world-cinema-national-cinemas-auteur-theory-and-cross-cultural-film-202605181331,Cinema,Queer cinemas of the Sinosphere: Queer China goes out,https://doi.org/10.1080/17508061.2024.2312711,"Pecic, Z. ""Queer cinemas of the Sinosphere: Queer China goes out"". *Semantic Scholar Foundational*, 2024.","بيسيتش، ز. ""السينمات الكويرية للنظام الصيني: الصين الكويرية تخرج إلى العالم"". *المؤسسة الأساسية لموقع سيمانتك سكولار*، 2024."
Art History: Major Movements from Renaissance to Modernism,تاريخ الفن: الحركات الكبرى من عصر النهضة إلى الحداثة.,https://smarticle.tech/en/article/art-history-major-movements-from-renaissance-to-modernism-202605181344,https://smarticle.tech/ar/article/art-history-major-movements-from-renaissance-to-modernism-202605181344,Visual Arts,Sozialgeschichte der Kunst und Literatur,https://archive.org/details/bwb_P3-DUZ-063,"Sozialgeschichte der Kunst und Literatur. by Arnold Hauser, S. Godman, Harris, Jonathan. (1951). — VINTAGE BOOKS. ISBN: 1134637608","Sozialgeschichte der Kunst und Literatur. بقلم Arnold Hauser، S. Godman، Harris, Jonathan. (1951). — VINTAGE BOOKS. ردمك: 1134637608"
Art History: Major Movements from Renaissance to Modernism,تاريخ الفن: الحركات الكبرى من عصر النهضة إلى الحداثة.,https://smarticle.tech/en/article/art-history-major-movements-from-renaissance-to-modernism-202605181344,https://smarticle.tech/ar/article/art-history-major-movements-from-renaissance-to-modernism-202605181344,Visual Arts,A Cultural History Of The Modern Age,https://openlibrary.org/works/OL17477226W,A Cultural History Of The Modern Age. by Egon Friedell. (1954). — Transaction Publishers. ISBN: 9781351535748,A Cultural History Of The Modern Age. بقلم Egon Friedell. (1954). — Transaction Publishers. ردمك: 9781351535748
Art History: Major Movements from Renaissance to Modernism,تاريخ الفن: الحركات الكبرى من عصر النهضة إلى الحداثة.,https://smarticle.tech/en/article/art-history-major-movements-from-renaissance-to-modernism-202605181344,https://smarticle.tech/ar/article/art-history-major-movements-from-renaissance-to-modernism-202605181344,Visual Arts,...isms,https://archive.org/details/ismsunderstandin00litt,"...isms. by Little, Stephen. (2004). — Universe. ISBN: 0789312093","...isms. بقلم Little, Stephen. (2004). — Universe. ردمك: 0789312093"
Art History: Major Movements from Renaissance to Modernism,تاريخ الفن: الحركات الكبرى من عصر النهضة إلى الحداثة.,https://smarticle.tech/en/article/art-history-major-movements-from-renaissance-to-modernism-202605181344,https://smarticle.tech/ar/article/art-history-major-movements-from-renaissance-to-modernism-202605181344,Visual Arts,From Renaissance to Impressionism,https://openlibrary.org/works/OL4178064W,"From Renaissance to Impressionism. by Jane Shoaf Turner. (2000). — Oxford University Press, USA. ISBN: 019516900X","From Renaissance to Impressionism. بقلم Jane Shoaf Turner. (2000). — Oxford University Press, USA. ردمك: 019516900X"
Art History: Major Movements from Renaissance to Modernism,تاريخ الفن: الحركات الكبرى من عصر النهضة إلى الحداثة.,https://smarticle.tech/en/article/art-history-major-movements-from-renaissance-to-modernism-202605181344,https://smarticle.tech/ar/article/art-history-major-movements-from-renaissance-to-modernism-202605181344,Visual Arts,"Wahrnehmen, Speichern, Erinnern",https://openlibrary.org/works/OL25701150W,"Wahrnehmen, Speichern, Erinnern. by Bettina Gockel, Miriam Volmert. (2017). — de Gruyter GmbH, Walter. ISBN: 3110440725","Wahrnehmen, Speichern, Erinnern. بقلم Bettina Gockel، Miriam Volmert. (2017). — de Gruyter GmbH, Walter. ردمك: 3110440725"
Art History: Major Movements from Renaissance to Modernism,تاريخ الفن: الحركات الكبرى من عصر النهضة إلى الحداثة.,https://smarticle.tech/en/article/art-history-major-movements-from-renaissance-to-modernism-202605181344,https://smarticle.tech/ar/article/art-history-major-movements-from-renaissance-to-modernism-202605181344,Visual Arts,Did the Renaissance have a Renaissance?,https://doi.org/10.1111/1467-8365.00119,"Dunlop, Anne. ""Did the Renaissance have a Renaissance?"". crossref, 1998.","دنلوب، آن. ""هل شهد عصر النهضة نهضةً ثانية؟"". كروسريف، 1998."
Art History: Major Movements from Renaissance to Modernism,تاريخ الفن: الحركات الكبرى من عصر النهضة إلى الحداثة.,https://smarticle.tech/en/article/art-history-major-movements-from-renaissance-to-modernism-202605181344,https://smarticle.tech/ar/article/art-history-major-movements-from-renaissance-to-modernism-202605181344,Visual Arts,"ARTIFICIAL INTELLIGENCE AND COMPARATIVE ANALYSIS OF ART MOVEMENTS: A STUDY ON RENAISSANCE, BAROQUE, IMPRESSIONISM, AND EXPRESSIONISM",https://doi.org/10.20488/sanattasarim.1804847,"Umut Kayapınar. ""ARTIFICIAL INTELLIGENCE AND COMPARATIVE ANALYSIS OF ART MOVEMENTS: A STUDY ON RENAISSANCE, BAROQUE, IMPRESSIONISM, AND EXPRESSIONISM"". crossref, 2025.","كايابينار، أوموت. ""الذكاء الاصطناعي والتحليل المقارن للحركات الفنية: دراسة في عصر النهضة والبروكية والانطباعية والتعبيرية"". كروسريف، 2025."
Art History: Major Movements from Renaissance to Modernism,تاريخ الفن: الحركات الكبرى من عصر النهضة إلى الحداثة.,https://smarticle.tech/en/article/art-history-major-movements-from-renaissance-to-modernism-202605181344,https://smarticle.tech/ar/article/art-history-major-movements-from-renaissance-to-modernism-202605181344,Visual Arts,Renaissance Art and Architecture in Spain,https://doi.org/10.1093/obo/9780199920105-0168,"Oxford University Press. ""Renaissance Art and Architecture in Spain"". *Oxford Bibliographies*, 2021.","دار نشر جامعة أكسفورد. ""الفن والهندسة المعمارية في عصر النهضة في إسبانيا"". *المراجعات الببليوغرافية لأكسفورد*، 2021."
Art History: Major Movements from Renaissance to Modernism,تاريخ الفن: الحركات الكبرى من عصر النهضة إلى الحداثة.,https://smarticle.tech/en/article/art-history-major-movements-from-renaissance-to-modernism-202605181344,https://smarticle.tech/ar/article/art-history-major-movements-from-renaissance-to-modernism-202605181344,Visual Arts,":
                    <i>Restoration as Fabrication of Origins: A Material and Political History of Italian Renaissance Art</i>",https://doi.org/10.1017/rqx.2024.231,"Lunarita Sterpetti. ""Restoration as Fabrication of Origins: A Material and Political History of Italian Renaissance Art"". crossref, 2025.","ستيربيتي، لونا. ""التجديد كمصنعية للأصول: تاريخ مادي وسياسي للفن الإيطالي في عصر النهضة"". كروسريف، 2025."
Art History: Major Movements from Renaissance to Modernism,تاريخ الفن: الحركات الكبرى من عصر النهضة إلى الحداثة.,https://smarticle.tech/en/article/art-history-major-movements-from-renaissance-to-modernism-202605181344,https://smarticle.tech/ar/article/art-history-major-movements-from-renaissance-to-modernism-202605181344,Visual Arts,Iconography in Renaissance and Baroque Art,https://doi.org/10.1002/9781118391488.ch17,"Zucker, Mark. ""Iconography in Renaissance and Baroque Art"". crossref, 2013.","زوكر، مارك. ""الأيقونية في الفن والهندسة المعمارية في عصر النهضة والبروكية"". كروسريف، 2013."
"Sculpture: Materials, Techniques, and the Three-Dimensional Image",النحت: المواد، التقنيات، والصورة ثلاثية الأبعاد,https://smarticle.tech/en/article/sculpture-materials-techniques-and-the-three-dimensional-image-202605181354,https://smarticle.tech/ar/article/sculpture-materials-techniques-and-the-three-dimensional-image-202605181354,Visual Arts,Trattato della pittura,https://archive.org/details/b22031698,"Trattato della pittura. by Leonardo da Vinci, Raphael Trichet Du Fresne, Leon Battista Alberti. (1651). — Nella Stamperia di Francesco Ricciardo .... ISBN: 9781018524009",Trattato della pittura. بقلم Leonardo da Vinci، Raphael Trichet Du Fresne، Leon Battista Alberti. (1651). — Nella Stamperia di Francesco Ricciardo .... ردمك: 9781018524009
"Sculpture: Materials, Techniques, and the Three-Dimensional Image",النحت: المواد، التقنيات، والصورة ثلاثية الأبعاد,https://smarticle.tech/en/article/sculpture-materials-techniques-and-the-three-dimensional-image-202605181354,https://smarticle.tech/ar/article/sculpture-materials-techniques-and-the-three-dimensional-image-202605181354,Visual Arts,New materials in sculpture,https://archive.org/details/newmaterialsinsc0000unse,New materials in sculpture. by Hubert Montagu Percy. (1962). — Transatlantic Arts,New materials in sculpture. بقلم Hubert Montagu Percy. (1962). — Transatlantic Arts
"Sculpture: Materials, Techniques, and the Three-Dimensional Image",النحت: المواد، التقنيات، والصورة ثلاثية الأبعاد,https://smarticle.tech/en/article/sculpture-materials-techniques-and-the-three-dimensional-image-202605181354,https://smarticle.tech/ar/article/sculpture-materials-techniques-and-the-three-dimensional-image-202605181354,Visual Arts,Art in the round,https://openlibrary.org/works/OL162822W,Art in the round. by Harold Stevens. (1965). — Reinhold. ISBN: 0278923216,Art in the round. بقلم Harold Stevens. (1965). — Reinhold. ردمك: 0278923216
"Sculpture: Materials, Techniques, and the Three-Dimensional Image",النحت: المواد، التقنيات، والصورة ثلاثية الأبعاد,https://smarticle.tech/en/article/sculpture-materials-techniques-and-the-three-dimensional-image-202605181354,https://smarticle.tech/ar/article/sculpture-materials-techniques-and-the-three-dimensional-image-202605181354,Visual Arts,Sculpture,https://archive.org/details/sculpturemateria0000dona,Sculpture. by Donald J. Irving. (1970). — Van Nostrand Reinhold,Sculpture. بقلم Donald J. Irving. (1970). — Van Nostrand Reinhold
"Sculpture: Materials, Techniques, and the Three-Dimensional Image",النحت: المواد، التقنيات، والصورة ثلاثية الأبعاد,https://smarticle.tech/en/article/sculpture-materials-techniques-and-the-three-dimensional-image-202605181354,https://smarticle.tech/ar/article/sculpture-materials-techniques-and-the-three-dimensional-image-202605181354,Visual Arts,Complete Guide to Sculpture Modeling and Ceramics,https://archive.org/details/completeguidetos0000unse,Complete Guide to Sculpture Modeling and Ceramics. by Barry Midgley. (1982). — Book Sales. ISBN: 0785810102,Complete Guide to Sculpture Modeling and Ceramics. بقلم Barry Midgley. (1982). — Book Sales. ردمك: 0785810102
"Sculpture: Materials, Techniques, and the Three-Dimensional Image",النحت: المواد، التقنيات، والصورة ثلاثية الأبعاد,https://smarticle.tech/en/article/sculpture-materials-techniques-and-the-three-dimensional-image-202605181354,https://smarticle.tech/ar/article/sculpture-materials-techniques-and-the-three-dimensional-image-202605181354,Visual Arts,Medardo Rosso,https://archive.org/details/medardorossoseco00coop,"Medardo Rosso. by Harry Cooper, Sharon Hecker. (2003). — Galerie Thaddaeus Ropac. ISBN: 0995745641",Medardo Rosso. بقلم Harry Cooper، Sharon Hecker. (2003). — Galerie Thaddaeus Ropac. ردمك: 0995745641
"Sculpture: Materials, Techniques, and the Three-Dimensional Image",النحت: المواد، التقنيات، والصورة ثلاثية الأبعاد,https://smarticle.tech/en/article/sculpture-materials-techniques-and-the-three-dimensional-image-202605181354,https://smarticle.tech/ar/article/sculpture-materials-techniques-and-the-three-dimensional-image-202605181354,Visual Arts,Greek Sculpture: The Late Classical Period and Sculpture in Colonies and Overseas,https://doi.org/10.2307/4352230,"Linda Jones Roccos, John Boardman. ""Greek Sculpture: The Late Classical Period and Sculpture in Colonies and Overseas"". crossref, 1998.","ليندا جونز روكوس، جون بوردمان. ""النحت اليوناني: الفترة الكلاسيكية المتأخرة والنحت في المستعمرات وما وراء البحار"". كروسريف، 1998."
"Photography as Art: Aesthetics, Documentary Tradition, and Digital Practice",التصوير الفوتوغرافي كفن: الجماليات، التقليد الوثائقي، والممارسة الرقمية.,https://smarticle.tech/en/article/photography-as-art-aesthetics-documentary-tradition-and-digital-practice-202605181404,https://smarticle.tech/ar/article/photography-as-art-aesthetics-documentary-tradition-and-digital-practice-202605181404,Visual Arts,Edgar Degas,https://archive.org/details/degas00mauc,"Edgar Degas. by Camille Mauclair, Jean Adhemar, Francoise Cachin. (1914). — Galerie Schmit. ISBN: 9780486403915",Edgar Degas. بقلم Camille Mauclair، Jean Adhemar، Francoise Cachin. (1914). — Galerie Schmit. ردمك: 9780486403915
"Photography as Art: Aesthetics, Documentary Tradition, and Digital Practice",التصوير الفوتوغرافي كفن: الجماليات، التقليد الوثائقي، والممارسة الرقمية.,https://smarticle.tech/en/article/photography-as-art-aesthetics-documentary-tradition-and-digital-practice-202605181404,https://smarticle.tech/ar/article/photography-as-art-aesthetics-documentary-tradition-and-digital-practice-202605181404,Visual Arts,The Face of the Earth as Seen from the Air: A Study in the Application of Airplane Photography to Geography,https://www.gutenberg.org/ebooks/62068,"The Face of the Earth as Seen from the Air: A Study in the Application of Airplane Photography to Geography. by Lee, Willis T. (Willis Thomas). — Project Gutenberg","The Face of the Earth as Seen from the Air: A Study in the Application of Airplane Photography to Geography. بقلم Lee, Willis T. (Willis Thomas). — Project Gutenberg"
"Photography as Art: Aesthetics, Documentary Tradition, and Digital Practice",التصوير الفوتوغرافي كفن: الجماليات، التقليد الوثائقي، والممارسة الرقمية.,https://smarticle.tech/en/article/photography-as-art-aesthetics-documentary-tradition-and-digital-practice-202605181404,https://smarticle.tech/ar/article/photography-as-art-aesthetics-documentary-tradition-and-digital-practice-202605181404,Visual Arts,The Case for Spirit Photography: With corroborative evidence by experienced researchers and photographers,https://www.gutenberg.org/ebooks/59809,"The Case for Spirit Photography: With corroborative evidence by experienced researchers and photographers. by Doyle, Arthur Conan. — Project Gutenberg","The Case for Spirit Photography: With corroborative evidence by experienced researchers and photographers. بقلم Doyle, Arthur Conan. — Project Gutenberg"
"Photography as Art: Aesthetics, Documentary Tradition, and Digital Practice",التصوير الفوتوغرافي كفن: الجماليات، التقليد الوثائقي، والممارسة الرقمية.,https://smarticle.tech/en/article/photography-as-art-aesthetics-documentary-tradition-and-digital-practice-202605181404,https://smarticle.tech/ar/article/photography-as-art-aesthetics-documentary-tradition-and-digital-practice-202605181404,Visual Arts,Picasso,https://archive.org/details/lhommeaumoutonpi0000pica,"Picasso. by Pablo Picasso, Jean-Louis Andral, Pierre Daix. (1926). — Tel Aviv Museum. ISBN: 392787762X",Picasso. بقلم Pablo Picasso، Jean-Louis Andral، Pierre Daix. (1926). — Tel Aviv Museum. ردمك: 392787762X
"Photography as Art: Aesthetics, Documentary Tradition, and Digital Practice",التصوير الفوتوغرافي كفن: الجماليات، التقليد الوثائقي، والممارسة الرقمية.,https://smarticle.tech/en/article/photography-as-art-aesthetics-documentary-tradition-and-digital-practice-202605181404,https://smarticle.tech/ar/article/photography-as-art-aesthetics-documentary-tradition-and-digital-practice-202605181404,Visual Arts,On Photography,https://doi.org/10.2307/430505,"Arnheim, Rudolf, and Susan Sontag. ""On Photography"". crossref, 1978.","Arnheim, Rudolf، وSusan Sontag. ""حول التصوير الفوتوغرافي"". Crossref، 1978."
"Aesthetic Theory: Beauty, Taste, and the Philosophy of Art",نظرية الجمال: الجمال، الذوق، وفلسفة الفن,https://smarticle.tech/en/article/aesthetic-theory-beauty-taste-and-the-philosophy-of-art-202605181414,https://smarticle.tech/ar/article/aesthetic-theory-beauty-taste-and-the-philosophy-of-art-202605181414,Art & Literary Criticism,The Book of Tea,https://archive.org/details/aozorabunko_01276,"The Book of Tea. by Okakura Kakuzō, Okakura Kakuzō, 高玮. (1900). — Cinar Yayinlari. ISBN: 9781522859680",The Book of Tea. بقلم Okakura Kakuzō، Okakura Kakuzō، 高玮. (1900). — Cinar Yayinlari. ردمك: 9781522859680
"Aesthetic Theory: Beauty, Taste, and the Philosophy of Art",نظرية الجمال: الجمال، الذوق، وفلسفة الفن,https://smarticle.tech/en/article/aesthetic-theory-beauty-taste-and-the-philosophy-of-art-202605181414,https://smarticle.tech/ar/article/aesthetic-theory-beauty-taste-and-the-philosophy-of-art-202605181414,Art & Literary Criticism,À rebours,https://archive.org/details/gri_33125012235582,À rebours. by Joris-Karl Huysmans. (1884). — A. Ferroud. - F. Ferroud. ISBN: 9781417903139,À rebours. بقلم Joris-Karl Huysmans. (1884). — A. Ferroud. - F. Ferroud. ردمك: 9781417903139
"Aesthetic Theory: Beauty, Taste, and the Philosophy of Art",نظرية الجمال: الجمال، الذوق، وفلسفة الفن,https://smarticle.tech/en/article/aesthetic-theory-beauty-taste-and-the-philosophy-of-art-202605181414,https://smarticle.tech/ar/article/aesthetic-theory-beauty-taste-and-the-philosophy-of-art-202605181414,Art & Literary Criticism,Walden,https://archive.org/details/waldenorlifei00thor,Walden. by Henry David Thoreau. (1854). — Adaptive Reader. ISBN: 1692921339,Walden. بقلم Henry David Thoreau. (1854). — Adaptive Reader. ردمك: 1692921339
"Aesthetic Theory: Beauty, Taste, and the Philosophy of Art",نظرية الجمال: الجمال، الذوق، وفلسفة الفن,https://smarticle.tech/en/article/aesthetic-theory-beauty-taste-and-the-philosophy-of-art-202605181414,https://smarticle.tech/ar/article/aesthetic-theory-beauty-taste-and-the-philosophy-of-art-202605181414,Art & Literary Criticism,Der Antichrist,https://archive.org/details/eccehomo00niet,Der Antichrist. by Friedrich Nietzsche. (1895). — bnpublishing.com. ISBN: 151481482X,Der Antichrist. بقلم Friedrich Nietzsche. (1895). — bnpublishing.com. ردمك: 151481482X
"Aesthetic Theory: Beauty, Taste, and the Philosophy of Art",نظرية الجمال: الجمال، الذوق، وفلسفة الفن,https://smarticle.tech/en/article/aesthetic-theory-beauty-taste-and-the-philosophy-of-art-202605181414,https://smarticle.tech/ar/article/aesthetic-theory-beauty-taste-and-the-philosophy-of-art-202605181414,Art & Literary Criticism,Don Quijote de la Mancha,https://archive.org/details/elingeniosohidal00cervrs,Don Quijote de la Mancha. by Miguel de Cervantes Saavedra. (1600). — Modern Library. ISBN: 9781420951325,Don Quijote de la Mancha. بقلم Miguel de Cervantes Saavedra. (1600). — Modern Library. ردمك: 9781420951325
"Aesthetic Theory: Beauty, Taste, and the Philosophy of Art",نظرية الجمال: الجمال، الذوق، وفلسفة الفن,https://smarticle.tech/en/article/aesthetic-theory-beauty-taste-and-the-philosophy-of-art-202605181414,https://smarticle.tech/ar/article/aesthetic-theory-beauty-taste-and-the-philosophy-of-art-202605181414,Art & Literary Criticism,The Principles of Aesthetics,https://www.gutenberg.org/ebooks/6366,"The Principles of Aesthetics. by Parker, De Witt H. (De Witt Henry). — Project Gutenberg","The Principles of Aesthetics. بقلم Parker, De Witt H. (De Witt Henry). — Project Gutenberg"
"Aesthetic Theory: Beauty, Taste, and the Philosophy of Art",نظرية الجمال: الجمال، الذوق، وفلسفة الفن,https://smarticle.tech/en/article/aesthetic-theory-beauty-taste-and-the-philosophy-of-art-202605181414,https://smarticle.tech/ar/article/aesthetic-theory-beauty-taste-and-the-philosophy-of-art-202605181414,Art & Literary Criticism,The Beautiful: An Introduction to Psychological Aesthetics,https://www.gutenberg.org/ebooks/26942,"The Beautiful: An Introduction to Psychological Aesthetics. by Lee, Vernon. — Project Gutenberg","The Beautiful: An Introduction to Psychological Aesthetics. بقلم Lee, Vernon. — Project Gutenberg"
"Aesthetic Theory: Beauty, Taste, and the Philosophy of Art",نظرية الجمال: الجمال، الذوق، وفلسفة الفن,https://smarticle.tech/en/article/aesthetic-theory-beauty-taste-and-the-philosophy-of-art-202605181414,https://smarticle.tech/ar/article/aesthetic-theory-beauty-taste-and-the-philosophy-of-art-202605181414,Art & Literary Criticism,La Poetica,https://archive.org/details/metaphysicsofari00aris,"La Poetica. by Aristotle. (1479). — Ediciones de la Biblioteca, Universidad Central de Venezuela. ISBN: 0140446192","La Poetica. بقلم Aristotle. (1479). — Ediciones de la Biblioteca, Universidad Central de Venezuela. ردمك: 0140446192"
"Aesthetic Theory: Beauty, Taste, and the Philosophy of Art",نظرية الجمال: الجمال، الذوق، وفلسفة الفن,https://smarticle.tech/en/article/aesthetic-theory-beauty-taste-and-the-philosophy-of-art-202605181414,https://smarticle.tech/ar/article/aesthetic-theory-beauty-taste-and-the-philosophy-of-art-202605181414,Art & Literary Criticism,Beauty and the Aesthetic Experience in Classical Arabic Thought,https://doi.org/10.5040/9780755699353.ch-001,"""Beauty and the Aesthetic Experience in Classical Arabic Thought"". crossref, 2001.","""الجمال والتجربة الجمالية في الفكر العربي الكلاسيكي"". *crossref*، 2001."
"Aesthetic Theory: Beauty, Taste, and the Philosophy of Art",نظرية الجمال: الجمال، الذوق، وفلسفة الفن,https://smarticle.tech/en/article/aesthetic-theory-beauty-taste-and-the-philosophy-of-art-202605181414,https://smarticle.tech/ar/article/aesthetic-theory-beauty-taste-and-the-philosophy-of-art-202605181414,Art & Literary Criticism,"Kant, Beauty, and the Object of Taste",https://doi.org/10.2307/429035,"Petock, Stuart Jay. ""Kant, Beauty, and the Object of Taste"". *crossref*, 1973.","بيتروك، ستيوارت جاي. ""كانط، الجمال، وموضوع الذوق"". *crossref*، 1973."
Structuralism and Semiotics in Literary and Cultural Analysis,البنيوية والسيميائية في التحليل الأدبي والثقافي,https://smarticle.tech/en/article/structuralism-and-semiotics-in-literary-and-cultural-analysis-202605181426,https://smarticle.tech/ar/article/structuralism-and-semiotics-in-literary-and-cultural-analysis-202605181426,Art & Literary Criticism,"Class, codes and control",https://archive.org/details/classcodescontro0000unse,"Class, codes and control. by Basil B. Bernstein. (1971). — Routledge and K. Paul. ISBN: 0710070608","Class, codes and control. بقلم Basil B. Bernstein. (1971). — Routledge and K. Paul. ردمك: 0710070608"
Structuralism and Semiotics in Literary and Cultural Analysis,البنيوية والسيميائية في التحليل الأدبي والثقافي,https://smarticle.tech/en/article/structuralism-and-semiotics-in-literary-and-cultural-analysis-202605181426,https://smarticle.tech/ar/article/structuralism-and-semiotics-in-literary-and-cultural-analysis-202605181426,Art & Literary Criticism,Language and materialism,https://archive.org/details/languagematerial0000cowa,"Language and materialism. by Rosalind Coward, John Ellis. (1977). — Routledge. ISBN: 1134997108",Language and materialism. بقلم Rosalind Coward، John Ellis. (1977). — Routledge. ردمك: 1134997108
Structuralism and Semiotics in Literary and Cultural Analysis,البنيوية والسيميائية في التحليل الأدبي والثقافي,https://smarticle.tech/en/article/structuralism-and-semiotics-in-literary-and-cultural-analysis-202605181426,https://smarticle.tech/ar/article/structuralism-and-semiotics-in-literary-and-cultural-analysis-202605181426,Art & Literary Criticism,Culture & communication,https://openlibrary.org/works/OL1345766W,"Culture & communication. by Edmund Ronald Leach, Jesús Jáuregui, Ma. Eugenia Olavarría. (1976). — Universidad Autónoma Metropolitana-Unidad Iztapalapa. ISBN: 052129052X",Culture & communication. بقلم Edmund Ronald Leach، Jesús Jáuregui، Ma. Eugenia Olavarría. (1976). — Universidad Autónoma Metropolitana-Unidad Iztapalapa. ردمك: 052129052X
Structuralism and Semiotics in Literary and Cultural Analysis,البنيوية والسيميائية في التحليل الأدبي والثقافي,https://smarticle.tech/en/article/structuralism-and-semiotics-in-literary-and-cultural-analysis-202605181426,https://smarticle.tech/ar/article/structuralism-and-semiotics-in-literary-and-cultural-analysis-202605181426,Art & Literary Criticism,Structure of texts and semiotics of culture,https://openlibrary.org/works/OL6499922W,"Structure of texts and semiotics of culture. by Jan van der Eng. (1973). — De Gruyter, Inc.. ISBN: 9783110802962","Structure of texts and semiotics of culture. بقلم Jan van der Eng. (1973). — De Gruyter, Inc.. ردمك: 9783110802962"
Structuralism and Semiotics in Literary and Cultural Analysis,البنيوية والسيميائية في التحليل الأدبي والثقافي,https://smarticle.tech/en/article/structuralism-and-semiotics-in-literary-and-cultural-analysis-202605181426,https://smarticle.tech/ar/article/structuralism-and-semiotics-in-literary-and-cultural-analysis-202605181426,Art & Literary Criticism,After Poststructuralism,https://openlibrary.org/works/OL16940644W,After Poststructuralism. by Colin Davis. (2003). — Taylor & Francis Group. ISBN: 9781280074424,After Poststructuralism. بقلم Colin Davis. (2003). — Taylor & Francis Group. ردمك: 9781280074424
Structuralism and Semiotics in Literary and Cultural Analysis,البنيوية والسيميائية في التحليل الأدبي والثقافي,https://smarticle.tech/en/article/structuralism-and-semiotics-in-literary-and-cultural-analysis-202605181426,https://smarticle.tech/ar/article/structuralism-and-semiotics-in-literary-and-cultural-analysis-202605181426,Art & Literary Criticism,Deleuze and Guattari,https://archive.org/details/deleuzeguattari0000bogu,Deleuze and Guattari. by Ronald Bogue. (1989). — Routledge. ISBN: 9780415020176,Deleuze and Guattari. بقلم Ronald Bogue. (1989). — Routledge. ردمك: 9780415020176
Structuralism and Semiotics in Literary and Cultural Analysis,البنيوية والسيميائية في التحليل الأدبي والثقافي,https://smarticle.tech/en/article/structuralism-and-semiotics-in-literary-and-cultural-analysis-202605181426,https://smarticle.tech/ar/article/structuralism-and-semiotics-in-literary-and-cultural-analysis-202605181426,Art & Literary Criticism,Outside Literature,https://archive.org/details/outsideliteratur0000benn,Outside Literature. by Tony Bennett - undifferentiated. (1990). — Routledge. ISBN: 9780415010948,Outside Literature. بقلم Tony Bennett - undifferentiated. (1990). — Routledge. ردمك: 9780415010948
Structuralism and Semiotics in Literary and Cultural Analysis,البنيوية والسيميائية في التحليل الأدبي والثقافي,https://smarticle.tech/en/article/structuralism-and-semiotics-in-literary-and-cultural-analysis-202605181426,https://smarticle.tech/ar/article/structuralism-and-semiotics-in-literary-and-cultural-analysis-202605181426,Art & Literary Criticism,"Roland Barthes, ras le bol!",https://openlibrary.org/works/OL2444393W,"Roland Barthes, ras le bol!. by René Pommier. (1987). — Editions Roblot. ISBN: 2856670261","Roland Barthes, ras le bol!. بقلم René Pommier. (1987). — Editions Roblot. ردمك: 2856670261"
Structuralism and Semiotics in Literary and Cultural Analysis,البنيوية والسيميائية في التحليل الأدبي والثقافي,https://smarticle.tech/en/article/structuralism-and-semiotics-in-literary-and-cultural-analysis-202605181426,https://smarticle.tech/ar/article/structuralism-and-semiotics-in-literary-and-cultural-analysis-202605181426,Art & Literary Criticism,Cultural theory and popular culture: from structuralism to semiotics,https://doi.org/10.1017/cbo9780511581755.004,"John Storey. ""Cultural theory and popular culture: from structuralism to semiotics"". *crossref*, 1997.","جون ستوري. ""النظرية الثقافية والثقافة الشعبية: من البنيوية إلى السيميائيات"". *كروسريف*، 1997."
Structuralism and Semiotics in Literary and Cultural Analysis,البنيوية والسيميائية في التحليل الأدبي والثقافي,https://smarticle.tech/en/article/structuralism-and-semiotics-in-literary-and-cultural-analysis-202605181426,https://smarticle.tech/ar/article/structuralism-and-semiotics-in-literary-and-cultural-analysis-202605181426,Art & Literary Criticism,French Structuralism and Literary History: Some Critiques and Reconsiderations,https://doi.org/10.2307/468529,"Weimann, Robert. ""French Structuralism and Literary History: Some Critiques and Reconsiderations"". *crossref*, 1973.","روبرت وايمان. ""البنيوية الفرنسية والتاريخ الأدبي: بعض الانتقادات وإعادة النظر"". *كروسريف*، 1973."
